{"type":"FeatureCollection","features":[{"type":"Feature","geometry":{"type":"Polygon","coordinates":[[[76.3845,9.30518],[76.39353,9.28657],[76.39627,9.28174],[76.39993,9.27284],[76.40747,9.25575],[76.4159,9.23787],[76.43245,9.20183],[76.43757,9.18952],[76.44818,9.1674],[76.45294,9.1568],[76.46343,9.13524],[76.46635,9.13047],[76.47032,9.13147],[76.47323,9.12996],[76.47328,9.12727],[76.47888,9.1281],[76.48483,9.1263],[76.49385,9.12542],[76.50565,9.12645],[76.50307,9.13497],[76.50857,9.1367],[76.51499,9.13751],[76.52618,9.13598],[76.52858,9.13488],[76.54161,9.13508],[76.54142,9.12841],[76.54322,9.12609],[76.54633,9.12612],[76.54973,9.11361],[76.55123,9.11072],[76.55788,9.1098],[76.56856,9.1118],[76.57249,9.11644],[76.57629,9.11751],[76.57952,9.1152],[76.58361,9.11822],[76.58511,9.12184],[76.58843,9.12318],[76.58879,9.12789],[76.59126,9.13162],[76.5987,9.132],[76.60335,9.13024],[76.61458,9.13101],[76.62021,9.13534],[76.62323,9.13854],[76.62639,9.13721],[76.63279,9.13814],[76.63529,9.14084],[76.6367,9.14254],[76.6381,9.14826],[76.64195,9.14669],[76.64604,9.1467],[76.6488,9.14963],[76.66095,9.14947],[76.67078,9.15256],[76.67424,9.15444],[76.67206,9.16035],[76.67155,9.16426],[76.67478,9.17004],[76.6814,9.17208],[76.68556,9.16925],[76.68784,9.16903],[76.69069,9.17696],[76.68537,9.17921],[76.68094,9.18231],[76.67671,9.18286],[76.67704,9.18568],[76.67555,9.18925],[76.67705,9.19392],[76.67132,9.19533],[76.66821,9.20011],[76.66079,9.20131],[76.65711,9.20482],[76.65175,9.20412],[76.64705,9.20798],[76.6471,9.21055],[76.64543,9.21505],[76.64619,9.21711],[76.64505,9.22383],[76.64171,9.22817],[76.63926,9.23411],[76.64378,9.23503],[76.64735,9.23769],[76.64938,9.23614],[76.65398,9.23785],[76.65381,9.24043],[76.6564,9.2419],[76.6579,9.24411],[76.65861,9.25024],[76.65754,9.25071],[76.65805,9.25781],[76.65483,9.26066],[76.65691,9.26429],[76.66436,9.26604],[76.66322,9.26971],[76.66779,9.27],[76.66814,9.27227],[76.66605,9.27504],[76.67062,9.27731],[76.67216,9.28],[76.67702,9.28323],[76.67508,9.28557],[76.67574,9.28936],[76.66427,9.2889],[76.66245,9.28748],[76.65584,9.28986],[76.65144,9.28975],[76.65111,9.29573],[76.65157,9.3006],[76.6506,9.304],[76.65113,9.30793],[76.64925,9.30959],[76.64566,9.30961],[76.64417,9.31231],[76.6442,9.3153],[76.64208,9.31671],[76.64152,9.32338],[76.63931,9.32602],[76.63537,9.32709],[76.63963,9.32964],[76.64111,9.33212],[76.64207,9.33337],[76.64049,9.3369],[76.64164,9.34106],[76.63038,9.34262],[76.62805,9.34181],[76.62823,9.33732],[76.62009,9.33944],[76.6135,9.34301],[76.61145,9.34312],[76.6101,9.34204],[76.60566,9.34529],[76.60316,9.34413],[76.60021,9.34716],[76.59777,9.34646],[76.5961,9.35216],[76.59313,9.35256],[76.59086,9.35118],[76.58716,9.35181],[76.58506,9.34844],[76.57919,9.35092],[76.57958,9.35355],[76.57413,9.3539],[76.57261,9.35575],[76.56685,9.35609],[76.56518,9.35316],[76.56312,9.35411],[76.55919,9.35087],[76.55524,9.35046],[76.55249,9.35235],[76.54969,9.34973],[76.55424,9.34551],[76.55981,9.34341],[76.55623,9.34062],[76.55637,9.33883],[76.55308,9.33487],[76.55356,9.33178],[76.55264,9.32822],[76.55032,9.32468],[76.54618,9.32546],[76.54266,9.32317],[76.53677,9.32209],[76.53304,9.32526],[76.53108,9.32956],[76.527,9.32595],[76.5182,9.32731],[76.50214,9.32371],[76.4978,9.32344],[76.4942,9.32476],[76.49335,9.3265],[76.48766,9.3287],[76.48211,9.32806],[76.47446,9.32813],[76.47336,9.33242],[76.47571,9.33577],[76.47493,9.33784],[76.47817,9.33908],[76.47838,9.341],[76.4796,9.34059],[76.48249,9.34576],[76.48878,9.3476],[76.49568,9.34723],[76.50086,9.35063],[76.5056,9.35178],[76.5086,9.35486],[76.51339,9.35483],[76.5135,9.36243],[76.51781,9.36633],[76.52123,9.36545],[76.52363,9.36786],[76.5141,9.36999],[76.51255,9.37318],[76.50968,9.37581],[76.51044,9.38234],[76.51241,9.38291],[76.51201,9.38624],[76.514,9.39126],[76.51116,9.39285],[76.51329,9.40072],[76.50603,9.40484],[76.50726,9.40796],[76.50598,9.41239],[76.5097,9.41848],[76.50549,9.42547],[76.50747,9.43207],[76.51143,9.43671],[76.50843,9.43843],[76.50282,9.43853],[76.50262,9.44016],[76.49791,9.44027],[76.49515,9.44461],[76.49789,9.44896],[76.49742,9.45289],[76.50089,9.45825],[76.50234,9.46257],[76.50566,9.46747],[76.50645,9.47088],[76.50594,9.47618],[76.50879,9.47786],[76.50878,9.48085],[76.50703,9.48568],[76.50695,9.48982],[76.50898,9.49874],[76.51077,9.49992],[76.50785,9.50437],[76.50295,9.50342],[76.49813,9.50373],[76.49539,9.50715],[76.49001,9.50793],[76.48172,9.50869],[76.48032,9.50736],[76.47936,9.5376],[76.46548,9.54216],[76.46618,9.56165],[76.44856,9.55751],[76.43855,9.55421],[76.43554,9.55198],[76.4265,9.54963],[76.42273,9.55585],[76.41527,9.55839],[76.41411,9.56334],[76.40444,9.55946],[76.40465,9.55389],[76.3922,9.5477],[76.39308,9.56259],[76.39534,9.58912],[76.39853,9.62693],[76.39965,9.63981],[76.39728,9.64902],[76.39648,9.65267],[76.39889,9.67166],[76.40138,9.67774],[76.40264,9.68592],[76.3958,9.6883],[76.3757,9.69738],[76.37749,9.71249],[76.38024,9.72782],[76.3807,9.75144],[76.37661,9.76219],[76.37176,9.77037],[76.37092,9.77717],[76.36918,9.78204],[76.36646,9.78652],[76.36501,9.7923],[76.3652,9.7948],[76.36731,9.79997],[76.37654,9.81168],[76.37929,9.81387],[76.38122,9.81728],[76.38122,9.82173],[76.37914,9.8265],[76.37769,9.83203],[76.3728,9.83672],[76.37151,9.83861],[76.37001,9.8472],[76.36984,9.85259],[76.37192,9.85553],[76.36553,9.86802],[76.36188,9.87082],[76.35714,9.88028],[76.35336,9.88397],[76.35047,9.88186],[76.33615,9.87698],[76.32969,9.87748],[76.3252,9.87944],[76.32221,9.88116],[76.3106,9.88371],[76.30303,9.89017],[76.29664,9.89138],[76.29267,9.89058],[76.29256,9.88352],[76.29387,9.87879],[76.29383,9.87302],[76.29558,9.86408],[76.29533,9.85961],[76.29724,9.85532],[76.29727,9.85216],[76.29568,9.85106],[76.28618,9.84956],[76.28403,9.83654],[76.27964,9.83114],[76.27948,9.82683],[76.28364,9.81722],[76.28691,9.8187],[76.29092,9.80666],[76.28251,9.805],[76.2817,9.80078],[76.28272,9.79927],[76.28395,9.7911],[76.2772,9.78907],[76.27954,9.77608],[76.28301,9.75374],[76.28278,9.75141],[76.28483,9.73202],[76.28707,9.70692],[76.28826,9.69813],[76.28976,9.68263],[76.29447,9.63988],[76.29563,9.62759],[76.29714,9.61832],[76.29938,9.59538],[76.30162,9.57836],[76.30548,9.5515],[76.30773,9.53848],[76.30971,9.52949],[76.31332,9.50982],[76.31706,9.494],[76.31908,9.48523],[76.32133,9.47751],[76.32823,9.44881],[76.33361,9.42963],[76.33855,9.41388],[76.34158,9.40337],[76.34747,9.38775],[76.35154,9.37794],[76.36146,9.35765],[76.36729,9.34515],[76.37132,9.33524],[76.38098,9.31465],[76.3845,9.30518]]]},"properties":{"level":"district","code":"ALP","name":"Alappuzha"}},{"type":"Feature","geometry":{"type":"Polygon","coordinates":[[[76.37584,10.2441],[76.37218,10.2411],[76.35798,10.23699],[76.34207,10.23184],[76.34088,10.23069],[76.34073,10.22637],[76.33813,10.22602],[76.33674,10.22159],[76.33629,10.21638],[76.33519,10.21343],[76.33253,10.21274],[76.33124,10.20946],[76.32496,10.20761],[76.31366,10.2068],[76.31073,10.20545],[76.31066,10.19902],[76.31174,10.19384],[76.31198,10.18242],[76.30191,10.18537],[76.2979,10.17714],[76.29525,10.17595],[76.28947,10.17792],[76.286,10.17786],[76.28393,10.17579],[76.28022,10.17469],[76.27512,10.17551],[76.27362,10.18012],[76.27206,10.18072],[76.27117,10.18479],[76.26691,10.18565],[76.26127,10.18987],[76.26166,10.19506],[76.25966,10.19793],[76.26396,10.19877],[76.26027,10.20221],[76.25846,10.20108],[76.25428,10.20267],[76.24975,10.20075],[76.24616,10.20188],[76.24269,10.20518],[76.24174,10.20336],[76.23727,10.20445],[76.23523,10.20266],[76.23271,10.20416],[76.22538,10.20537],[76.21973,10.20702],[76.21349,10.20132],[76.21232,10.19786],[76.21372,10.19416],[76.20414,10.19466],[76.19806,10.19263],[76.19061,10.19216],[76.18523,10.1909],[76.1749,10.18619],[76.1691,10.18487],[76.16484,10.1798],[76.16671,10.17095],[76.17153,10.15982],[76.1779,10.14173],[76.18206,10.12816],[76.18344,10.12529],[76.1858,10.11656],[76.18814,10.10521],[76.19294,10.08593],[76.19423,10.08286],[76.19746,10.07025],[76.19856,10.06457],[76.20188,10.053],[76.20346,10.0508],[76.20734,10.03988],[76.21117,10.02667],[76.21263,10.02556],[76.216,10.01355],[76.2185,10.00651],[76.21966,10.00125],[76.2223,10.00001],[76.22291,9.99479],[76.23002,9.97817],[76.23166,9.97606],[76.23462,9.97499],[76.23811,9.96925],[76.24002,9.96797],[76.23652,9.96463],[76.23799,9.95336],[76.24139,9.94542],[76.24266,9.94234],[76.24888,9.92357],[76.25191,9.91666],[76.25202,9.91467],[76.25463,9.90608],[76.26014,9.88287],[76.26158,9.87152],[76.26521,9.85344],[76.26942,9.83399],[76.27058,9.82424],[76.27411,9.80665],[76.2772,9.78907],[76.28395,9.7911],[76.28272,9.79927],[76.2817,9.80078],[76.28251,9.805],[76.29092,9.80666],[76.28691,9.8187],[76.28364,9.81722],[76.27948,9.82683],[76.27964,9.83114],[76.28403,9.83654],[76.28618,9.84956],[76.29568,9.85106],[76.29727,9.85216],[76.29724,9.85532],[76.29533,9.85961],[76.29558,9.86408],[76.29383,9.87302],[76.29387,9.87879],[76.29256,9.88352],[76.29267,9.89058],[76.29664,9.89138],[76.30303,9.89017],[76.3106,9.88371],[76.32221,9.88116],[76.3252,9.87944],[76.32969,9.87748],[76.33615,9.87698],[76.35047,9.88186],[76.35336,9.88397],[76.35714,9.88028],[76.36188,9.87082],[76.36553,9.86802],[76.37192,9.85553],[76.36984,9.85259],[76.37001,9.8472],[76.37151,9.83861],[76.3728,9.83672],[76.37539,9.83792],[76.38041,9.84303],[76.3869,9.84457],[76.38879,9.84383],[76.39407,9.83128],[76.39592,9.82983],[76.40371,9.83043],[76.40647,9.83011],[76.40819,9.82739],[76.41128,9.82811],[76.4143,9.82234],[76.42137,9.82339],[76.4298,9.8256],[76.43585,9.82968],[76.44452,9.83379],[76.44756,9.83578],[76.44962,9.84089],[76.45396,9.84142],[76.45696,9.84666],[76.46133,9.85088],[76.46033,9.847],[76.47443,9.84214],[76.47778,9.84403],[76.4829,9.84282],[76.48589,9.84597],[76.49213,9.84948],[76.4981,9.85144],[76.50295,9.85095],[76.5096,9.85113],[76.5144,9.84912],[76.5153,9.84664],[76.51427,9.84398],[76.51596,9.83998],[76.51798,9.83868],[76.51947,9.83454],[76.51719,9.83324],[76.51953,9.82771],[76.51986,9.82422],[76.52428,9.82702],[76.52724,9.82511],[76.52897,9.82589],[76.53895,9.82309],[76.53918,9.81458],[76.54469,9.81307],[76.54251,9.80888],[76.54443,9.80116],[76.55498,9.80226],[76.55707,9.80477],[76.55683,9.80709],[76.55902,9.81044],[76.55889,9.81538],[76.56366,9.81953],[76.56453,9.82324],[76.56697,9.82516],[76.57244,9.82247],[76.57544,9.82011],[76.58069,9.82243],[76.58199,9.82707],[76.5809,9.83587],[76.58205,9.83676],[76.58017,9.8431],[76.58694,9.84188],[76.58942,9.84492],[76.59121,9.84229],[76.59421,9.84632],[76.5965,9.84533],[76.59886,9.84639],[76.60365,9.84505],[76.60494,9.8407],[76.611,9.83893],[76.61635,9.8389],[76.61342,9.84396],[76.60913,9.84917],[76.60957,9.85134],[76.61224,9.85288],[76.61559,9.8521],[76.61906,9.85622],[76.62488,9.85717],[76.62886,9.85558],[76.63185,9.85686],[76.63324,9.865],[76.6322,9.87136],[76.63743,9.87331],[76.63576,9.87828],[76.63614,9.88391],[76.63275,9.88535],[76.63046,9.88874],[76.63116,9.89471],[76.62867,9.90003],[76.63164,9.90575],[76.62946,9.91344],[76.6343,9.9174],[76.64192,9.91764],[76.64881,9.92151],[76.65309,9.91829],[76.65511,9.91795],[76.65766,9.92023],[76.65958,9.91728],[76.66439,9.91646],[76.67176,9.919],[76.67805,9.91681],[76.68138,9.91757],[76.68178,9.91184],[76.69133,9.90726],[76.69436,9.90748],[76.69695,9.90963],[76.69802,9.91496],[76.70151,9.91659],[76.69872,9.91952],[76.69563,9.9153],[76.69287,9.91898],[76.69352,9.92052],[76.69016,9.9228],[76.68331,9.92425],[76.68994,9.92937],[76.69239,9.93232],[76.69455,9.93087],[76.7,9.93113],[76.70362,9.93884],[76.70783,9.94112],[76.70975,9.94342],[76.71317,9.94299],[76.71431,9.94669],[76.71165,9.94882],[76.7126,9.95343],[76.71515,9.95449],[76.71675,9.95253],[76.72196,9.95225],[76.72443,9.95718],[76.71928,9.95969],[76.71564,9.96403],[76.71504,9.97023],[76.71143,9.97305],[76.71102,9.97708],[76.71223,9.98202],[76.71626,9.98701],[76.71982,9.98612],[76.72338,9.98148],[76.72835,9.98319],[76.73085,9.98488],[76.73642,9.98482],[76.74474,9.99071],[76.74757,9.98901],[76.75426,9.98791],[76.7586,9.98555],[76.76411,9.9813],[76.76469,9.98415],[76.76217,9.98734],[76.76028,9.99158],[76.76345,9.99162],[76.76761,9.99549],[76.76623,9.99762],[76.76888,10.00144],[76.76471,10.01105],[76.76516,10.01586],[76.7668,10.01955],[76.77728,10.02241],[76.77903,10.0238],[76.77785,10.03062],[76.78095,10.03477],[76.78402,10.03596],[76.78571,10.0346],[76.79163,10.03303],[76.79431,10.02899],[76.79881,10.02921],[76.80308,10.02666],[76.80533,10.02682],[76.81052,10.02118],[76.81338,10.02034],[76.81807,10.017],[76.82634,10.01267],[76.82944,10.0131],[76.8335,10.0117],[76.83785,10.01171],[76.83681,10.02215],[76.83963,10.02448],[76.83669,10.02546],[76.83195,10.02549],[76.82546,10.02903],[76.81722,10.0349],[76.81375,10.03571],[76.80972,10.03532],[76.80531,10.03983],[76.79636,10.04184],[76.79435,10.04392],[76.78906,10.04627],[76.78545,10.04989],[76.78607,10.05189],[76.78299,10.05728],[76.78109,10.05915],[76.77577,10.05986],[76.77475,10.06384],[76.77002,10.06642],[76.77913,10.06643],[76.79272,10.06383],[76.79549,10.06559],[76.80008,10.06342],[76.80207,10.06494],[76.8066,10.06604],[76.80079,10.06026],[76.8036,10.05752],[76.80977,10.05846],[76.80995,10.06279],[76.81733,10.06165],[76.8225,10.06426],[76.81985,10.06557],[76.81633,10.069],[76.81727,10.07157],[76.81399,10.08042],[76.81643,10.08391],[76.82012,10.08693],[76.81997,10.08905],[76.82428,10.0903],[76.83816,10.08406],[76.84523,10.07929],[76.85684,10.07616],[76.86466,10.07365],[76.86469,10.07811],[76.86306,10.08071],[76.86427,10.08936],[76.864,10.09097],[76.87104,10.0991],[76.88066,10.1126],[76.8866,10.12334],[76.89167,10.13122],[76.89501,10.13312],[76.89646,10.13541],[76.90426,10.14051],[76.90545,10.14383],[76.90338,10.14727],[76.9061,10.15126],[76.9066,10.1551],[76.90825,10.15577],[76.91262,10.16241],[76.91268,10.16559],[76.91811,10.16811],[76.92113,10.17597],[76.92838,10.17901],[76.9317,10.17748],[76.93278,10.17544],[76.94067,10.17145],[76.94935,10.17034],[76.95237,10.1692],[76.95535,10.16598],[76.96244,10.16398],[76.96654,10.15979],[76.96858,10.16082],[76.97221,10.16001],[76.97632,10.16099],[76.98044,10.16479],[76.9828,10.16582],[76.98555,10.16497],[76.98887,10.16087],[76.99408,10.16315],[76.99766,10.16246],[77.00059,10.1651],[77.00258,10.17052],[77.00538,10.16963],[77.01186,10.17308],[77.01438,10.17264],[77.01618,10.17578],[77.02336,10.17843],[77.02476,10.17571],[77.02829,10.17238],[77.03646,10.17341],[77.04271,10.17677],[77.04843,10.17645],[77.05749,10.17817],[77.0614,10.16988],[77.06795,10.1744],[77.07305,10.17442],[77.07509,10.17336],[77.07694,10.17586],[77.08054,10.17147],[77.0851,10.17454],[77.08677,10.17699],[77.08913,10.18303],[77.08354,10.18658],[77.08043,10.19125],[77.08037,10.19297],[77.07542,10.19498],[77.07599,10.197],[77.0701,10.19724],[77.06684,10.19568],[77.06552,10.1991],[77.06815,10.20322],[77.06832,10.20671],[77.06229,10.21028],[77.05546,10.21174],[77.05069,10.20816],[77.0488,10.20584],[77.04326,10.20679],[77.04293,10.20349],[77.04008,10.20325],[77.03269,10.20493],[77.02378,10.21177],[77.0201,10.2129],[77.02238,10.21692],[77.01718,10.2193],[77.01431,10.22436],[77.02031,10.22861],[77.02423,10.2299],[77.03066,10.22864],[77.03927,10.23085],[77.04534,10.23372],[77.04835,10.23083],[77.05752,10.23425],[77.06049,10.23623],[77.06284,10.24259],[77.06147,10.24993],[77.05598,10.25342],[77.05467,10.2573],[77.0506,10.26175],[77.04638,10.25809],[77.0429,10.25685],[77.04063,10.25266],[77.03156,10.25224],[77.02765,10.24986],[77.02519,10.24976],[77.01749,10.24563],[77.01467,10.24585],[77.01065,10.23995],[77.00547,10.2384],[77.00418,10.23494],[77.00148,10.23534],[76.99903,10.23037],[76.99318,10.23035],[76.99046,10.22809],[76.99088,10.22638],[76.98677,10.22328],[76.9845,10.22298],[76.98217,10.22023],[76.98048,10.22379],[76.97347,10.22543],[76.97145,10.22938],[76.96581,10.23061],[76.96169,10.23311],[76.95594,10.2343],[76.9532,10.23209],[76.94888,10.23341],[76.94754,10.23687],[76.9447,10.23655],[76.93859,10.23887],[76.93473,10.23641],[76.93236,10.23645],[76.92562,10.23286],[76.92156,10.23218],[76.91264,10.23474],[76.90984,10.23672],[76.90826,10.24085],[76.903,10.2403],[76.90546,10.24792],[76.90455,10.25076],[76.90121,10.25184],[76.89634,10.25383],[76.89697,10.25732],[76.89557,10.25856],[76.88879,10.25757],[76.88205,10.26016],[76.87786,10.26039],[76.87777,10.26252],[76.87986,10.26712],[76.87893,10.2695],[76.87127,10.27162],[76.86879,10.26936],[76.86566,10.27028],[76.8654,10.27301],[76.86057,10.27307],[76.85461,10.27713],[76.85248,10.27708],[76.84763,10.28083],[76.8424,10.28042],[76.84023,10.28331],[76.83603,10.28371],[76.83247,10.27609],[76.82878,10.27545],[76.82622,10.28098],[76.81824,10.28305],[76.81371,10.28521],[76.80975,10.28606],[76.80416,10.28517],[76.80061,10.28156],[76.79872,10.27842],[76.79515,10.27757],[76.79288,10.28023],[76.78894,10.27794],[76.78333,10.27765],[76.78011,10.27644],[76.77644,10.27673],[76.77417,10.27515],[76.77441,10.27122],[76.76933,10.26917],[76.75996,10.2694],[76.75346,10.27422],[76.75105,10.27817],[76.7389,10.27445],[76.73535,10.27186],[76.72876,10.27027],[76.71783,10.26925],[76.70616,10.26969],[76.70458,10.26681],[76.69875,10.26541],[76.69567,10.26393],[76.68765,10.26666],[76.66982,10.27136],[76.66551,10.27374],[76.66197,10.27694],[76.66192,10.27997],[76.64586,10.28027],[76.64111,10.27454],[76.63561,10.27303],[76.62711,10.27265],[76.62407,10.27424],[76.62129,10.27351],[76.61876,10.28032],[76.60333,10.28023],[76.59961,10.28461],[76.59467,10.28804],[76.59004,10.29244],[76.58985,10.29893],[76.58562,10.2981],[76.58177,10.30103],[76.57652,10.30254],[76.56708,10.29451],[76.56624,10.29255],[76.57281,10.28672],[76.57136,10.28414],[76.56715,10.28513],[76.56074,10.28459],[76.55303,10.28297],[76.54688,10.289],[76.54212,10.28946],[76.53311,10.28773],[76.52545,10.28451],[76.52181,10.28466],[76.51675,10.28758],[76.50612,10.2891],[76.5,10.28746],[76.49745,10.28794],[76.49424,10.29232],[76.49146,10.29408],[76.48842,10.29425],[76.48302,10.29203],[76.47828,10.29314],[76.47243,10.29175],[76.4675,10.29406],[76.45919,10.29659],[76.44773,10.29686],[76.44282,10.29339],[76.43687,10.29435],[76.43134,10.29004],[76.42781,10.28953],[76.42351,10.29199],[76.41541,10.29434],[76.41716,10.28881],[76.41163,10.28762],[76.41342,10.28113],[76.40135,10.27597],[76.39703,10.26757],[76.39253,10.2666],[76.39005,10.26404],[76.39138,10.25537],[76.38295,10.25468],[76.37783,10.25485],[76.37747,10.25],[76.37938,10.24506],[76.37584,10.2441]]]},"properties":{"level":"district","code":"EKM","name":"Ernakulam"}},{"type":"Feature","geometry":{"type":"Polygon","coordinates":[[[76.83963,10.02448],[76.83681,10.02215],[76.83785,10.01171],[76.8335,10.0117],[76.82944,10.0131],[76.82634,10.01267],[76.81807,10.017],[76.81338,10.02034],[76.81052,10.02118],[76.80533,10.02682],[76.80308,10.02666],[76.79881,10.02921],[76.79431,10.02899],[76.79163,10.03303],[76.78571,10.0346],[76.78402,10.03596],[76.78095,10.03477],[76.77785,10.03062],[76.77903,10.0238],[76.77728,10.02241],[76.7668,10.01955],[76.76516,10.01586],[76.76471,10.01105],[76.76888,10.00144],[76.76623,9.99762],[76.76761,9.99549],[76.76345,9.99162],[76.76028,9.99158],[76.76217,9.98734],[76.76469,9.98415],[76.76411,9.9813],[76.7586,9.98555],[76.75426,9.98791],[76.74757,9.98901],[76.74474,9.99071],[76.73642,9.98482],[76.73085,9.98488],[76.72835,9.98319],[76.72338,9.98148],[76.71982,9.98612],[76.71626,9.98701],[76.71223,9.98202],[76.71102,9.97708],[76.71143,9.97305],[76.71504,9.97023],[76.71564,9.96403],[76.71928,9.95969],[76.72443,9.95718],[76.72196,9.95225],[76.71675,9.95253],[76.71515,9.95449],[76.7126,9.95343],[76.71165,9.94882],[76.71431,9.94669],[76.71317,9.94299],[76.70975,9.94342],[76.70783,9.94112],[76.70362,9.93884],[76.7,9.93113],[76.69455,9.93087],[76.69239,9.93232],[76.68994,9.92937],[76.68331,9.92425],[76.69016,9.9228],[76.69352,9.92052],[76.69287,9.91898],[76.69563,9.9153],[76.69872,9.91952],[76.70151,9.91659],[76.69802,9.91496],[76.69695,9.90963],[76.69436,9.90748],[76.69133,9.90726],[76.68178,9.91184],[76.68138,9.91757],[76.67805,9.91681],[76.67176,9.919],[76.66439,9.91646],[76.65958,9.91728],[76.65766,9.92023],[76.65511,9.91795],[76.65309,9.91829],[76.64881,9.92151],[76.64192,9.91764],[76.6343,9.9174],[76.62946,9.91344],[76.63164,9.90575],[76.62867,9.90003],[76.63116,9.89471],[76.63046,9.88874],[76.63275,9.88535],[76.63614,9.88391],[76.63576,9.87828],[76.63743,9.87331],[76.6322,9.87136],[76.63324,9.865],[76.63185,9.85686],[76.62886,9.85558],[76.6271,9.85093],[76.62855,9.84864],[76.63353,9.84608],[76.63871,9.8451],[76.64622,9.84076],[76.65017,9.84122],[76.66126,9.84029],[76.66321,9.83919],[76.66789,9.84388],[76.67473,9.84281],[76.67614,9.83919],[76.67936,9.8382],[76.6824,9.83917],[76.68491,9.83336],[76.69068,9.83461],[76.69171,9.83375],[76.6956,9.83379],[76.69904,9.82558],[76.71027,9.82208],[76.7103,9.81984],[76.71549,9.81818],[76.72058,9.81398],[76.72786,9.81119],[76.72997,9.81238],[76.734,9.80855],[76.73886,9.80688],[76.74218,9.80368],[76.74644,9.80494],[76.75053,9.80627],[76.74967,9.81462],[76.75441,9.81763],[76.75748,9.81551],[76.76538,9.81173],[76.77004,9.80962],[76.77862,9.80833],[76.79488,9.79827],[76.80813,9.78962],[76.81142,9.78491],[76.81471,9.78018],[76.82769,9.77012],[76.82737,9.76391],[76.83535,9.75807],[76.83898,9.75605],[76.8407,9.75294],[76.84313,9.75173],[76.8451,9.74608],[76.84871,9.74042],[76.86048,9.73049],[76.8672,9.73588],[76.86776,9.73001],[76.87407,9.72461],[76.88153,9.72046],[76.88526,9.72016],[76.88987,9.71572],[76.89053,9.71027],[76.89697,9.70093],[76.89744,9.69704],[76.90204,9.68877],[76.90388,9.68327],[76.90245,9.67819],[76.903,9.6763],[76.90814,9.67178],[76.91179,9.67005],[76.91221,9.66606],[76.9146,9.66359],[76.92515,9.65644],[76.92734,9.65281],[76.92519,9.64958],[76.92225,9.64987],[76.91948,9.64722],[76.91831,9.64318],[76.92246,9.63625],[76.92988,9.6303],[76.93159,9.62813],[76.93466,9.62047],[76.93254,9.61958],[76.9283,9.61532],[76.92613,9.6178],[76.9201,9.62096],[76.91737,9.62126],[76.91375,9.62493],[76.90967,9.62656],[76.9068,9.63082],[76.90335,9.63383],[76.89833,9.63404],[76.89455,9.63334],[76.89118,9.62955],[76.89243,9.62198],[76.88727,9.62082],[76.89104,9.61523],[76.88764,9.6108],[76.88985,9.60574],[76.89213,9.60451],[76.89176,9.59992],[76.89393,9.59454],[76.8951,9.58877],[76.89466,9.58572],[76.89146,9.58638],[76.88426,9.5833],[76.883,9.58089],[76.88592,9.57728],[76.88611,9.56864],[76.88701,9.56476],[76.88538,9.56272],[76.88886,9.55412],[76.88819,9.55084],[76.89081,9.54598],[76.88766,9.53771],[76.89629,9.53769],[76.90288,9.53653],[76.90349,9.53116],[76.90293,9.52742],[76.90578,9.52419],[76.90452,9.52152],[76.91188,9.51552],[76.92394,9.50703],[76.92462,9.50482],[76.92751,9.50503],[76.92977,9.50184],[76.93577,9.50448],[76.938,9.50271],[76.95006,9.49001],[76.95476,9.49191],[76.95644,9.49816],[76.95893,9.50058],[76.95706,9.50329],[76.96124,9.5057],[76.96081,9.50799],[76.96458,9.50854],[76.96929,9.5043],[76.96967,9.50111],[76.97428,9.50162],[76.97803,9.49804],[76.98312,9.4901],[76.98407,9.48635],[76.98179,9.48339],[76.98412,9.47975],[76.98463,9.47058],[76.98204,9.46699],[76.97786,9.4674],[76.97479,9.46632],[76.97173,9.46721],[76.96891,9.46463],[76.9739,9.46003],[76.98006,9.45718],[76.98653,9.45179],[76.98997,9.45082],[76.99387,9.44712],[77.0001,9.44655],[77.00083,9.44784],[77.00554,9.44643],[77.00693,9.44509],[77.01585,9.4427],[77.01933,9.43222],[77.01806,9.43034],[77.01344,9.43047],[77.0092,9.42963],[77.00922,9.42005],[77.01203,9.41849],[77.01017,9.41381],[77.00989,9.40849],[77.0124,9.40898],[77.0215,9.40612],[77.02493,9.40907],[77.02817,9.40697],[77.03211,9.40931],[77.03506,9.40925],[77.03676,9.41244],[77.04694,9.41413],[77.05026,9.41686],[77.0533,9.41807],[77.06018,9.41614],[77.06639,9.41688],[77.06579,9.42001],[77.06145,9.4268],[77.05918,9.42659],[77.06018,9.43171],[77.05866,9.43539],[77.05985,9.43965],[77.05817,9.44228],[77.05917,9.44566],[77.06147,9.44848],[77.06754,9.45221],[77.06852,9.4543],[77.08053,9.45724],[77.09486,9.46432],[77.09966,9.46451],[77.10444,9.46917],[77.10667,9.4693],[77.11196,9.46757],[77.11751,9.4636],[77.12606,9.46196],[77.12953,9.45933],[77.1313,9.46042],[77.13433,9.45879],[77.13827,9.4601],[77.1425,9.46017],[77.14341,9.46147],[77.15534,9.47114],[77.1626,9.46908],[77.16641,9.46971],[77.16631,9.46512],[77.16967,9.46532],[77.17247,9.46338],[77.1766,9.46901],[77.18199,9.47266],[77.18219,9.46637],[77.18449,9.46329],[77.18238,9.45655],[77.18336,9.45441],[77.1879,9.45625],[77.19189,9.44974],[77.19741,9.45197],[77.20028,9.44962],[77.2032,9.45147],[77.20694,9.4504],[77.2093,9.44844],[77.20791,9.44167],[77.21213,9.44365],[77.21543,9.43763],[77.22263,9.43538],[77.22392,9.43349],[77.22098,9.42545],[77.22061,9.42156],[77.22357,9.41966],[77.22884,9.41969],[77.22998,9.41725],[77.22823,9.4109],[77.23162,9.40599],[77.23165,9.4037],[77.23898,9.39891],[77.24277,9.39056],[77.24522,9.38929],[77.24724,9.37887],[77.24821,9.37754],[77.24356,9.37344],[77.24105,9.36762],[77.2412,9.36068],[77.23835,9.35789],[77.23485,9.35023],[77.23793,9.33964],[77.23219,9.33391],[77.23057,9.33134],[77.23131,9.32927],[77.23478,9.32751],[77.2351,9.32423],[77.23237,9.3227],[77.22798,9.31824],[77.22733,9.31542],[77.22456,9.31166],[77.22609,9.30495],[77.22453,9.29981],[77.22456,9.29592],[77.22863,9.29748],[77.23528,9.29344],[77.23717,9.28514],[77.24289,9.28362],[77.24463,9.29014],[77.24882,9.28978],[77.25218,9.28715],[77.25783,9.2854],[77.26143,9.28137],[77.26512,9.2813],[77.27329,9.27885],[77.27597,9.27545],[77.28201,9.27281],[77.28853,9.27417],[77.28804,9.28023],[77.28589,9.28416],[77.28322,9.29131],[77.28386,9.29392],[77.2822,9.29854],[77.28299,9.30133],[77.28885,9.30188],[77.28976,9.30403],[77.29368,9.30476],[77.29606,9.30823],[77.29954,9.31091],[77.29948,9.31418],[77.30252,9.31953],[77.3018,9.32424],[77.29799,9.32784],[77.30053,9.32969],[77.29997,9.33665],[77.30446,9.33781],[77.30913,9.33706],[77.31082,9.33543],[77.31562,9.33486],[77.3201,9.33753],[77.32529,9.33711],[77.32505,9.34348],[77.32603,9.34655],[77.32903,9.34961],[77.33579,9.36104],[77.33777,9.3685],[77.33609,9.37223],[77.33643,9.37731],[77.33457,9.37821],[77.33601,9.38624],[77.33949,9.38741],[77.3414,9.38981],[77.33977,9.39375],[77.3436,9.40084],[77.34366,9.40244],[77.3383,9.40826],[77.33649,9.41336],[77.33971,9.42072],[77.3439,9.42322],[77.34552,9.42925],[77.34857,9.43451],[77.34941,9.44118],[77.35639,9.44757],[77.35871,9.45356],[77.362,9.45724],[77.366,9.46008],[77.37289,9.45663],[77.37423,9.45349],[77.3772,9.45278],[77.38159,9.4552],[77.38331,9.4544],[77.38697,9.45565],[77.39261,9.45935],[77.3914,9.46182],[77.39252,9.46393],[77.39147,9.46869],[77.39823,9.47249],[77.40198,9.47865],[77.39922,9.48009],[77.39961,9.48457],[77.39859,9.48752],[77.3989,9.49547],[77.40084,9.49923],[77.40773,9.50524],[77.40971,9.50556],[77.4124,9.50898],[77.41147,9.5118],[77.40803,9.51495],[77.40491,9.51533],[77.40042,9.51786],[77.4032,9.52176],[77.40318,9.5236],[77.40051,9.52736],[77.39731,9.52406],[77.38929,9.52003],[77.38518,9.51923],[77.38052,9.52509],[77.37693,9.52483],[77.37334,9.52685],[77.37296,9.52989],[77.36861,9.53488],[77.36562,9.535],[77.36462,9.5467],[77.3658,9.55092],[77.36153,9.55778],[77.35603,9.55813],[77.35291,9.55958],[77.35244,9.5628],[77.35026,9.56708],[77.35297,9.57286],[77.35814,9.57391],[77.36,9.57851],[77.35597,9.58816],[77.35748,9.59443],[77.36112,9.59782],[77.36239,9.59556],[77.36614,9.59596],[77.36581,9.59974],[77.36277,9.6002],[77.36127,9.60212],[77.35459,9.60407],[77.34894,9.59421],[77.34794,9.59069],[77.34548,9.58796],[77.34194,9.57994],[77.34212,9.57704],[77.33949,9.57331],[77.33735,9.57592],[77.33251,9.57881],[77.32536,9.58003],[77.32565,9.58294],[77.32393,9.58545],[77.32618,9.58863],[77.32453,9.59334],[77.32622,9.59597],[77.32952,9.59809],[77.32815,9.60015],[77.325,9.59768],[77.32241,9.59829],[77.31782,9.6025],[77.31537,9.60071],[77.31123,9.6005],[77.30381,9.59874],[77.29999,9.59527],[77.29952,9.59365],[77.29401,9.58892],[77.29041,9.58878],[77.29034,9.58477],[77.28048,9.57958],[77.27693,9.57575],[77.27235,9.57647],[77.26971,9.57277],[77.26385,9.57374],[77.26145,9.57683],[77.2578,9.57817],[77.25307,9.58297],[77.24277,9.58522],[77.23713,9.58106],[77.2287,9.58653],[77.22486,9.59107],[77.22249,9.59278],[77.22218,9.59771],[77.21714,9.60162],[77.21444,9.60071],[77.20984,9.60497],[77.21047,9.61086],[77.20749,9.61309],[77.20362,9.61442],[77.1982,9.61436],[77.19726,9.61103],[77.19039,9.60894],[77.18868,9.6061],[77.18608,9.60651],[77.18186,9.60921],[77.17348,9.61121],[77.16975,9.60988],[77.16586,9.61286],[77.16778,9.61502],[77.16888,9.62],[77.16824,9.62207],[77.17137,9.62603],[77.17443,9.62647],[77.17626,9.62948],[77.17415,9.63287],[77.17405,9.63731],[77.17927,9.64486],[77.17974,9.65626],[77.18324,9.66069],[77.18698,9.66122],[77.18703,9.66665],[77.19202,9.66871],[77.19411,9.67056],[77.19457,9.67413],[77.2029,9.69023],[77.20662,9.69444],[77.20428,9.70202],[77.20195,9.70389],[77.20366,9.71109],[77.2053,9.71309],[77.20471,9.71656],[77.20571,9.72021],[77.20346,9.72191],[77.20732,9.72448],[77.21163,9.72427],[77.21564,9.72667],[77.21838,9.72608],[77.22067,9.72964],[77.22345,9.73],[77.22179,9.73788],[77.22253,9.7402],[77.22009,9.74169],[77.22023,9.74504],[77.22244,9.75017],[77.22514,9.75277],[77.22495,9.75572],[77.22669,9.75715],[77.22624,9.76138],[77.22902,9.76632],[77.23174,9.76939],[77.22823,9.77122],[77.22408,9.77843],[77.22454,9.7811],[77.22266,9.78779],[77.22843,9.78822],[77.23601,9.79006],[77.23811,9.79192],[77.23912,9.79584],[77.24173,9.79579],[77.24667,9.79789],[77.24578,9.80183],[77.24679,9.808],[77.2402,9.81646],[77.23476,9.81641],[77.23259,9.81742],[77.23273,9.82149],[77.22683,9.82137],[77.22385,9.82385],[77.22378,9.8287],[77.22655,9.83072],[77.22544,9.8333],[77.22753,9.83809],[77.22488,9.84091],[77.22294,9.84488],[77.22633,9.84634],[77.22814,9.84914],[77.2343,9.85018],[77.23718,9.85138],[77.23605,9.85386],[77.23631,9.8596],[77.23269,9.86154],[77.22614,9.86086],[77.21961,9.86469],[77.21695,9.86845],[77.21225,9.87764],[77.21527,9.87739],[77.21663,9.87948],[77.21752,9.88435],[77.22075,9.88448],[77.21809,9.89637],[77.21825,9.90429],[77.22258,9.90596],[77.22498,9.90997],[77.2298,9.91213],[77.2317,9.92404],[77.23564,9.92637],[77.23433,9.93058],[77.23807,9.93694],[77.24191,9.94032],[77.24375,9.94342],[77.24816,9.94733],[77.24654,9.9514],[77.25296,9.95345],[77.26071,9.95241],[77.263,9.95417],[77.26742,9.96],[77.27285,9.96419],[77.27218,9.97015],[77.27087,9.97091],[77.27267,9.97634],[77.26892,9.97933],[77.2671,9.98381],[77.2644,9.98717],[77.26656,9.99044],[77.26177,9.9911],[77.2608,9.99576],[77.26388,10],[77.26616,10.00142],[77.25987,10.00722],[77.25521,10.00993],[77.25319,10.01281],[77.25586,10.01453],[77.25744,10.0193],[77.25973,10.0193],[77.26233,10.02398],[77.2619,10.02973],[77.25818,10.03472],[77.2554,10.03598],[77.24952,10.04483],[77.24595,10.04852],[77.24464,10.05171],[77.23771,10.05625],[77.23447,10.05984],[77.23144,10.06627],[77.2235,10.06918],[77.22289,10.07298],[77.21992,10.07697],[77.21621,10.08001],[77.21402,10.08026],[77.20398,10.08773],[77.20328,10.08881],[77.20401,10.09728],[77.20293,10.10416],[77.20126,10.10582],[77.20462,10.11276],[77.20648,10.11256],[77.20789,10.1177],[77.21151,10.11791],[77.21643,10.11585],[77.2186,10.11788],[77.2231,10.11841],[77.22717,10.12119],[77.23276,10.12396],[77.23433,10.12845],[77.23784,10.12997],[77.24732,10.13047],[77.24895,10.12681],[77.25318,10.12429],[77.25537,10.12482],[77.26778,10.12161],[77.26725,10.12515],[77.26836,10.12714],[77.27131,10.12769],[77.27418,10.12977],[77.27453,10.13976],[77.2718,10.14199],[77.27414,10.15767],[77.27306,10.16042],[77.27292,10.16534],[77.27425,10.17007],[77.27391,10.17272],[77.27538,10.17772],[77.2753,10.18442],[77.27716,10.18814],[77.27791,10.19284],[77.27923,10.19517],[77.28313,10.19684],[77.28515,10.20337],[77.28367,10.20809],[77.2873,10.20925],[77.28723,10.21113],[77.28979,10.21473],[77.29337,10.21529],[77.29496,10.2179],[77.28809,10.23186],[77.28529,10.23263],[77.28089,10.23685],[77.27772,10.23516],[77.2686,10.23459],[77.26475,10.23522],[77.26455,10.23233],[77.25972,10.23027],[77.25719,10.25939],[77.26293,10.26333],[77.24653,10.2846],[77.24448,10.28917],[77.2392,10.29586],[77.23982,10.29853],[77.2361,10.30251],[77.23548,10.30714],[77.23108,10.30888],[77.23093,10.31257],[77.22775,10.31542],[77.22762,10.31995],[77.22943,10.32205],[77.22937,10.32594],[77.22817,10.32727],[77.23062,10.3333],[77.23317,10.33499],[77.23328,10.33778],[77.23637,10.33889],[77.23601,10.34653],[77.23517,10.35125],[77.22624,10.35342],[77.20939,10.35302],[77.20392,10.3545],[77.20296,10.357],[77.19813,10.35673],[77.19605,10.35451],[77.18716,10.35547],[77.17678,10.35832],[77.17208,10.35517],[77.16869,10.35403],[77.1651,10.35046],[77.16219,10.34888],[77.15726,10.34436],[77.15207,10.33816],[77.14576,10.33433],[77.13957,10.33208],[77.1283,10.32588],[77.12038,10.31796],[77.11024,10.31559],[77.10493,10.31613],[77.10154,10.31553],[77.09881,10.3135],[77.09692,10.30935],[77.092,10.31237],[77.08875,10.31192],[77.08729,10.30886],[77.08385,10.30712],[77.07958,10.30301],[77.07261,10.29913],[77.0662,10.2977],[77.0639,10.29518],[77.063,10.29139],[77.05944,10.29023],[77.05586,10.28667],[77.04288,10.28377],[77.0496,10.27808],[77.05268,10.2725],[77.05079,10.26802],[77.05161,10.26457],[77.0506,10.26175],[77.05467,10.2573],[77.05598,10.25342],[77.06147,10.24993],[77.06284,10.24259],[77.06049,10.23623],[77.05752,10.23425],[77.04835,10.23083],[77.04534,10.23372],[77.03927,10.23085],[77.03066,10.22864],[77.02423,10.2299],[77.02031,10.22861],[77.01431,10.22436],[77.01718,10.2193],[77.02238,10.21692],[77.0201,10.2129],[77.02378,10.21177],[77.03269,10.20493],[77.04008,10.20325],[77.04293,10.20349],[77.04326,10.20679],[77.0488,10.20584],[77.05069,10.20816],[77.05546,10.21174],[77.06229,10.21028],[77.06832,10.20671],[77.06815,10.20322],[77.06552,10.1991],[77.06684,10.19568],[77.0701,10.19724],[77.07599,10.197],[77.07542,10.19498],[77.08037,10.19297],[77.08043,10.19125],[77.08354,10.18658],[77.08913,10.18303],[77.08677,10.17699],[77.0851,10.17454],[77.08054,10.17147],[77.07694,10.17586],[77.07509,10.17336],[77.07305,10.17442],[77.06795,10.1744],[77.0614,10.16988],[77.05749,10.17817],[77.04843,10.17645],[77.04271,10.17677],[77.03646,10.17341],[77.02829,10.17238],[77.02476,10.17571],[77.02336,10.17843],[77.01618,10.17578],[77.01438,10.17264],[77.01186,10.17308],[77.00538,10.16963],[77.00258,10.17052],[77.00059,10.1651],[76.99766,10.16246],[76.99408,10.16315],[76.98887,10.16087],[76.98555,10.16497],[76.9828,10.16582],[76.98044,10.16479],[76.97632,10.16099],[76.97221,10.16001],[76.96858,10.16082],[76.96654,10.15979],[76.96244,10.16398],[76.95535,10.16598],[76.95237,10.1692],[76.94935,10.17034],[76.94067,10.17145],[76.93278,10.17544],[76.9317,10.17748],[76.92838,10.17901],[76.92113,10.17597],[76.91811,10.16811],[76.91268,10.16559],[76.91262,10.16241],[76.90825,10.15577],[76.9066,10.1551],[76.9061,10.15126],[76.90338,10.14727],[76.90545,10.14383],[76.90426,10.14051],[76.89646,10.13541],[76.89501,10.13312],[76.89167,10.13122],[76.8866,10.12334],[76.88066,10.1126],[76.87104,10.0991],[76.864,10.09097],[76.86427,10.08936],[76.86306,10.08071],[76.86469,10.07811],[76.86466,10.07365],[76.85684,10.07616],[76.84523,10.07929],[76.83816,10.08406],[76.82428,10.0903],[76.81997,10.08905],[76.82012,10.08693],[76.81643,10.08391],[76.81399,10.08042],[76.81727,10.07157],[76.81633,10.069],[76.81985,10.06557],[76.8225,10.06426],[76.81733,10.06165],[76.80995,10.06279],[76.80977,10.05846],[76.8036,10.05752],[76.80079,10.06026],[76.8066,10.06604],[76.80207,10.06494],[76.80008,10.06342],[76.79549,10.06559],[76.79272,10.06383],[76.77913,10.06643],[76.77002,10.06642],[76.77475,10.06384],[76.77577,10.05986],[76.78109,10.05915],[76.78299,10.05728],[76.78607,10.05189],[76.78545,10.04989],[76.78906,10.04627],[76.79435,10.04392],[76.79636,10.04184],[76.80531,10.03983],[76.80972,10.03532],[76.81375,10.03571],[76.81722,10.0349],[76.82546,10.02903],[76.83195,10.02549],[76.83669,10.02546],[76.83963,10.02448]]]},"properties":{"level":"district","code":"IDK","name":"Idukki"}},{"type":"Feature","geometry":{"type":"Polygon","coordinates":[[[77.04668,9.12319],[77.04041,9.12396],[77.03212,9.127],[77.02869,9.1292],[77.02651,9.12811],[77.01819,9.13091],[77.01637,9.13644],[77.01329,9.13713],[77.00949,9.14032],[77.00466,9.1376],[76.99793,9.14016],[76.99415,9.13986],[76.99184,9.14121],[76.98855,9.1455],[76.98317,9.1466],[76.97924,9.14893],[76.97165,9.15009],[76.96722,9.15218],[76.965,9.15171],[76.95957,9.15356],[76.94488,9.16353],[76.93947,9.16898],[76.93543,9.17007],[76.93033,9.17379],[76.92818,9.1688],[76.92756,9.16355],[76.9277,9.16006],[76.92624,9.15436],[76.92632,9.14862],[76.92736,9.14629],[76.9264,9.13863],[76.93281,9.13779],[76.93631,9.13579],[76.93964,9.13872],[76.94563,9.13529],[76.94825,9.13131],[76.95408,9.13106],[76.96016,9.12996],[76.95967,9.12798],[76.95647,9.12649],[76.95569,9.12395],[76.94827,9.11724],[76.94385,9.1186],[76.93802,9.11724],[76.93094,9.1188],[76.92508,9.11873],[76.92385,9.12259],[76.91015,9.12575],[76.90158,9.12579],[76.89816,9.13042],[76.89696,9.12722],[76.89259,9.12276],[76.89017,9.12325],[76.88396,9.12195],[76.88371,9.12581],[76.8756,9.13089],[76.87467,9.12827],[76.86782,9.12174],[76.86598,9.1158],[76.86231,9.11555],[76.85936,9.11728],[76.85639,9.11697],[76.85562,9.11494],[76.85089,9.11038],[76.85172,9.10502],[76.84955,9.10234],[76.85191,9.09955],[76.8463,9.0988],[76.84563,9.09479],[76.84211,9.09207],[76.83294,9.09429],[76.82846,9.09388],[76.8277,9.09244],[76.82269,9.09338],[76.82222,9.09558],[76.81961,9.0968],[76.8186,9.09916],[76.81393,9.10492],[76.80927,9.10843],[76.80437,9.10931],[76.79938,9.1091],[76.79674,9.11051],[76.79329,9.10908],[76.7919,9.1108],[76.78663,9.11404],[76.78237,9.11347],[76.78108,9.10954],[76.77736,9.10934],[76.77643,9.10559],[76.77329,9.10432],[76.77366,9.10218],[76.76961,9.10113],[76.76562,9.09452],[76.76841,9.08682],[76.77093,9.08209],[76.77015,9.07786],[76.77094,9.07454],[76.76534,9.07488],[76.75934,9.07212],[76.75774,9.07396],[76.7581,9.07704],[76.75777,9.08589],[76.75595,9.08825],[76.75312,9.08824],[76.75029,9.08375],[76.74498,9.08009],[76.73932,9.08508],[76.73573,9.08597],[76.7334,9.08109],[76.72659,9.08403],[76.72204,9.08179],[76.71531,9.08492],[76.71226,9.08431],[76.71056,9.08686],[76.7047,9.08687],[76.69994,9.08933],[76.6932,9.08978],[76.69023,9.09156],[76.68618,9.08869],[76.68446,9.08556],[76.68387,9.08091],[76.67867,9.08173],[76.67867,9.07806],[76.67423,9.07906],[76.67172,9.0824],[76.67599,9.08708],[76.67711,9.09017],[76.67447,9.10092],[76.6747,9.10546],[76.67222,9.11375],[76.66974,9.11668],[76.66583,9.11592],[76.66453,9.11417],[76.66088,9.11594],[76.65949,9.11477],[76.65407,9.11454],[76.65141,9.11691],[76.64774,9.11751],[76.64455,9.12232],[76.63969,9.12252],[76.63423,9.11987],[76.63347,9.12343],[76.63628,9.12858],[76.6355,9.13307],[76.6363,9.13618],[76.63529,9.14084],[76.63279,9.13814],[76.62639,9.13721],[76.62323,9.13854],[76.62021,9.13534],[76.61458,9.13101],[76.60335,9.13024],[76.5987,9.132],[76.59126,9.13162],[76.58879,9.12789],[76.58843,9.12318],[76.58511,9.12184],[76.58361,9.11822],[76.57952,9.1152],[76.57629,9.11751],[76.57249,9.11644],[76.56856,9.1118],[76.55788,9.1098],[76.55123,9.11072],[76.54973,9.11361],[76.54633,9.12612],[76.54322,9.12609],[76.54142,9.12841],[76.54161,9.13508],[76.52858,9.13488],[76.52618,9.13598],[76.51499,9.13751],[76.50857,9.1367],[76.50307,9.13497],[76.50565,9.12645],[76.49385,9.12542],[76.48483,9.1263],[76.47888,9.1281],[76.47328,9.12727],[76.47323,9.12996],[76.47032,9.13147],[76.46635,9.13047],[76.46343,9.13524],[76.46291,9.13419],[76.46691,9.12647],[76.47169,9.1153],[76.48799,9.08199],[76.49138,9.07403],[76.49913,9.05822],[76.49912,9.05621],[76.50165,9.04968],[76.50684,9.03826],[76.51542,9.01709],[76.51947,9.00277],[76.5212,8.99865],[76.52279,8.98879],[76.52644,8.97404],[76.52681,8.97019],[76.5295,8.9621],[76.53428,8.95124],[76.53592,8.94188],[76.53732,8.93768],[76.53984,8.9389],[76.54092,8.93403],[76.53863,8.93357],[76.53885,8.93072],[76.54123,8.92624],[76.54233,8.91312],[76.54766,8.90245],[76.54983,8.90074],[76.55405,8.8943],[76.56002,8.8894],[76.56256,8.88386],[76.56535,8.88011],[76.56906,8.88258],[76.57175,8.88312],[76.57943,8.88117],[76.58769,8.87713],[76.59459,8.8727],[76.61012,8.85943],[76.61804,8.85147],[76.6207,8.84757],[76.63053,8.83748],[76.64118,8.82435],[76.64531,8.81832],[76.65062,8.80875],[76.65279,8.80707],[76.65647,8.80174],[76.65992,8.79819],[76.66056,8.796],[76.66381,8.79343],[76.67293,8.78166],[76.67482,8.78215],[76.67833,8.78576],[76.68,8.78114],[76.68367,8.77632],[76.68447,8.77921],[76.69016,8.77933],[76.6922,8.78715],[76.69202,8.7907],[76.69816,8.79123],[76.70966,8.7911],[76.70936,8.79524],[76.71396,8.79635],[76.72091,8.80357],[76.72362,8.8034],[76.7276,8.80029],[76.73392,8.7996],[76.73854,8.79821],[76.74058,8.79601],[76.74454,8.79552],[76.74789,8.79644],[76.75842,8.79542],[76.7605,8.79137],[76.76175,8.79362],[76.76134,8.8003],[76.76882,8.79872],[76.77096,8.79988],[76.7683,8.80396],[76.77188,8.80606],[76.77116,8.8112],[76.77713,8.8097],[76.78395,8.81145],[76.78846,8.81188],[76.79043,8.81361],[76.78952,8.81834],[76.78303,8.81943],[76.78728,8.82266],[76.79133,8.82203],[76.79442,8.82805],[76.79069,8.83122],[76.78864,8.83502],[76.78514,8.8358],[76.78381,8.83884],[76.78138,8.83995],[76.78177,8.84265],[76.77541,8.84391],[76.77826,8.84871],[76.78216,8.85249],[76.78231,8.85557],[76.78087,8.8605],[76.7842,8.85932],[76.78955,8.85349],[76.79602,8.85548],[76.79929,8.85048],[76.80204,8.84886],[76.8084,8.85687],[76.81016,8.85493],[76.81481,8.85648],[76.81665,8.85948],[76.82034,8.85401],[76.82185,8.85473],[76.82389,8.85118],[76.82465,8.84675],[76.82382,8.84508],[76.82721,8.84251],[76.8293,8.84473],[76.83936,8.84072],[76.84049,8.8384],[76.84821,8.83428],[76.84585,8.82775],[76.84922,8.82643],[76.84928,8.82424],[76.85185,8.82217],[76.85104,8.81903],[76.85542,8.81599],[76.85712,8.81861],[76.86251,8.81448],[76.87027,8.81111],[76.87631,8.81016],[76.88278,8.80551],[76.88517,8.80652],[76.89036,8.81146],[76.89327,8.81007],[76.89817,8.8118],[76.90276,8.80818],[76.90313,8.8066],[76.90694,8.80487],[76.90737,8.80131],[76.91296,8.79851],[76.91494,8.79408],[76.9175,8.79204],[76.92108,8.78668],[76.91773,8.78483],[76.91528,8.78197],[76.91517,8.77676],[76.91814,8.77384],[76.92219,8.77212],[76.92978,8.76621],[76.93357,8.76137],[76.93893,8.765],[76.94192,8.76581],[76.94269,8.76779],[76.94648,8.77119],[76.95039,8.77244],[76.95726,8.77114],[76.96358,8.7711],[76.97093,8.77507],[76.97279,8.77537],[76.97406,8.78277],[76.97657,8.7868],[76.97929,8.78918],[76.98325,8.79009],[76.9914,8.78789],[76.99773,8.7832],[77.00101,8.7725],[77.00276,8.77133],[77.01304,8.77233],[77.01511,8.77198],[77.02494,8.77541],[77.02147,8.7799],[77.01993,8.78443],[77.01604,8.78869],[77.01581,8.79158],[77.01115,8.79664],[77.01145,8.79984],[77.00997,8.80226],[77.01125,8.80556],[77.00882,8.81278],[77.01132,8.81597],[77.01547,8.81774],[77.01911,8.81615],[77.02129,8.8179],[77.01959,8.82193],[77.02061,8.82529],[77.02011,8.8284],[77.02202,8.82964],[77.02498,8.83382],[77.02906,8.83445],[77.03004,8.83847],[77.0326,8.84281],[77.04292,8.84564],[77.05087,8.84645],[77.05626,8.84376],[77.06462,8.84207],[77.06858,8.84062],[77.07151,8.84129],[77.08307,8.83979],[77.08829,8.83433],[77.09281,8.83322],[77.09964,8.82967],[77.10298,8.82903],[77.10745,8.8302],[77.10785,8.82673],[77.11183,8.82529],[77.11283,8.823],[77.11884,8.82213],[77.12282,8.81823],[77.1275,8.81053],[77.13375,8.80828],[77.13693,8.80589],[77.14069,8.80654],[77.14568,8.80357],[77.14763,8.80031],[77.15112,8.79915],[77.15377,8.7956],[77.15647,8.7967],[77.15905,8.79271],[77.16314,8.79019],[77.16862,8.78845],[77.17309,8.78425],[77.17742,8.7813],[77.18388,8.77845],[77.19155,8.77265],[77.19972,8.77179],[77.19967,8.76976],[77.20638,8.76837],[77.20993,8.76534],[77.21564,8.76819],[77.21795,8.76824],[77.21843,8.77099],[77.21451,8.77489],[77.21307,8.77862],[77.21471,8.77973],[77.21999,8.77899],[77.22429,8.78362],[77.22971,8.78459],[77.23129,8.79082],[77.23054,8.79783],[77.23252,8.80036],[77.23198,8.80773],[77.23563,8.80766],[77.23807,8.80907],[77.24252,8.80979],[77.24797,8.81692],[77.24658,8.82214],[77.24793,8.8248],[77.25098,8.82668],[77.25309,8.83226],[77.25759,8.83522],[77.25883,8.83862],[77.26282,8.84254],[77.25848,8.85033],[77.25908,8.85317],[77.26171,8.85261],[77.26152,8.85651],[77.25936,8.85713],[77.25572,8.86065],[77.25568,8.86315],[77.25827,8.86469],[77.25731,8.86854],[77.25657,8.87757],[77.25456,8.87959],[77.24602,8.87972],[77.24065,8.88293],[77.23766,8.88567],[77.2384,8.89212],[77.24024,8.89447],[77.23855,8.89774],[77.22795,8.90359],[77.22123,8.90395],[77.21824,8.91869],[77.21423,8.91733],[77.20998,8.9185],[77.20105,8.92456],[77.19473,8.92412],[77.19248,8.92855],[77.19682,8.93402],[77.19705,8.93643],[77.19389,8.94384],[77.19697,8.95169],[77.19469,8.95737],[77.1915,8.95916],[77.1907,8.96562],[77.18555,8.97018],[77.18256,8.96908],[77.1782,8.9691],[77.17568,8.97731],[77.17561,8.98236],[77.17381,8.98696],[77.17338,8.99145],[77.16167,8.99504],[77.15859,8.99896],[77.15833,9.00139],[77.15615,9.00383],[77.15685,9.0075],[77.15275,9.00719],[77.14935,9.00958],[77.15077,9.01439],[77.14958,9.01801],[77.14656,9.02182],[77.15274,9.02208],[77.15478,9.02305],[77.16126,9.02964],[77.1621,9.03282],[77.16039,9.03584],[77.16341,9.03768],[77.16747,9.0453],[77.17433,9.04727],[77.18014,9.04754],[77.18445,9.04681],[77.18759,9.04314],[77.19288,9.04411],[77.19746,9.04697],[77.19528,9.04934],[77.19708,9.05716],[77.20047,9.0615],[77.20551,9.06617],[77.20814,9.07288],[77.20491,9.07166],[77.20051,9.07254],[77.19921,9.07392],[77.19067,9.07644],[77.17933,9.07633],[77.17218,9.07919],[77.16987,9.07758],[77.15629,9.08201],[77.15422,9.08336],[77.15537,9.08579],[77.15308,9.08701],[77.15095,9.08416],[77.14564,9.08343],[77.14291,9.08536],[77.13647,9.08636],[77.1306,9.08816],[77.12796,9.09069],[77.12076,9.09467],[77.11818,9.09487],[77.11115,9.09319],[77.1074,9.09455],[77.1046,9.09812],[77.09828,9.10029],[77.08959,9.10591],[77.08055,9.1097],[77.07848,9.11347],[77.07099,9.11285],[77.06705,9.11458],[77.06477,9.11938],[77.05986,9.11863],[77.05791,9.1171],[77.05619,9.12008],[77.05534,9.12599],[77.0517,9.12769],[77.04668,9.12319]]]},"properties":{"level":"district","code":"KLM","name":"Kollam"}},{"type":"Feature","geometry":{"type":"Polygon","coordinates":[[[75.45518,11.77782],[75.45421,11.77748],[75.45281,11.77138],[75.46061,11.76549],[75.46553,11.76718],[75.46819,11.76458],[75.47274,11.76434],[75.47564,11.75937],[75.48322,11.75309],[75.48527,11.74808],[75.49025,11.74487],[75.49552,11.73888],[75.49749,11.73498],[75.5044,11.73478],[75.50778,11.73232],[75.51468,11.72184],[75.51665,11.71743],[75.51966,11.71571],[75.52439,11.70803],[75.52764,11.70642],[75.53004,11.70357],[75.53361,11.70727],[75.53567,11.70967],[75.5393,11.70901],[75.54423,11.70454],[75.54999,11.7047],[75.55318,11.70338],[75.55684,11.69837],[75.56356,11.6943],[75.56402,11.69261],[75.56163,11.68347],[75.56274,11.68052],[75.56618,11.67997],[75.56999,11.67508],[75.57913,11.67981],[75.58373,11.68475],[75.58724,11.68726],[75.59398,11.6884],[75.60032,11.6867],[75.60389,11.69048],[75.60112,11.69628],[75.59487,11.69643],[75.59236,11.69974],[75.59386,11.70528],[75.59319,11.70844],[75.5875,11.71133],[75.58899,11.71328],[75.59322,11.71254],[75.59615,11.71374],[75.59944,11.71922],[75.6031,11.71883],[75.60619,11.7226],[75.60859,11.72112],[75.61099,11.72524],[75.61494,11.72437],[75.61961,11.72782],[75.62421,11.7322],[75.62262,11.73328],[75.6273,11.73812],[75.62969,11.73877],[75.63387,11.73634],[75.63799,11.73854],[75.64131,11.74418],[75.64347,11.74337],[75.64851,11.74678],[75.64837,11.74982],[75.65441,11.75381],[75.6581,11.75536],[75.6592,11.75826],[75.66507,11.75828],[75.66698,11.76083],[75.66705,11.76597],[75.6692,11.77043],[75.67478,11.77172],[75.67841,11.77357],[75.68297,11.77459],[75.68571,11.77884],[75.68774,11.7851],[75.68807,11.78882],[75.69141,11.79432],[75.69149,11.79954],[75.69913,11.79944],[75.707,11.79722],[75.71315,11.79611],[75.71657,11.79684],[75.72301,11.79241],[75.72679,11.78741],[75.72892,11.78048],[75.73729,11.78141],[75.73723,11.78676],[75.7418,11.78604],[75.74593,11.78664],[75.75008,11.78209],[75.75763,11.78913],[75.7534,11.79231],[75.75319,11.79491],[75.74703,11.79796],[75.74988,11.8039],[75.75733,11.80587],[75.76293,11.80395],[75.76909,11.80366],[75.77205,11.80275],[75.77608,11.80368],[75.78079,11.80713],[75.78153,11.81023],[75.7878,11.81276],[75.7954,11.81664],[75.79881,11.81937],[75.79774,11.82735],[75.79301,11.83078],[75.78994,11.83588],[75.78994,11.84055],[75.79349,11.84585],[75.80075,11.84533],[75.80517,11.8483],[75.80515,11.85079],[75.80543,11.85387],[75.80936,11.85682],[75.81746,11.8563],[75.82005,11.85865],[75.82294,11.85349],[75.82868,11.85124],[75.83753,11.85326],[75.84096,11.85597],[75.84696,11.85487],[75.84761,11.85143],[75.85398,11.84779],[75.85712,11.84787],[75.86128,11.84991],[75.86521,11.84906],[75.87195,11.84891],[75.8795,11.84704],[75.88203,11.84505],[75.88783,11.84671],[75.89167,11.84258],[75.89778,11.8426],[75.91214,11.84559],[75.91776,11.8446],[75.92535,11.84818],[75.92932,11.85781],[75.93135,11.85812],[75.92807,11.86268],[75.9256,11.86361],[75.91936,11.87068],[75.91753,11.87045],[75.91427,11.87313],[75.91263,11.87614],[75.91578,11.87736],[75.91909,11.8802],[75.92496,11.88016],[75.92979,11.88199],[75.93374,11.88635],[75.93635,11.89069],[75.93647,11.90056],[75.93925,11.90325],[75.93733,11.9048],[75.93535,11.91184],[75.93153,11.91396],[75.93028,11.91662],[75.92532,11.91957],[75.92624,11.92459],[75.92519,11.92941],[75.92664,11.93327],[75.93063,11.93524],[75.93602,11.93452],[75.9396,11.941],[75.93078,11.9397],[75.92719,11.94337],[75.91747,11.94488],[75.91399,11.94692],[75.9086,11.94717],[75.90556,11.94614],[75.89703,11.94547],[75.89307,11.94889],[75.88602,11.95203],[75.88179,11.95053],[75.88068,11.94971],[75.87254,11.9533],[75.87045,11.95258],[75.86784,11.95616],[75.86448,11.95829],[75.85886,11.95942],[75.85367,11.9659],[75.853,11.97159],[75.85011,11.97474],[75.84955,11.97804],[75.84691,11.98201],[75.84119,11.9811],[75.83971,11.98267],[75.83704,11.98093],[75.83003,11.984],[75.82726,11.98768],[75.82563,11.99187],[75.82501,11.99657],[75.82523,12.00273],[75.82038,12.00252],[75.82325,12.0098],[75.82248,12.01393],[75.81547,12.02051],[75.80993,12.02271],[75.81102,12.02857],[75.80107,12.03701],[75.8011,12.04272],[75.79865,12.04973],[75.79417,12.0546],[75.79881,12.05707],[75.79867,12.06327],[75.80088,12.0679],[75.80261,12.07382],[75.80383,12.07516],[75.80255,12.07856],[75.79824,12.07942],[75.79592,12.08169],[75.79019,12.08199],[75.78542,12.08426],[75.7812,12.08267],[75.77331,12.0827],[75.76763,12.08448],[75.76282,12.08325],[75.75207,12.08387],[75.74913,12.08191],[75.74745,12.07843],[75.74405,12.08002],[75.73611,12.07895],[75.72774,12.07255],[75.72537,12.07318],[75.72002,12.07086],[75.71473,12.07044],[75.71496,12.07619],[75.71769,12.08229],[75.71742,12.0863],[75.71503,12.08758],[75.71307,12.09048],[75.71083,12.09042],[75.70667,12.09229],[75.70211,12.0926],[75.70293,12.09593],[75.7026,12.09996],[75.70357,12.10521],[75.70326,12.10817],[75.69769,12.10902],[75.69554,12.11049],[75.68718,12.11025],[75.68293,12.10371],[75.67988,12.10273],[75.67687,12.0982],[75.66742,12.09731],[75.66061,12.10012],[75.65851,12.10365],[75.653,12.10791],[75.65276,12.11005],[75.64895,12.10961],[75.64897,12.11229],[75.64665,12.1153],[75.64778,12.11761],[75.64753,12.12192],[75.64408,12.12552],[75.64444,12.13307],[75.64205,12.1398],[75.63797,12.13948],[75.6392,12.14336],[75.63605,12.14917],[75.63133,12.14878],[75.62645,12.15295],[75.62085,12.15615],[75.61496,12.1556],[75.61093,12.15262],[75.60691,12.15549],[75.60197,12.15364],[75.59555,12.15416],[75.59353,12.14804],[75.59192,12.14848],[75.59046,12.15249],[75.58732,12.15536],[75.5843,12.15656],[75.58331,12.15912],[75.5772,12.15775],[75.57538,12.16281],[75.56938,12.17307],[75.56599,12.17368],[75.56159,12.17505],[75.55935,12.1775],[75.55851,12.18207],[75.55497,12.18318],[75.55262,12.19285],[75.54859,12.19263],[75.54657,12.19766],[75.54085,12.19824],[75.54071,12.20203],[75.53649,12.20128],[75.53194,12.20567],[75.53512,12.20624],[75.53731,12.20868],[75.53927,12.21343],[75.53969,12.21681],[75.53714,12.21918],[75.53172,12.22164],[75.5268,12.22602],[75.52833,12.23159],[75.52486,12.23482],[75.52111,12.23613],[75.52067,12.24023],[75.51861,12.24351],[75.51945,12.24676],[75.51159,12.25306],[75.51151,12.26028],[75.50583,12.26458],[75.50654,12.26749],[75.5054,12.27074],[75.49815,12.27244],[75.49387,12.27279],[75.49272,12.2748],[75.49136,12.27816],[75.48692,12.28428],[75.4858,12.28942],[75.48066,12.29253],[75.4794,12.29541],[75.47547,12.29596],[75.46954,12.30066],[75.46374,12.2983],[75.4599,12.29404],[75.44573,12.29763],[75.43968,12.29682],[75.43635,12.29845],[75.43255,12.2975],[75.43009,12.29901],[75.42688,12.29589],[75.42365,12.2955],[75.4211,12.29171],[75.41444,12.29058],[75.41373,12.29236],[75.40951,12.29516],[75.40704,12.29382],[75.40054,12.29326],[75.39635,12.29374],[75.39286,12.29022],[75.39112,12.29127],[75.39075,12.29671],[75.38694,12.29479],[75.38622,12.29055],[75.38734,12.28832],[75.38382,12.28758],[75.38203,12.28536],[75.37638,12.28334],[75.37179,12.28568],[75.3687,12.28429],[75.36532,12.27781],[75.36062,12.2765],[75.35654,12.27367],[75.34775,12.26916],[75.34546,12.26724],[75.3395,12.26917],[75.33273,12.26658],[75.3292,12.26651],[75.3272,12.27081],[75.32327,12.27305],[75.31906,12.27428],[75.31311,12.27096],[75.30784,12.27165],[75.30468,12.27039],[75.30016,12.27014],[75.29013,12.26258],[75.28829,12.26224],[75.28712,12.26051],[75.2872,12.25611],[75.28866,12.25364],[75.28907,12.2494],[75.29149,12.24352],[75.29061,12.23592],[75.28721,12.23306],[75.28183,12.23313],[75.27585,12.23174],[75.27229,12.22785],[75.26475,12.22482],[75.26114,12.22527],[75.25821,12.22207],[75.2534,12.2205],[75.25064,12.22071],[75.24598,12.21885],[75.23712,12.21815],[75.23158,12.22202],[75.22791,12.21751],[75.22314,12.21366],[75.22069,12.20793],[75.21535,12.20264],[75.20859,12.19909],[75.2039,12.19135],[75.19992,12.19102],[75.19409,12.19328],[75.18776,12.19273],[75.1821,12.19077],[75.17983,12.1915],[75.17282,12.18898],[75.17426,12.18739],[75.17969,12.17651],[75.18153,12.1757],[75.18767,12.16602],[75.18849,12.16074],[75.19042,12.15571],[75.19122,12.14721],[75.19342,12.14665],[75.194,12.14304],[75.19647,12.14038],[75.19519,12.13622],[75.19081,12.13463],[75.18823,12.12996],[75.19158,12.12422],[75.19382,12.11899],[75.19104,12.11488],[75.19214,12.10624],[75.19311,12.104],[75.18947,12.09643],[75.1862,12.09551],[75.18201,12.09596],[75.17914,12.09956],[75.17462,12.10037],[75.17146,12.09562],[75.16808,12.09187],[75.16933,12.08787],[75.17396,12.08178],[75.17552,12.07828],[75.17646,12.06981],[75.18173,12.0584],[75.18432,12.04928],[75.18588,12.04553],[75.18393,12.04421],[75.20114,12.00914],[75.20106,12.00609],[75.20401,12.00533],[75.20739,12.00756],[75.20948,12.01142],[75.21718,12.01058],[75.22105,12.01235],[75.22289,12.01513],[75.22276,12.01895],[75.22838,12.02224],[75.23371,12.02065],[75.24275,12.01454],[75.25033,12.00819],[75.25431,12.00329],[75.25501,12.00123],[75.26719,11.98555],[75.27296,11.97775],[75.2885,11.95538],[75.29485,11.94571],[75.29585,11.94767],[75.30085,11.947],[75.2994,11.94468],[75.29527,11.94198],[75.29829,11.94098],[75.30667,11.93277],[75.31395,11.92196],[75.32056,11.91309],[75.31842,11.90903],[75.31945,11.9046],[75.32317,11.90382],[75.33425,11.89256],[75.3441,11.88098],[75.353,11.86898],[75.35296,11.86654],[75.35491,11.86411],[75.35568,11.8598],[75.35871,11.8588],[75.36525,11.85283],[75.36817,11.85217],[75.37085,11.8531],[75.37419,11.85804],[75.38129,11.85853],[75.38558,11.85555],[75.39355,11.84616],[75.39609,11.84211],[75.39921,11.83942],[75.40245,11.83857],[75.40587,11.83552],[75.40777,11.8317],[75.41678,11.82183],[75.41773,11.81965],[75.42265,11.81359],[75.42557,11.81086],[75.43028,11.8083],[75.43239,11.80889],[75.43605,11.80536],[75.44502,11.79115],[75.44626,11.78837],[75.44644,11.78237],[75.45051,11.78121],[75.45518,11.77782]],[[75.53123,11.75871],[75.53843,11.76254],[75.54136,11.75937],[75.5441,11.7591],[75.54643,11.75598],[75.54472,11.75353],[75.54449,11.74646],[75.54298,11.74294],[75.54207,11.73719],[75.54475,11.73267],[75.5515,11.7304],[75.55562,11.7276],[75.55534,11.72147],[75.55399,11.71936],[75.55135,11.71905],[75.54744,11.71552],[75.54404,11.71751],[75.54092,11.71562],[75.5376,11.71607],[75.53653,11.7193],[75.5325,11.71621],[75.5359,11.71126],[75.53235,11.71011],[75.531,11.70826],[75.53079,11.71362],[75.52708,11.72057],[75.52669,11.72663],[75.52827,11.7295],[75.53082,11.73096],[75.53172,11.73466],[75.54011,11.73491],[75.54169,11.74295],[75.54026,11.74847],[75.53566,11.75122],[75.53388,11.75693],[75.53123,11.75871]]]},"properties":{"level":"district","code":"KNR","name":"Kannur"}},{"type":"Feature","geometry":{"type":"Polygon","coordinates":[[[75.10438,12.24007],[75.10867,12.22886],[75.11318,12.2183],[75.11431,12.21337],[75.11893,12.2036],[75.12335,12.20361],[75.12219,12.19596],[75.12466,12.18818],[75.12749,12.18334],[75.12928,12.17798],[75.13822,12.15651],[75.14021,12.15003],[75.1414,12.14886],[75.14339,12.14218],[75.14618,12.13585],[75.15349,12.11683],[75.1586,12.10273],[75.16489,12.08911],[75.16958,12.07962],[75.17521,12.0661],[75.18393,12.04421],[75.18588,12.04553],[75.18432,12.04928],[75.18173,12.0584],[75.17646,12.06981],[75.17552,12.07828],[75.17396,12.08178],[75.16933,12.08787],[75.16808,12.09187],[75.17146,12.09562],[75.17462,12.10037],[75.17914,12.09956],[75.18201,12.09596],[75.1862,12.09551],[75.18947,12.09643],[75.19311,12.104],[75.19214,12.10624],[75.19104,12.11488],[75.19382,12.11899],[75.19158,12.12422],[75.18823,12.12996],[75.19081,12.13463],[75.19519,12.13622],[75.19647,12.14038],[75.194,12.14304],[75.19342,12.14665],[75.19122,12.14721],[75.19042,12.15571],[75.18849,12.16074],[75.18767,12.16602],[75.18153,12.1757],[75.17969,12.17651],[75.17426,12.18739],[75.17282,12.18898],[75.17983,12.1915],[75.1821,12.19077],[75.18776,12.19273],[75.19409,12.19328],[75.19992,12.19102],[75.2039,12.19135],[75.20859,12.19909],[75.21535,12.20264],[75.22069,12.20793],[75.22314,12.21366],[75.22791,12.21751],[75.23158,12.22202],[75.23712,12.21815],[75.24598,12.21885],[75.25064,12.22071],[75.2534,12.2205],[75.25821,12.22207],[75.26114,12.22527],[75.26475,12.22482],[75.27229,12.22785],[75.27585,12.23174],[75.28183,12.23313],[75.28721,12.23306],[75.29061,12.23592],[75.29149,12.24352],[75.28907,12.2494],[75.28866,12.25364],[75.2872,12.25611],[75.28712,12.26051],[75.28829,12.26224],[75.29013,12.26258],[75.30016,12.27014],[75.30468,12.27039],[75.30784,12.27165],[75.31311,12.27096],[75.31906,12.27428],[75.32327,12.27305],[75.3272,12.27081],[75.3292,12.26651],[75.33273,12.26658],[75.3395,12.26917],[75.34546,12.26724],[75.34775,12.26916],[75.35654,12.27367],[75.36062,12.2765],[75.36532,12.27781],[75.3687,12.28429],[75.37179,12.28568],[75.37638,12.28334],[75.38203,12.28536],[75.38382,12.28758],[75.38734,12.28832],[75.38622,12.29055],[75.38694,12.29479],[75.39075,12.29671],[75.39112,12.29127],[75.39286,12.29022],[75.39635,12.29374],[75.40054,12.29326],[75.40704,12.29382],[75.40951,12.29516],[75.41373,12.29236],[75.42035,12.29612],[75.42451,12.29993],[75.42488,12.30333],[75.42776,12.30405],[75.42829,12.30699],[75.43122,12.30796],[75.43109,12.31059],[75.42716,12.31072],[75.42365,12.31393],[75.42028,12.31899],[75.41864,12.32917],[75.41619,12.32993],[75.41526,12.33629],[75.41539,12.34006],[75.41087,12.34596],[75.41168,12.34914],[75.41544,12.34961],[75.41964,12.35694],[75.42076,12.36493],[75.42187,12.36772],[75.42153,12.37358],[75.41312,12.38029],[75.40623,12.37904],[75.40154,12.38252],[75.39857,12.38143],[75.39596,12.38449],[75.39465,12.38765],[75.39229,12.38999],[75.38606,12.39236],[75.38394,12.39091],[75.37924,12.39236],[75.37974,12.39404],[75.37711,12.39904],[75.3724,12.40077],[75.37258,12.40321],[75.37086,12.40876],[75.36695,12.41255],[75.36698,12.41707],[75.36998,12.42643],[75.36908,12.42946],[75.3713,12.43652],[75.37132,12.43891],[75.36883,12.44285],[75.37042,12.44562],[75.37029,12.44887],[75.36563,12.45675],[75.36833,12.45807],[75.37053,12.45655],[75.37502,12.45961],[75.38125,12.45676],[75.38687,12.45809],[75.38989,12.45536],[75.39267,12.45465],[75.3934,12.45137],[75.39962,12.45493],[75.40398,12.45494],[75.41332,12.45857],[75.41565,12.46216],[75.41572,12.46598],[75.42326,12.46678],[75.42487,12.46892],[75.42455,12.47484],[75.4203,12.47976],[75.42058,12.48852],[75.41733,12.49337],[75.41843,12.49494],[75.41613,12.50003],[75.41154,12.50189],[75.40806,12.49864],[75.403,12.49774],[75.40073,12.49911],[75.39797,12.50374],[75.3946,12.50277],[75.39169,12.49936],[75.38741,12.5019],[75.38223,12.50202],[75.38206,12.5006],[75.37779,12.4951],[75.37416,12.4933],[75.3685,12.49178],[75.369,12.48697],[75.3717,12.48658],[75.37155,12.48333],[75.373,12.48047],[75.3726,12.47703],[75.371,12.4748],[75.36751,12.47533],[75.36676,12.4727],[75.35849,12.464],[75.35173,12.46488],[75.34611,12.46298],[75.3366,12.46408],[75.34154,12.46912],[75.33869,12.4716],[75.33602,12.47787],[75.33742,12.48852],[75.33353,12.49205],[75.33437,12.4961],[75.33234,12.49908],[75.32451,12.49673],[75.32149,12.49777],[75.31503,12.49711],[75.31399,12.5032],[75.30701,12.50327],[75.30393,12.50474],[75.30474,12.50767],[75.30321,12.51426],[75.3041,12.52328],[75.30238,12.52408],[75.29652,12.52319],[75.29554,12.52525],[75.29135,12.52685],[75.28907,12.52619],[75.27994,12.52599],[75.27864,12.53146],[75.27396,12.5356],[75.27449,12.54022],[75.2723,12.54598],[75.27056,12.54834],[75.27216,12.55484],[75.27006,12.55845],[75.27191,12.56369],[75.27289,12.56897],[75.27855,12.5716],[75.28467,12.56957],[75.29054,12.58261],[75.294,12.58156],[75.29982,12.58119],[75.31173,12.5766],[75.31262,12.57393],[75.31625,12.57305],[75.31869,12.57749],[75.32643,12.58139],[75.328,12.5843],[75.32804,12.59098],[75.32701,12.59239],[75.32354,12.59093],[75.31418,12.59103],[75.31216,12.58972],[75.30711,12.59599],[75.30558,12.60106],[75.30189,12.60541],[75.29907,12.6059],[75.29541,12.60311],[75.29156,12.60195],[75.28958,12.6104],[75.28598,12.61121],[75.2817,12.61644],[75.27635,12.61851],[75.27039,12.61466],[75.26716,12.61466],[75.26513,12.61117],[75.266,12.60719],[75.2634,12.6032],[75.26126,12.59817],[75.25714,12.59674],[75.25448,12.59054],[75.25226,12.58946],[75.2497,12.58457],[75.24158,12.58003],[75.23867,12.58071],[75.2375,12.56976],[75.23015,12.56856],[75.22393,12.57036],[75.22032,12.5691],[75.21777,12.57636],[75.21262,12.57816],[75.21213,12.58182],[75.21016,12.58642],[75.2099,12.5903],[75.20803,12.59099],[75.20114,12.58773],[75.20173,12.59336],[75.20786,12.59573],[75.20998,12.60023],[75.20775,12.60269],[75.20674,12.60801],[75.20095,12.60961],[75.19877,12.61443],[75.20101,12.61957],[75.20281,12.62759],[75.20174,12.63002],[75.19374,12.63031],[75.19316,12.6316],[75.18822,12.63314],[75.18555,12.63185],[75.1829,12.6328],[75.18005,12.6312],[75.17284,12.62436],[75.16996,12.62227],[75.16417,12.62407],[75.16068,12.62213],[75.15392,12.62497],[75.14823,12.63411],[75.14444,12.64049],[75.1433,12.63966],[75.13851,12.64344],[75.14292,12.64652],[75.15043,12.64968],[75.15212,12.65611],[75.15488,12.65894],[75.15886,12.66531],[75.16203,12.67196],[75.14988,12.67333],[75.14903,12.67616],[75.152,12.68324],[75.14639,12.68219],[75.14401,12.67874],[75.13982,12.68059],[75.13816,12.67722],[75.13434,12.6779],[75.13251,12.67614],[75.12841,12.67694],[75.12492,12.68148],[75.12213,12.67891],[75.11919,12.68077],[75.11146,12.68182],[75.11259,12.68522],[75.11018,12.68845],[75.11062,12.69058],[75.10762,12.69304],[75.10585,12.69712],[75.10023,12.69966],[75.0936,12.70058],[75.09232,12.69981],[75.08601,12.70403],[75.08095,12.69907],[75.08115,12.69738],[75.08508,12.69544],[75.0831,12.69333],[75.08558,12.69022],[75.0855,12.68247],[75.08744,12.6792],[75.08639,12.67609],[75.07327,12.67171],[75.07016,12.66554],[75.06525,12.66483],[75.06352,12.66781],[75.05831,12.67025],[75.05813,12.66694],[75.05319,12.67014],[75.04897,12.66888],[75.04609,12.66934],[75.0433,12.67168],[75.04146,12.67873],[75.043,12.68147],[75.04047,12.68496],[75.04268,12.68813],[75.04337,12.69224],[75.04855,12.69404],[75.05271,12.69247],[75.05559,12.69346],[75.0504,12.70344],[75.05189,12.7069],[75.0543,12.70713],[75.05389,12.71112],[75.05071,12.71518],[75.05048,12.71732],[75.05246,12.72008],[75.04792,12.7206],[75.04431,12.72311],[75.04268,12.72077],[75.03905,12.72382],[75.03358,12.72351],[75.0312,12.72094],[75.02658,12.71931],[75.01864,12.72111],[75.01504,12.71423],[75.00099,12.71639],[75.00096,12.71956],[75.00494,12.72028],[75.0134,12.72795],[75.00543,12.73092],[75,12.73205],[74.99248,12.73989],[74.99002,12.73608],[74.98724,12.73657],[74.98559,12.7336],[74.98327,12.7372],[74.98424,12.74251],[74.98671,12.74137],[74.99257,12.74693],[74.99379,12.74961],[74.9966,12.75208],[74.99922,12.75742],[75.00311,12.75916],[75.00499,12.76152],[75.00606,12.76612],[75.00945,12.76751],[75.00621,12.77084],[75.00339,12.77798],[75.00297,12.78438],[75.00509,12.79031],[75.00316,12.79167],[75.00018,12.79022],[74.99566,12.78963],[74.99122,12.79553],[74.98741,12.79359],[74.99209,12.78821],[74.98731,12.78296],[74.98514,12.78155],[74.98244,12.78231],[74.98193,12.77963],[74.97589,12.77913],[74.96836,12.77636],[74.96654,12.77648],[74.96633,12.78079],[74.96378,12.78151],[74.96293,12.77868],[74.95999,12.77889],[74.95819,12.78467],[74.95069,12.78429],[74.94992,12.78323],[74.94173,12.77998],[74.93713,12.7796],[74.93541,12.78085],[74.93135,12.77913],[74.9275,12.77867],[74.91626,12.77201],[74.91267,12.7715],[74.90292,12.76597],[74.90031,12.76294],[74.89303,12.76243],[74.88231,12.75405],[74.87959,12.75531],[74.87414,12.75494],[74.87224,12.76106],[74.86459,12.76019],[74.86481,12.75828],[74.87113,12.74063],[74.87468,12.73475],[74.87654,12.72821],[74.87975,12.72057],[74.88428,12.7082],[74.88675,12.70713],[74.89901,12.67961],[74.90532,12.66472],[74.90798,12.65966],[74.91343,12.64686],[74.91604,12.6418],[74.9219,12.62565],[74.9227,12.62466],[74.92765,12.61149],[74.92819,12.60695],[74.93191,12.6039],[74.93244,12.6013],[74.94473,12.57257],[74.9486,12.56228],[74.95135,12.55625],[74.96166,12.53091],[74.9635,12.52573],[74.97381,12.50039],[74.97711,12.49524],[74.98184,12.48449],[74.9843,12.48252],[74.98398,12.47987],[74.98906,12.47114],[74.99224,12.4646],[74.99807,12.45016],[75.0028,12.44331],[75.00879,12.43115],[75.01303,12.42149],[75.01444,12.41704],[75.01876,12.41628],[75.02382,12.40679],[75.0274,12.39874],[75.03232,12.39028],[75.03606,12.39168],[75.03944,12.38992],[75.04359,12.38256],[75.04752,12.37208],[75.0587,12.34997],[75.0609,12.34297],[75.06371,12.33744],[75.06592,12.33106],[75.06874,12.32658],[75.07282,12.31749],[75.07395,12.31326],[75.07811,12.30507],[75.08775,12.28281],[75.09212,12.27205],[75.09319,12.26777],[75.09654,12.26177],[75.09869,12.25426],[75.10188,12.24555],[75.10438,12.24007]]]},"properties":{"level":"district","code":"KSD","name":"Kasaragod"}},{"type":"Feature","geometry":{"type":"Polygon","coordinates":[[[76.8672,9.73588],[76.86048,9.73049],[76.84871,9.74042],[76.8451,9.74608],[76.84313,9.75173],[76.8407,9.75294],[76.83898,9.75605],[76.83535,9.75807],[76.82737,9.76391],[76.82769,9.77012],[76.81471,9.78018],[76.81142,9.78491],[76.80813,9.78962],[76.79488,9.79827],[76.77862,9.80833],[76.77004,9.80962],[76.76538,9.81173],[76.75748,9.81551],[76.75441,9.81763],[76.74967,9.81462],[76.75053,9.80627],[76.74644,9.80494],[76.74218,9.80368],[76.73886,9.80688],[76.734,9.80855],[76.72997,9.81238],[76.72786,9.81119],[76.72058,9.81398],[76.71549,9.81818],[76.7103,9.81984],[76.71027,9.82208],[76.69904,9.82558],[76.6956,9.83379],[76.69171,9.83375],[76.69068,9.83461],[76.68491,9.83336],[76.6824,9.83917],[76.67936,9.8382],[76.67614,9.83919],[76.67473,9.84281],[76.66789,9.84388],[76.66321,9.83919],[76.66126,9.84029],[76.65017,9.84122],[76.64622,9.84076],[76.63871,9.8451],[76.63353,9.84608],[76.62855,9.84864],[76.6271,9.85093],[76.62886,9.85558],[76.62488,9.85717],[76.61906,9.85622],[76.61559,9.8521],[76.61224,9.85288],[76.60957,9.85134],[76.60913,9.84917],[76.61342,9.84396],[76.61635,9.8389],[76.611,9.83893],[76.60494,9.8407],[76.60365,9.84505],[76.59886,9.84639],[76.5965,9.84533],[76.59421,9.84632],[76.59121,9.84229],[76.58942,9.84492],[76.58694,9.84188],[76.58017,9.8431],[76.58205,9.83676],[76.5809,9.83587],[76.58199,9.82707],[76.58069,9.82243],[76.57544,9.82011],[76.57244,9.82247],[76.56697,9.82516],[76.56453,9.82324],[76.56366,9.81953],[76.55889,9.81538],[76.55902,9.81044],[76.55683,9.80709],[76.55707,9.80477],[76.55498,9.80226],[76.54443,9.80116],[76.54251,9.80888],[76.54469,9.81307],[76.53918,9.81458],[76.53895,9.82309],[76.52897,9.82589],[76.52724,9.82511],[76.52428,9.82702],[76.51986,9.82422],[76.51953,9.82771],[76.51719,9.83324],[76.51947,9.83454],[76.51798,9.83868],[76.51596,9.83998],[76.51427,9.84398],[76.5153,9.84664],[76.5144,9.84912],[76.5096,9.85113],[76.50295,9.85095],[76.4981,9.85144],[76.49213,9.84948],[76.48589,9.84597],[76.4829,9.84282],[76.47778,9.84403],[76.47443,9.84214],[76.46033,9.847],[76.46133,9.85088],[76.45696,9.84666],[76.45396,9.84142],[76.44962,9.84089],[76.44756,9.83578],[76.44452,9.83379],[76.43585,9.82968],[76.4298,9.8256],[76.42137,9.82339],[76.4143,9.82234],[76.41128,9.82811],[76.40819,9.82739],[76.40647,9.83011],[76.40371,9.83043],[76.39592,9.82983],[76.39407,9.83128],[76.38879,9.84383],[76.3869,9.84457],[76.38041,9.84303],[76.37539,9.83792],[76.3728,9.83672],[76.37769,9.83203],[76.37914,9.8265],[76.38122,9.82173],[76.38122,9.81728],[76.37929,9.81387],[76.37654,9.81168],[76.36731,9.79997],[76.3652,9.7948],[76.36501,9.7923],[76.36646,9.78652],[76.36918,9.78204],[76.37092,9.77717],[76.37176,9.77037],[76.37661,9.76219],[76.3807,9.75144],[76.38024,9.72782],[76.37749,9.71249],[76.3757,9.69738],[76.3958,9.6883],[76.40264,9.68592],[76.40138,9.67774],[76.39889,9.67166],[76.39648,9.65267],[76.39728,9.64902],[76.39965,9.63981],[76.39853,9.62693],[76.39534,9.58912],[76.39308,9.56259],[76.3922,9.5477],[76.40465,9.55389],[76.40444,9.55946],[76.41411,9.56334],[76.41527,9.55839],[76.42273,9.55585],[76.4265,9.54963],[76.43554,9.55198],[76.43855,9.55421],[76.44856,9.55751],[76.46618,9.56165],[76.46548,9.54216],[76.47936,9.5376],[76.48032,9.50736],[76.48172,9.50869],[76.49001,9.50793],[76.49539,9.50715],[76.49813,9.50373],[76.50295,9.50342],[76.50785,9.50437],[76.51077,9.49992],[76.50898,9.49874],[76.50695,9.48982],[76.50703,9.48568],[76.50878,9.48085],[76.50879,9.47786],[76.50594,9.47618],[76.50645,9.47088],[76.50566,9.46747],[76.50234,9.46257],[76.50089,9.45825],[76.49742,9.45289],[76.49789,9.44896],[76.49515,9.44461],[76.49791,9.44027],[76.50262,9.44016],[76.50282,9.43853],[76.50843,9.43843],[76.51143,9.43671],[76.50747,9.43207],[76.50549,9.42547],[76.5097,9.41848],[76.50598,9.41239],[76.50726,9.40796],[76.50603,9.40484],[76.51329,9.40072],[76.51644,9.40057],[76.51589,9.40756],[76.51749,9.40886],[76.52561,9.40883],[76.52624,9.41262],[76.53075,9.41298],[76.53109,9.4168],[76.53589,9.41717],[76.53724,9.41448],[76.54018,9.41825],[76.54031,9.42071],[76.54349,9.42093],[76.54344,9.42312],[76.5481,9.42261],[76.55376,9.42496],[76.55546,9.41315],[76.55943,9.41144],[76.5645,9.41075],[76.57012,9.41566],[76.57471,9.41801],[76.5791,9.42234],[76.58753,9.42012],[76.59097,9.41833],[76.59336,9.41288],[76.59673,9.42143],[76.59214,9.42411],[76.5916,9.4276],[76.59272,9.43897],[76.59068,9.44404],[76.59155,9.44875],[76.59412,9.44702],[76.59724,9.45052],[76.60435,9.45044],[76.60281,9.45447],[76.60295,9.45778],[76.60964,9.45586],[76.60906,9.45999],[76.61655,9.46136],[76.62021,9.4598],[76.62375,9.46203],[76.62599,9.46181],[76.6259,9.46756],[76.62698,9.47146],[76.63109,9.47226],[76.63389,9.46811],[76.63601,9.46322],[76.64106,9.46841],[76.64156,9.47619],[76.64319,9.47932],[76.64833,9.47834],[76.65103,9.48138],[76.66027,9.48267],[76.66506,9.48166],[76.66661,9.48252],[76.67457,9.48019],[76.67478,9.48233],[76.68165,9.48113],[76.68675,9.47924],[76.68908,9.47732],[76.69493,9.47827],[76.70038,9.47689],[76.70087,9.47255],[76.70465,9.4631],[76.70673,9.46066],[76.70856,9.45456],[76.71343,9.45715],[76.71798,9.46213],[76.72184,9.46474],[76.72969,9.46583],[76.72983,9.46947],[76.73175,9.47385],[76.73487,9.47601],[76.74043,9.47595],[76.74384,9.47398],[76.7457,9.47475],[76.74872,9.46905],[76.7489,9.4631],[76.75213,9.45832],[76.75129,9.45513],[76.7544,9.45391],[76.76162,9.44495],[76.7614,9.44208],[76.76523,9.43669],[76.76687,9.437],[76.76842,9.4415],[76.77884,9.44605],[76.78293,9.44871],[76.78756,9.44887],[76.78933,9.44675],[76.79273,9.44668],[76.79195,9.45102],[76.79415,9.4539],[76.79777,9.4517],[76.79997,9.45374],[76.80003,9.45687],[76.80404,9.45501],[76.81623,9.45612],[76.81871,9.4553],[76.82338,9.44578],[76.82625,9.44663],[76.82897,9.45239],[76.83287,9.45238],[76.83467,9.45002],[76.84111,9.45036],[76.84516,9.44953],[76.84797,9.44567],[76.85283,9.44967],[76.85363,9.45299],[76.85311,9.45652],[76.85526,9.45663],[76.85699,9.45367],[76.861,9.45322],[76.86412,9.45085],[76.86922,9.44843],[76.87662,9.44669],[76.88525,9.4431],[76.88901,9.44013],[76.89907,9.43368],[76.90459,9.43164],[76.90482,9.42975],[76.90999,9.42653],[76.91116,9.42341],[76.91444,9.42539],[76.9199,9.42583],[76.92434,9.42218],[76.92256,9.41649],[76.92709,9.41578],[76.93259,9.41831],[76.93624,9.42131],[76.94086,9.42067],[76.94399,9.41917],[76.94946,9.41967],[76.95078,9.42072],[76.959,9.4205],[76.96001,9.42272],[76.96472,9.42323],[76.96804,9.42517],[76.97134,9.42447],[76.9771,9.42496],[76.97801,9.42689],[76.97204,9.42705],[76.97309,9.42948],[76.97143,9.43147],[76.96863,9.43117],[76.96632,9.43315],[76.9638,9.42705],[76.96032,9.4275],[76.95405,9.43034],[76.95496,9.43381],[76.95018,9.43534],[76.94754,9.43433],[76.9483,9.43113],[76.94577,9.43092],[76.9437,9.42854],[76.94111,9.43282],[76.9448,9.43516],[76.94177,9.43961],[76.94196,9.44184],[76.94005,9.44516],[76.94771,9.44757],[76.95184,9.45032],[76.95554,9.45777],[76.95856,9.45832],[76.95843,9.46144],[76.9635,9.46486],[76.96891,9.46463],[76.97173,9.46721],[76.97479,9.46632],[76.97786,9.4674],[76.98204,9.46699],[76.98463,9.47058],[76.98412,9.47975],[76.98179,9.48339],[76.98407,9.48635],[76.98312,9.4901],[76.97803,9.49804],[76.97428,9.50162],[76.96967,9.50111],[76.96929,9.5043],[76.96458,9.50854],[76.96081,9.50799],[76.96124,9.5057],[76.95706,9.50329],[76.95893,9.50058],[76.95644,9.49816],[76.95476,9.49191],[76.95006,9.49001],[76.938,9.50271],[76.93577,9.50448],[76.92977,9.50184],[76.92751,9.50503],[76.92462,9.50482],[76.92394,9.50703],[76.91188,9.51552],[76.90452,9.52152],[76.90578,9.52419],[76.90293,9.52742],[76.90349,9.53116],[76.90288,9.53653],[76.89629,9.53769],[76.88766,9.53771],[76.89081,9.54598],[76.88819,9.55084],[76.88886,9.55412],[76.88538,9.56272],[76.88701,9.56476],[76.88611,9.56864],[76.88592,9.57728],[76.883,9.58089],[76.88426,9.5833],[76.89146,9.58638],[76.89466,9.58572],[76.8951,9.58877],[76.89393,9.59454],[76.89176,9.59992],[76.89213,9.60451],[76.88985,9.60574],[76.88764,9.6108],[76.89104,9.61523],[76.88727,9.62082],[76.89243,9.62198],[76.89118,9.62955],[76.89455,9.63334],[76.89833,9.63404],[76.90335,9.63383],[76.9068,9.63082],[76.90967,9.62656],[76.91375,9.62493],[76.91737,9.62126],[76.9201,9.62096],[76.92613,9.6178],[76.9283,9.61532],[76.93254,9.61958],[76.93466,9.62047],[76.93159,9.62813],[76.92988,9.6303],[76.92246,9.63625],[76.91831,9.64318],[76.91948,9.64722],[76.92225,9.64987],[76.92519,9.64958],[76.92734,9.65281],[76.92515,9.65644],[76.9146,9.66359],[76.91221,9.66606],[76.91179,9.67005],[76.90814,9.67178],[76.903,9.6763],[76.90245,9.67819],[76.90388,9.68327],[76.90204,9.68877],[76.89744,9.69704],[76.89697,9.70093],[76.89053,9.71027],[76.88987,9.71572],[76.88526,9.72016],[76.88153,9.72046],[76.87407,9.72461],[76.86776,9.73001],[76.8672,9.73588]]]},"properties":{"level":"district","code":"KTM","name":"Kottayam"}},{"type":"Feature","geometry":{"type":"Polygon","coordinates":[[[75.76273,11.2752],[75.76509,11.26825],[75.76995,11.25132],[75.77229,11.24815],[75.77492,11.2384],[75.77935,11.22836],[75.77976,11.22407],[75.78556,11.20905],[75.78733,11.20221],[75.79264,11.18923],[75.7974,11.17571],[75.80028,11.16892],[75.80084,11.16532],[75.80416,11.16235],[75.80255,11.1604],[75.80953,11.15122],[75.81286,11.14984],[75.81659,11.14344],[75.82434,11.12498],[75.82562,11.12383],[75.83049,11.12576],[75.83348,11.13172],[75.83914,11.13664],[75.84226,11.14023],[75.84612,11.14293],[75.85144,11.14252],[75.85724,11.13786],[75.85786,11.14412],[75.85509,11.148],[75.85521,11.1504],[75.85221,11.15343],[75.85388,11.15596],[75.85663,11.15612],[75.86073,11.16086],[75.86072,11.16649],[75.86496,11.1698],[75.8645,11.17098],[75.87053,11.17245],[75.87069,11.16938],[75.87794,11.16627],[75.88175,11.17104],[75.88766,11.17204],[75.88582,11.17505],[75.88588,11.18261],[75.88123,11.18493],[75.88054,11.18269],[75.87589,11.18239],[75.87459,11.18635],[75.87202,11.18769],[75.86502,11.18787],[75.86216,11.18976],[75.86,11.19505],[75.8598,11.20042],[75.85557,11.20156],[75.85737,11.20762],[75.85959,11.205],[75.86277,11.20491],[75.86821,11.20635],[75.87149,11.20972],[75.87594,11.21736],[75.87777,11.22314],[75.88879,11.2292],[75.89572,11.22932],[75.89718,11.22998],[75.89943,11.23491],[75.8993,11.2409],[75.9016,11.24283],[75.90787,11.24002],[75.91174,11.23693],[75.91697,11.2362],[75.9194,11.2372],[75.92332,11.24338],[75.9252,11.2452],[75.93907,11.24911],[75.95192,11.25003],[75.95798,11.25237],[75.9603,11.25437],[75.9641,11.26083],[75.96988,11.26625],[75.97574,11.26897],[75.98169,11.26354],[75.98655,11.2616],[75.99546,11.2541],[75.99999,11.25877],[76.00725,11.25886],[76.00921,11.25975],[76.01162,11.26538],[76.01371,11.26801],[76.01781,11.26757],[76.01921,11.26866],[76.02391,11.26892],[76.03268,11.26608],[76.03615,11.26798],[76.04109,11.2669],[76.04909,11.26737],[76.05172,11.27174],[76.05836,11.27722],[76.06117,11.28242],[76.06636,11.28512],[76.06799,11.28469],[76.07257,11.28764],[76.07101,11.29237],[76.06946,11.29405],[76.07794,11.2994],[76.08448,11.30468],[76.08351,11.30744],[76.08705,11.31],[76.09212,11.31139],[76.09386,11.31021],[76.0972,11.31128],[76.1036,11.31123],[76.10697,11.31519],[76.11382,11.31446],[76.11869,11.32005],[76.11901,11.32468],[76.11814,11.32704],[76.11514,11.32952],[76.11755,11.33715],[76.11314,11.33861],[76.11134,11.33746],[76.1044,11.33937],[76.09874,11.34233],[76.09448,11.34727],[76.09206,11.35261],[76.09289,11.3564],[76.0959,11.36318],[76.10209,11.36844],[76.09924,11.37275],[76.09748,11.38293],[76.0998,11.38871],[76.09942,11.39589],[76.10646,11.403],[76.10544,11.41009],[76.11299,11.41097],[76.11786,11.40846],[76.1211,11.41066],[76.12248,11.41576],[76.12487,11.4165],[76.12921,11.42144],[76.13108,11.42702],[76.1363,11.42315],[76.13855,11.42025],[76.1418,11.42136],[76.14321,11.42568],[76.14595,11.42989],[76.1402,11.43791],[76.13982,11.44322],[76.14284,11.45163],[76.13563,11.46004],[76.1321,11.46113],[76.13066,11.46453],[76.12788,11.46494],[76.12405,11.46847],[76.12293,11.47382],[76.11536,11.47631],[76.11166,11.47613],[76.1078,11.47928],[76.1058,11.48246],[76.10204,11.48316],[76.09392,11.48229],[76.09174,11.48266],[76.08824,11.48676],[76.08755,11.49043],[76.09302,11.49361],[76.08873,11.50609],[76.09053,11.51005],[76.08951,11.51253],[76.08304,11.51441],[76.07918,11.52107],[76.07566,11.52329],[76.07382,11.52288],[76.06764,11.51761],[76.06292,11.5103],[76.05701,11.50869],[76.05623,11.50592],[76.05181,11.50394],[76.04862,11.50374],[76.04523,11.50696],[76.04359,11.50457],[76.03785,11.50269],[76.03665,11.50351],[76.0357,11.50861],[76.03218,11.51127],[76.0274,11.51336],[76.02115,11.51398],[76.01798,11.51463],[76.01697,11.51707],[76.00938,11.52179],[76.00619,11.5222],[76.00498,11.5239],[76,11.52683],[75.99758,11.53181],[75.99007,11.53675],[75.98158,11.53965],[75.98041,11.54097],[75.96955,11.55105],[75.96402,11.55757],[75.95781,11.56069],[75.95858,11.56308],[75.95806,11.56843],[75.95639,11.57328],[75.95748,11.57495],[75.95214,11.58094],[75.95035,11.58191],[75.94647,11.58091],[75.94193,11.58399],[75.93941,11.58431],[75.93656,11.59092],[75.92818,11.59054],[75.92537,11.59397],[75.9177,11.59586],[75.9144,11.60046],[75.90916,11.60081],[75.9074,11.60424],[75.90562,11.61214],[75.90416,11.61466],[75.90179,11.61557],[75.90143,11.61904],[75.89797,11.62288],[75.89787,11.62621],[75.89968,11.62958],[75.89983,11.63698],[75.897,11.64277],[75.89924,11.64473],[75.90341,11.65165],[75.90272,11.65703],[75.90533,11.66154],[75.9029,11.67152],[75.90009,11.67605],[75.90163,11.67841],[75.90528,11.67949],[75.90733,11.68324],[75.91121,11.68411],[75.91521,11.68767],[75.91538,11.69047],[75.90844,11.6942],[75.90431,11.69552],[75.9002,11.69922],[75.89755,11.69856],[75.89112,11.69946],[75.88233,11.69911],[75.87534,11.70433],[75.87267,11.70139],[75.86799,11.70207],[75.86273,11.70433],[75.8567,11.70291],[75.85114,11.70284],[75.84865,11.70558],[75.84585,11.70654],[75.84561,11.71424],[75.83734,11.71911],[75.83367,11.71914],[75.83129,11.72089],[75.82905,11.72512],[75.82425,11.72745],[75.82151,11.73337],[75.81921,11.73406],[75.81426,11.73986],[75.81144,11.74003],[75.81011,11.74292],[75.80243,11.74354],[75.79679,11.74283],[75.79083,11.74347],[75.79687,11.74643],[75.7996,11.75002],[75.79911,11.75341],[75.79414,11.75358],[75.78329,11.7607],[75.78387,11.76347],[75.7881,11.76509],[75.7898,11.77215],[75.78698,11.77523],[75.79175,11.77859],[75.79385,11.78486],[75.79314,11.79113],[75.7798,11.79919],[75.77666,11.802],[75.77205,11.80275],[75.76909,11.80366],[75.76293,11.80395],[75.75733,11.80587],[75.74988,11.8039],[75.74703,11.79796],[75.75319,11.79491],[75.7534,11.79231],[75.75763,11.78913],[75.75008,11.78209],[75.74593,11.78664],[75.7418,11.78604],[75.73723,11.78676],[75.73729,11.78141],[75.72892,11.78048],[75.72679,11.78741],[75.72301,11.79241],[75.71657,11.79684],[75.71315,11.79611],[75.707,11.79722],[75.69913,11.79944],[75.69149,11.79954],[75.69141,11.79432],[75.68807,11.78882],[75.68774,11.7851],[75.68571,11.77884],[75.68297,11.77459],[75.67841,11.77357],[75.67478,11.77172],[75.6692,11.77043],[75.66705,11.76597],[75.66698,11.76083],[75.66507,11.75828],[75.6592,11.75826],[75.6581,11.75536],[75.65441,11.75381],[75.64837,11.74982],[75.64851,11.74678],[75.64347,11.74337],[75.64131,11.74418],[75.63799,11.73854],[75.63387,11.73634],[75.62969,11.73877],[75.6273,11.73812],[75.62262,11.73328],[75.62421,11.7322],[75.61961,11.72782],[75.61494,11.72437],[75.61099,11.72524],[75.60859,11.72112],[75.60619,11.7226],[75.6031,11.71883],[75.59944,11.71922],[75.59615,11.71374],[75.59322,11.71254],[75.58899,11.71328],[75.5875,11.71133],[75.59319,11.70844],[75.59386,11.70528],[75.59236,11.69974],[75.59487,11.69643],[75.60112,11.69628],[75.60389,11.69048],[75.60032,11.6867],[75.59398,11.6884],[75.58724,11.68726],[75.58373,11.68475],[75.57913,11.67981],[75.56999,11.67508],[75.56618,11.67997],[75.56274,11.68052],[75.56163,11.68347],[75.56402,11.69261],[75.56356,11.6943],[75.55684,11.69837],[75.55318,11.70338],[75.54999,11.7047],[75.54423,11.70454],[75.54225,11.70209],[75.54148,11.6968],[75.53623,11.69354],[75.54202,11.68324],[75.54668,11.67364],[75.54837,11.66914],[75.56147,11.64066],[75.56327,11.63508],[75.56675,11.62813],[75.56728,11.6251],[75.57551,11.60429],[75.58044,11.59037],[75.58269,11.58527],[75.58596,11.57576],[75.59021,11.56145],[75.59421,11.55247],[75.6012,11.53161],[75.60631,11.51851],[75.60757,11.51391],[75.61062,11.50631],[75.6126,11.50312],[75.61453,11.49764],[75.61504,11.49377],[75.61747,11.48873],[75.61922,11.48087],[75.61646,11.47867],[75.61678,11.47641],[75.6209,11.47293],[75.62217,11.47419],[75.6264,11.47312],[75.62987,11.46957],[75.63339,11.46146],[75.63783,11.46209],[75.63739,11.46445],[75.64412,11.46625],[75.64523,11.4682],[75.65212,11.46652],[75.66014,11.46176],[75.6637,11.46213],[75.6661,11.46025],[75.67453,11.45191],[75.67568,11.44993],[75.67894,11.45109],[75.68161,11.44962],[75.68436,11.44616],[75.69163,11.4341],[75.69767,11.42488],[75.70286,11.41475],[75.70888,11.40212],[75.7124,11.39535],[75.71433,11.39354],[75.71964,11.38259],[75.72379,11.3726],[75.72819,11.3641],[75.73185,11.35581],[75.73292,11.35152],[75.73528,11.34601],[75.73464,11.34297],[75.73578,11.33759],[75.73317,11.33447],[75.73589,11.33133],[75.73717,11.32382],[75.74103,11.32134],[75.74496,11.32151],[75.74749,11.31706],[75.75271,11.30279],[75.75424,11.29733],[75.75758,11.29044],[75.76273,11.2752]]]},"properties":{"level":"district","code":"KZD","name":"Kozhikode"}},{"type":"Feature","geometry":{"type":"Polygon","coordinates":[[[76.06946,11.29405],[76.07101,11.29237],[76.07257,11.28764],[76.06799,11.28469],[76.06636,11.28512],[76.06117,11.28242],[76.05836,11.27722],[76.05172,11.27174],[76.04909,11.26737],[76.04109,11.2669],[76.03615,11.26798],[76.03268,11.26608],[76.02391,11.26892],[76.01921,11.26866],[76.01781,11.26757],[76.01371,11.26801],[76.01162,11.26538],[76.00921,11.25975],[76.00725,11.25886],[75.99999,11.25877],[75.99546,11.2541],[75.98655,11.2616],[75.98169,11.26354],[75.97574,11.26897],[75.96988,11.26625],[75.9641,11.26083],[75.9603,11.25437],[75.95798,11.25237],[75.95192,11.25003],[75.93907,11.24911],[75.9252,11.2452],[75.92332,11.24338],[75.9194,11.2372],[75.91697,11.2362],[75.91174,11.23693],[75.90787,11.24002],[75.9016,11.24283],[75.8993,11.2409],[75.89943,11.23491],[75.89718,11.22998],[75.89572,11.22932],[75.88879,11.2292],[75.87777,11.22314],[75.87594,11.21736],[75.87149,11.20972],[75.86821,11.20635],[75.86277,11.20491],[75.85959,11.205],[75.85737,11.20762],[75.85557,11.20156],[75.8598,11.20042],[75.86,11.19505],[75.86216,11.18976],[75.86502,11.18787],[75.87202,11.18769],[75.87459,11.18635],[75.87589,11.18239],[75.88054,11.18269],[75.88123,11.18493],[75.88588,11.18261],[75.88582,11.17505],[75.88766,11.17204],[75.88175,11.17104],[75.87794,11.16627],[75.87069,11.16938],[75.87053,11.17245],[75.8645,11.17098],[75.86496,11.1698],[75.86072,11.16649],[75.86073,11.16086],[75.85663,11.15612],[75.85388,11.15596],[75.85221,11.15343],[75.85521,11.1504],[75.85509,11.148],[75.85786,11.14412],[75.85724,11.13786],[75.85144,11.14252],[75.84612,11.14293],[75.84226,11.14023],[75.83914,11.13664],[75.83348,11.13172],[75.83049,11.12576],[75.82562,11.12383],[75.82964,11.1155],[75.83248,11.10686],[75.83503,11.0975],[75.83762,11.09042],[75.84259,11.07488],[75.8454,11.06418],[75.8467,11.06287],[75.84812,11.05707],[75.84806,11.0522],[75.84953,11.04893],[75.85147,11.03759],[75.85305,11.03557],[75.85455,11.02844],[75.85749,11.01966],[75.86112,11.00506],[75.86241,11.00141],[75.8628,10.99453],[75.86895,10.96996],[75.87241,10.95715],[75.87464,10.94498],[75.8764,10.94199],[75.88332,10.91217],[75.89084,10.87902],[75.89599,10.85321],[75.89628,10.8503],[75.90326,10.81777],[75.90977,10.78952],[75.9101,10.78613],[75.91298,10.78514],[75.91315,10.78083],[75.91736,10.77392],[75.9209,10.76252],[75.92814,10.74669],[75.93563,10.72931],[75.93667,10.7293],[75.93629,10.72823],[75.94005,10.72075],[75.94496,10.70936],[75.95616,10.68536],[75.96352,10.68933],[75.96794,10.69404],[75.97049,10.69111],[75.97661,10.69548],[75.97974,10.69473],[75.98078,10.69127],[75.98298,10.68822],[75.98632,10.69096],[75.99333,10.6919],[76.00124,10.69427],[76.00316,10.69186],[76.00732,10.68961],[76.01215,10.69053],[76.01606,10.69478],[76.01988,10.69734],[76.02437,10.69764],[76.03029,10.70011],[76.03427,10.70062],[76.03412,10.70348],[76.03656,10.70713],[76.04872,10.70624],[76.05155,10.70444],[76.05263,10.71047],[76.05637,10.71649],[76.06107,10.71974],[76.06108,10.72409],[76.0593,10.72756],[76.06487,10.72589],[76.06559,10.72928],[76.06924,10.73003],[76.0684,10.73085],[76.06872,10.73794],[76.06674,10.73847],[76.06382,10.74353],[76.06139,10.74323],[76.05365,10.74002],[76.04753,10.74242],[76.04556,10.7451],[76.04716,10.7517],[76.04523,10.75346],[76.03988,10.75547],[76.04098,10.76304],[76.0392,10.76755],[76.03998,10.76961],[76.04125,10.78315],[76.04216,10.78568],[76.04268,10.79597],[76.04915,10.79702],[76.04933,10.80033],[76.04199,10.80496],[76.03816,10.80499],[76.03564,10.80901],[76.03717,10.81269],[76.03675,10.81581],[76.03276,10.81703],[76.02722,10.82214],[76.03066,10.82659],[76.03396,10.82754],[76.03203,10.83163],[76.03517,10.8344],[76.03768,10.83815],[76.04003,10.84583],[76.04464,10.84879],[76.05378,10.84577],[76.05971,10.83986],[76.06915,10.83812],[76.07377,10.83939],[76.07633,10.83908],[76.08159,10.84017],[76.08967,10.83969],[76.09486,10.84084],[76.10018,10.84349],[76.10283,10.84735],[76.10249,10.85888],[76.10348,10.86134],[76.10213,10.86844],[76.10391,10.87195],[76.11075,10.86696],[76.11345,10.86907],[76.1136,10.8769],[76.11471,10.88137],[76.11659,10.88223],[76.13024,10.87839],[76.13153,10.88132],[76.13037,10.88579],[76.13077,10.89652],[76.13366,10.89703],[76.13776,10.89543],[76.14445,10.8897],[76.14991,10.88991],[76.15201,10.89143],[76.15807,10.90022],[76.15885,10.90823],[76.16191,10.91236],[76.16862,10.91482],[76.17142,10.91439],[76.17277,10.90761],[76.17486,10.90569],[76.17762,10.90635],[76.18291,10.90988],[76.18857,10.91023],[76.18921,10.90901],[76.18666,10.90111],[76.18913,10.89827],[76.19321,10.89737],[76.20009,10.8984],[76.20399,10.89758],[76.20616,10.89869],[76.20716,10.90308],[76.21151,10.90854],[76.21245,10.91296],[76.21583,10.91481],[76.21738,10.91267],[76.21768,10.90831],[76.22088,10.90477],[76.22298,10.90023],[76.22714,10.89521],[76.22907,10.89128],[76.22963,10.88794],[76.23272,10.8862],[76.24386,10.8876],[76.25126,10.88562],[76.25352,10.88759],[76.25725,10.89636],[76.26083,10.90051],[76.26517,10.9084],[76.26641,10.91376],[76.26868,10.91549],[76.2717,10.91442],[76.279,10.91634],[76.28303,10.9137],[76.28576,10.91355],[76.29237,10.91675],[76.2945,10.91956],[76.29908,10.91833],[76.30073,10.91533],[76.30414,10.91211],[76.30659,10.91108],[76.31363,10.91271],[76.31895,10.91204],[76.32103,10.91088],[76.32058,10.90751],[76.32317,10.90547],[76.32843,10.90437],[76.33417,10.90473],[76.33603,10.90585],[76.33532,10.91116],[76.33216,10.9138],[76.33224,10.92063],[76.33379,10.92331],[76.33144,10.926],[76.32821,10.92762],[76.32179,10.93348],[76.31993,10.94197],[76.32072,10.95393],[76.32235,10.95461],[76.32398,10.9593],[76.32796,10.96463],[76.32559,10.96721],[76.32868,10.97339],[76.32738,10.97522],[76.32787,10.97898],[76.33263,10.98166],[76.33547,10.98111],[76.33709,10.97624],[76.34147,10.9772],[76.34632,10.97528],[76.35257,10.97583],[76.35421,10.97493],[76.35856,10.97639],[76.36122,10.97323],[76.36338,10.97501],[76.36483,10.98125],[76.36702,10.98685],[76.36905,10.98896],[76.36788,10.99264],[76.37085,10.99481],[76.37114,10.99722],[76.36493,10.99891],[76.36336,10.99807],[76.35801,10.99871],[76.35692,10.99758],[76.35233,10.99955],[76.35144,10.99582],[76.34689,10.99719],[76.34447,10.99698],[76.34176,10.9992],[76.3389,10.99959],[76.33465,10.99851],[76.33121,11.0016],[76.32542,11.00356],[76.32374,11.0074],[76.32427,11.01338],[76.32789,11.01981],[76.32807,11.02421],[76.32533,11.02358],[76.3212,11.02707],[76.31715,11.02937],[76.30545,11.02732],[76.2984,11.02837],[76.29592,11.02467],[76.29205,11.02549],[76.2893,11.02373],[76.28845,11.0214],[76.28432,11.0243],[76.28615,11.02998],[76.28911,11.03301],[76.28488,11.03382],[76.28852,11.04016],[76.29256,11.04052],[76.29348,11.04517],[76.29577,11.04731],[76.2946,11.05056],[76.30453,11.04862],[76.30906,11.04667],[76.30917,11.04912],[76.31161,11.05069],[76.31993,11.05179],[76.32485,11.05022],[76.33096,11.05506],[76.3329,11.05944],[76.3344,11.06018],[76.33334,11.06635],[76.33055,11.0691],[76.33103,11.07263],[76.33949,11.07773],[76.34221,11.0826],[76.34412,11.08803],[76.34771,11.08836],[76.35101,11.09235],[76.35775,11.09326],[76.36049,11.09791],[76.36698,11.09736],[76.36894,11.09856],[76.37549,11.097],[76.38222,11.10034],[76.38828,11.09929],[76.38941,11.1033],[76.38542,11.10861],[76.3859,11.11152],[76.38992,11.11184],[76.39913,11.11367],[76.40351,11.11541],[76.40853,11.11854],[76.40823,11.13022],[76.41009,11.13502],[76.41071,11.13931],[76.41353,11.14162],[76.41035,11.14529],[76.41032,11.1487],[76.40699,11.15126],[76.40651,11.15612],[76.40847,11.15695],[76.41128,11.16192],[76.41076,11.16464],[76.41261,11.16632],[76.41368,11.17086],[76.41129,11.1733],[76.40976,11.17666],[76.40705,11.17857],[76.40565,11.18392],[76.40275,11.18644],[76.40626,11.19331],[76.40439,11.20108],[76.40458,11.20567],[76.40305,11.20769],[76.4047,11.20963],[76.40819,11.20838],[76.41374,11.21106],[76.41816,11.20885],[76.42458,11.20928],[76.42848,11.20752],[76.43067,11.2029],[76.43558,11.20214],[76.43749,11.20434],[76.43936,11.20296],[76.44896,11.20547],[76.45309,11.23937],[76.4663,11.24512],[76.48711,11.25829],[76.50838,11.26689],[76.52218,11.27134],[76.52626,11.28826],[76.53819,11.29491],[76.54576,11.30031],[76.53936,11.30462],[76.5373,11.31404],[76.54286,11.32199],[76.54997,11.33099],[76.54744,11.34547],[76.54786,11.35889],[76.50818,11.35412],[76.51512,11.35969],[76.51775,11.37156],[76.50372,11.37552],[76.49905,11.37726],[76.47518,11.38352],[76.46208,11.38747],[76.44786,11.3983],[76.42995,11.41146],[76.41508,11.42263],[76.4187,11.44178],[76.398,11.43494],[76.39275,11.43804],[76.37855,11.44919],[76.37257,11.45101],[76.37054,11.45461],[76.3463,11.46415],[76.34223,11.46759],[76.33885,11.46382],[76.3322,11.45865],[76.32843,11.45635],[76.32547,11.45333],[76.31874,11.45849],[76.30515,11.46779],[76.29647,11.46558],[76.29352,11.46568],[76.29047,11.46957],[76.29309,11.4705],[76.29418,11.47289],[76.28708,11.48068],[76.28444,11.48292],[76.28157,11.47924],[76.27856,11.47922],[76.27562,11.47687],[76.27044,11.47716],[76.26769,11.48053],[76.26413,11.48066],[76.24758,11.46854],[76.2491,11.48658],[76.24979,11.49832],[76.25229,11.5],[76.24852,11.50647],[76.249,11.51311],[76.24816,11.51649],[76.24505,11.51678],[76.24271,11.52112],[76.2384,11.52478],[76.23854,11.52654],[76.23358,11.5285],[76.2293,11.52378],[76.22781,11.52103],[76.22617,11.51323],[76.22414,11.5097],[76.22194,11.51162],[76.21676,11.50972],[76.21381,11.51],[76.20598,11.50724],[76.1992,11.50648],[76.19593,11.50181],[76.19129,11.49845],[76.18939,11.49473],[76.18938,11.49237],[76.18547,11.48939],[76.18443,11.4843],[76.18274,11.48168],[76.18705,11.47789],[76.18411,11.4734],[76.1786,11.46939],[76.16778,11.46469],[76.16481,11.4589],[76.15858,11.45709],[76.153,11.453],[76.14791,11.45364],[76.14284,11.45163],[76.13982,11.44322],[76.1402,11.43791],[76.14595,11.42989],[76.14321,11.42568],[76.1418,11.42136],[76.13855,11.42025],[76.1363,11.42315],[76.13108,11.42702],[76.12921,11.42144],[76.12487,11.4165],[76.12248,11.41576],[76.1211,11.41066],[76.11786,11.40846],[76.11299,11.41097],[76.10544,11.41009],[76.10646,11.403],[76.09942,11.39589],[76.0998,11.38871],[76.09748,11.38293],[76.09924,11.37275],[76.10209,11.36844],[76.0959,11.36318],[76.09289,11.3564],[76.09206,11.35261],[76.09448,11.34727],[76.09874,11.34233],[76.1044,11.33937],[76.11134,11.33746],[76.11314,11.33861],[76.11755,11.33715],[76.11514,11.32952],[76.11814,11.32704],[76.11901,11.32468],[76.11869,11.32005],[76.11382,11.31446],[76.10697,11.31519],[76.1036,11.31123],[76.0972,11.31128],[76.09386,11.31021],[76.09212,11.31139],[76.08705,11.31],[76.08351,11.30744],[76.08448,11.30468],[76.07794,11.2994],[76.06946,11.29405]]]},"properties":{"level":"district","code":"MLP","name":"Malappuram"}},{"type":"Feature","geometry":{"type":"Polygon","coordinates":[[[76.58249,10.43658],[76.58806,10.4354],[76.59091,10.43031],[76.59545,10.42448],[76.59526,10.42175],[76.60141,10.41819],[76.60338,10.41281],[76.60506,10.41078],[76.60378,10.40781],[76.60711,10.40463],[76.60655,10.40005],[76.6094,10.39891],[76.61529,10.39105],[76.61834,10.38969],[76.61861,10.38529],[76.62185,10.37998],[76.62493,10.379],[76.62736,10.38291],[76.62928,10.37681],[76.63258,10.37646],[76.63574,10.38035],[76.64093,10.38049],[76.64211,10.38221],[76.64668,10.38265],[76.65178,10.38019],[76.65452,10.37678],[76.65755,10.3795],[76.65722,10.38261],[76.66139,10.38562],[76.66553,10.38027],[76.66802,10.37815],[76.66937,10.37418],[76.67909,10.36787],[76.68389,10.36713],[76.68683,10.36328],[76.69502,10.36181],[76.70311,10.36305],[76.70438,10.36816],[76.70774,10.37112],[76.71313,10.37286],[76.7223,10.37241],[76.7312,10.36839],[76.73412,10.36873],[76.75,10.36577],[76.75354,10.36215],[76.75641,10.36129],[76.76393,10.36185],[76.76529,10.35958],[76.76483,10.35633],[76.75885,10.3491],[76.75256,10.34756],[76.75375,10.34405],[76.75151,10.34092],[76.75158,10.33836],[76.75454,10.33621],[76.7602,10.33684],[76.76651,10.33496],[76.77179,10.33416],[76.77648,10.34181],[76.77814,10.34176],[76.78492,10.33709],[76.79161,10.33571],[76.79858,10.3379],[76.80451,10.33692],[76.80553,10.33824],[76.80569,10.34404],[76.8085,10.3465],[76.81113,10.34624],[76.81604,10.34887],[76.81771,10.34826],[76.82803,10.33729],[76.83346,10.33669],[76.83766,10.33777],[76.83609,10.34044],[76.83631,10.34602],[76.83991,10.3499],[76.84194,10.35359],[76.84555,10.35662],[76.84624,10.35845],[76.84549,10.36374],[76.84879,10.36823],[76.84448,10.37497],[76.84389,10.37753],[76.84063,10.3791],[76.83706,10.38266],[76.83429,10.38325],[76.8305,10.38966],[76.82366,10.39506],[76.83403,10.40334],[76.83285,10.40791],[76.83043,10.4113],[76.82747,10.41135],[76.82582,10.40958],[76.82253,10.41456],[76.82317,10.41701],[76.81638,10.42352],[76.82513,10.44356],[76.82833,10.45017],[76.82965,10.47783],[76.83074,10.49184],[76.83104,10.50003],[76.84188,10.53572],[76.8431,10.53729],[76.84205,10.54078],[76.83536,10.54494],[76.83522,10.55285],[76.83568,10.55787],[76.83914,10.56133],[76.83922,10.56475],[76.83421,10.57063],[76.83356,10.57389],[76.83485,10.57819],[76.83754,10.58186],[76.83679,10.58484],[76.83836,10.59641],[76.83754,10.59826],[76.83189,10.59911],[76.82601,10.59613],[76.82162,10.60024],[76.81731,10.6032],[76.81583,10.60852],[76.81844,10.61054],[76.81631,10.61367],[76.81648,10.61618],[76.81188,10.61962],[76.81186,10.62526],[76.81497,10.62963],[76.81418,10.63586],[76.82113,10.63442],[76.83118,10.63751],[76.83928,10.6343],[76.84445,10.63584],[76.85327,10.63494],[76.85884,10.63228],[76.86751,10.63325],[76.87346,10.63777],[76.88221,10.63953],[76.8828,10.64626],[76.88385,10.64768],[76.88295,10.65294],[76.88092,10.65645],[76.88164,10.65997],[76.87806,10.66783],[76.87861,10.67383],[76.87748,10.67673],[76.86958,10.67678],[76.86754,10.67905],[76.86603,10.68531],[76.87084,10.69288],[76.86759,10.69478],[76.87143,10.69925],[76.8752,10.7065],[76.88221,10.71734],[76.88635,10.71863],[76.8903,10.71692],[76.89294,10.72146],[76.89111,10.72321],[76.88864,10.72831],[76.8883,10.73247],[76.89074,10.73824],[76.89267,10.73996],[76.89616,10.74533],[76.89657,10.75244],[76.90002,10.75507],[76.9025,10.75839],[76.90379,10.76218],[76.90338,10.77168],[76.90531,10.77352],[76.90753,10.77799],[76.90721,10.78269],[76.90561,10.7882],[76.90296,10.79439],[76.90269,10.79766],[76.90084,10.80018],[76.90089,10.80715],[76.89867,10.80827],[76.88899,10.80958],[76.88553,10.80848],[76.87731,10.80891],[76.87006,10.80833],[76.86526,10.8129],[76.86396,10.81727],[76.86017,10.81832],[76.85875,10.81667],[76.85599,10.81799],[76.85129,10.81845],[76.8499,10.81725],[76.84817,10.8188],[76.84776,10.82213],[76.84499,10.82533],[76.8464,10.82732],[76.8512,10.83001],[76.85389,10.83461],[76.85378,10.83896],[76.85208,10.84059],[76.85087,10.84487],[76.84859,10.84684],[76.84842,10.84939],[76.84464,10.85044],[76.84067,10.85274],[76.83932,10.85614],[76.83194,10.86013],[76.83073,10.86423],[76.83076,10.86993],[76.82832,10.87191],[76.82613,10.87132],[76.81879,10.87352],[76.81563,10.87323],[76.81502,10.87536],[76.80813,10.8768],[76.80554,10.87875],[76.80122,10.88005],[76.7918,10.88111],[76.79103,10.88416],[76.78829,10.88529],[76.78652,10.88779],[76.78282,10.88854],[76.77972,10.8906],[76.77625,10.8892],[76.77457,10.8901],[76.77128,10.88761],[76.7679,10.88703],[76.76081,10.89366],[76.75527,10.8932],[76.75241,10.89506],[76.75,10.89225],[76.74554,10.89268],[76.74079,10.89097],[76.73925,10.89453],[76.7351,10.89702],[76.73168,10.89765],[76.72361,10.90335],[76.71783,10.90546],[76.7149,10.90861],[76.71264,10.90757],[76.70807,10.9101],[76.69521,10.91023],[76.68563,10.91472],[76.67675,10.91806],[76.66873,10.92323],[76.66206,10.92964],[76.65909,10.9305],[76.65853,10.93387],[76.6558,10.93901],[76.65938,10.94178],[76.66473,10.94348],[76.66579,10.94757],[76.66363,10.95073],[76.66739,10.9593],[76.66677,10.96809],[76.67389,10.97439],[76.67509,10.97722],[76.68596,10.98908],[76.68546,10.9938],[76.6882,11.00067],[76.68845,11.00442],[76.69063,11.01333],[76.69274,11.01617],[76.69416,11.02156],[76.70077,11.02757],[76.70615,11.03033],[76.71026,11.03441],[76.71089,11.03872],[76.71444,11.0409],[76.72267,11.04035],[76.72616,11.04114],[76.73242,11.03845],[76.7376,11.03974],[76.74191,11.03842],[76.749,11.03456],[76.75412,11.03249],[76.7666,11.02909],[76.76835,11.03104],[76.77365,11.03354],[76.78192,11.03435],[76.79184,11.03736],[76.79385,11.04192],[76.79315,11.0434],[76.79733,11.04746],[76.80086,11.05397],[76.79846,11.05655],[76.79622,11.05585],[76.79323,11.05297],[76.79176,11.04862],[76.78779,11.0447],[76.78418,11.04316],[76.77816,11.04209],[76.76894,11.04343],[76.76203,11.04798],[76.76104,11.052],[76.75364,11.05399],[76.75106,11.05541],[76.74613,11.05482],[76.74431,11.05768],[76.74432,11.06038],[76.74228,11.06577],[76.74377,11.06844],[76.74114,11.06973],[76.74259,11.0733],[76.74519,11.07527],[76.74832,11.07467],[76.75048,11.07899],[76.75228,11.0775],[76.75467,11.07901],[76.75453,11.08416],[76.7529,11.0867],[76.75232,11.09171],[76.75119,11.09361],[76.74643,11.09268],[76.74325,11.09973],[76.74117,11.09992],[76.73903,11.10375],[76.74268,11.10822],[76.74553,11.10861],[76.74742,11.1112],[76.74754,11.11759],[76.7467,11.11919],[76.74753,11.12305],[76.74547,11.13057],[76.7483,11.13584],[76.74638,11.13776],[76.74183,11.13274],[76.7354,11.13639],[76.7313,11.13112],[76.72303,11.14004],[76.71971,11.1413],[76.71731,11.14476],[76.71863,11.14732],[76.71611,11.14915],[76.71003,11.14799],[76.70932,11.14572],[76.71279,11.14333],[76.71126,11.14163],[76.70661,11.14164],[76.70026,11.14655],[76.70091,11.14977],[76.69737,11.14958],[76.69548,11.15184],[76.69527,11.15562],[76.69258,11.15615],[76.68956,11.15957],[76.68988,11.16215],[76.69197,11.16395],[76.69296,11.17236],[76.69584,11.17498],[76.70047,11.17574],[76.69961,11.18111],[76.70165,11.18189],[76.70659,11.17936],[76.70979,11.18333],[76.71004,11.18707],[76.71423,11.18816],[76.7172,11.18635],[76.71977,11.18692],[76.72224,11.19167],[76.72433,11.19258],[76.7285,11.1911],[76.7282,11.19585],[76.72656,11.19665],[76.72218,11.20363],[76.72589,11.20851],[76.72895,11.21131],[76.73142,11.21559],[76.72858,11.21829],[76.72565,11.21925],[76.72578,11.22503],[76.72116,11.22538],[76.71908,11.22804],[76.7149,11.23133],[76.71047,11.23273],[76.70709,11.23838],[76.70302,11.23847],[76.69827,11.2396],[76.69294,11.23678],[76.69018,11.23649],[76.68422,11.23374],[76.68531,11.2312],[76.68478,11.22773],[76.67824,11.22112],[76.67487,11.21902],[76.6719,11.2188],[76.65598,11.21025],[76.65341,11.21012],[76.64514,11.20431],[76.62972,11.19417],[76.62494,11.19559],[76.6009,11.20659],[76.58603,11.2043],[76.53422,11.19677],[76.51609,11.2043],[76.51048,11.21164],[76.50328,11.21161],[76.4828,11.21071],[76.47237,11.20875],[76.47347,11.19493],[76.46662,11.19332],[76.45844,11.18768],[76.4519,11.19922],[76.43862,11.19896],[76.43936,11.20296],[76.43749,11.20434],[76.43558,11.20214],[76.43067,11.2029],[76.42848,11.20752],[76.42458,11.20928],[76.41816,11.20885],[76.41374,11.21106],[76.40819,11.20838],[76.4047,11.20963],[76.40305,11.20769],[76.40458,11.20567],[76.40439,11.20108],[76.40626,11.19331],[76.40275,11.18644],[76.40565,11.18392],[76.40705,11.17857],[76.40976,11.17666],[76.41129,11.1733],[76.41368,11.17086],[76.41261,11.16632],[76.41076,11.16464],[76.41128,11.16192],[76.40847,11.15695],[76.40651,11.15612],[76.40699,11.15126],[76.41032,11.1487],[76.41035,11.14529],[76.41353,11.14162],[76.41071,11.13931],[76.41009,11.13502],[76.40823,11.13022],[76.40853,11.11854],[76.40351,11.11541],[76.39913,11.11367],[76.38992,11.11184],[76.3859,11.11152],[76.38542,11.10861],[76.38941,11.1033],[76.38828,11.09929],[76.38222,11.10034],[76.37549,11.097],[76.36894,11.09856],[76.36698,11.09736],[76.36049,11.09791],[76.35775,11.09326],[76.35101,11.09235],[76.34771,11.08836],[76.34412,11.08803],[76.34221,11.0826],[76.33949,11.07773],[76.33103,11.07263],[76.33055,11.0691],[76.33334,11.06635],[76.3344,11.06018],[76.3329,11.05944],[76.33096,11.05506],[76.32485,11.05022],[76.31993,11.05179],[76.31161,11.05069],[76.30917,11.04912],[76.30906,11.04667],[76.30453,11.04862],[76.2946,11.05056],[76.29577,11.04731],[76.29348,11.04517],[76.29256,11.04052],[76.28852,11.04016],[76.28488,11.03382],[76.28911,11.03301],[76.28615,11.02998],[76.28432,11.0243],[76.28845,11.0214],[76.2893,11.02373],[76.29205,11.02549],[76.29592,11.02467],[76.2984,11.02837],[76.30545,11.02732],[76.31715,11.02937],[76.3212,11.02707],[76.32533,11.02358],[76.32807,11.02421],[76.32789,11.01981],[76.32427,11.01338],[76.32374,11.0074],[76.32542,11.00356],[76.33121,11.0016],[76.33465,10.99851],[76.3389,10.99959],[76.34176,10.9992],[76.34447,10.99698],[76.34689,10.99719],[76.35144,10.99582],[76.35233,10.99955],[76.35692,10.99758],[76.35801,10.99871],[76.36336,10.99807],[76.36493,10.99891],[76.37114,10.99722],[76.37085,10.99481],[76.36788,10.99264],[76.36905,10.98896],[76.36702,10.98685],[76.36483,10.98125],[76.36338,10.97501],[76.36122,10.97323],[76.35856,10.97639],[76.35421,10.97493],[76.35257,10.97583],[76.34632,10.97528],[76.34147,10.9772],[76.33709,10.97624],[76.33547,10.98111],[76.33263,10.98166],[76.32787,10.97898],[76.32738,10.97522],[76.32868,10.97339],[76.32559,10.96721],[76.32796,10.96463],[76.32398,10.9593],[76.32235,10.95461],[76.32072,10.95393],[76.31993,10.94197],[76.32179,10.93348],[76.32821,10.92762],[76.33144,10.926],[76.33379,10.92331],[76.33224,10.92063],[76.33216,10.9138],[76.33532,10.91116],[76.33603,10.90585],[76.33417,10.90473],[76.32843,10.90437],[76.32317,10.90547],[76.32058,10.90751],[76.32103,10.91088],[76.31895,10.91204],[76.31363,10.91271],[76.30659,10.91108],[76.30414,10.91211],[76.30073,10.91533],[76.29908,10.91833],[76.2945,10.91956],[76.29237,10.91675],[76.28576,10.91355],[76.28303,10.9137],[76.279,10.91634],[76.2717,10.91442],[76.26868,10.91549],[76.26641,10.91376],[76.26517,10.9084],[76.26083,10.90051],[76.25725,10.89636],[76.25352,10.88759],[76.25126,10.88562],[76.24386,10.8876],[76.23272,10.8862],[76.22963,10.88794],[76.22907,10.89128],[76.22714,10.89521],[76.22298,10.90023],[76.22088,10.90477],[76.21768,10.90831],[76.21738,10.91267],[76.21583,10.91481],[76.21245,10.91296],[76.21151,10.90854],[76.20716,10.90308],[76.20616,10.89869],[76.20399,10.89758],[76.20009,10.8984],[76.19321,10.89737],[76.18913,10.89827],[76.18666,10.90111],[76.18921,10.90901],[76.18857,10.91023],[76.18291,10.90988],[76.17762,10.90635],[76.17486,10.90569],[76.17277,10.90761],[76.17142,10.91439],[76.16862,10.91482],[76.16191,10.91236],[76.15885,10.90823],[76.15807,10.90022],[76.15201,10.89143],[76.14991,10.88991],[76.14445,10.8897],[76.13776,10.89543],[76.13366,10.89703],[76.13077,10.89652],[76.13037,10.88579],[76.13153,10.88132],[76.13024,10.87839],[76.11659,10.88223],[76.11471,10.88137],[76.1136,10.8769],[76.11345,10.86907],[76.11075,10.86696],[76.10391,10.87195],[76.10213,10.86844],[76.10348,10.86134],[76.10249,10.85888],[76.10283,10.84735],[76.10018,10.84349],[76.09486,10.84084],[76.08967,10.83969],[76.08159,10.84017],[76.07633,10.83908],[76.07377,10.83939],[76.06915,10.83812],[76.05971,10.83986],[76.05378,10.84577],[76.04464,10.84879],[76.04003,10.84583],[76.03768,10.83815],[76.03517,10.8344],[76.03203,10.83163],[76.03396,10.82754],[76.03066,10.82659],[76.02722,10.82214],[76.03276,10.81703],[76.03675,10.81581],[76.03717,10.81269],[76.03564,10.80901],[76.03816,10.80499],[76.04199,10.80496],[76.04933,10.80033],[76.04915,10.79702],[76.04268,10.79597],[76.04216,10.78568],[76.04125,10.78315],[76.03998,10.76961],[76.0392,10.76755],[76.04098,10.76304],[76.03988,10.75547],[76.04523,10.75346],[76.04716,10.7517],[76.04556,10.7451],[76.04753,10.74242],[76.05365,10.74002],[76.06139,10.74323],[76.06382,10.74353],[76.06674,10.73847],[76.06872,10.73794],[76.0684,10.73085],[76.06924,10.73003],[76.07344,10.72977],[76.07549,10.72773],[76.08486,10.72803],[76.08998,10.72701],[76.09527,10.72822],[76.09688,10.72614],[76.09969,10.72535],[76.12263,10.7104],[76.12321,10.71211],[76.12694,10.71339],[76.13012,10.71632],[76.13291,10.72236],[76.13608,10.71955],[76.14479,10.71984],[76.152,10.71398],[76.15693,10.71803],[76.15902,10.71147],[76.16125,10.7069],[76.16392,10.70789],[76.16531,10.71136],[76.17176,10.71349],[76.17235,10.71783],[76.17399,10.71926],[76.17484,10.72311],[76.17694,10.72402],[76.17866,10.72839],[76.18131,10.72962],[76.18073,10.73294],[76.18255,10.73576],[76.18608,10.73815],[76.18751,10.7413],[76.1909,10.74481],[76.19181,10.75008],[76.2,10.75299],[76.20264,10.75202],[76.20344,10.76239],[76.20546,10.76835],[76.19756,10.77476],[76.19136,10.77689],[76.18817,10.77988],[76.18788,10.78268],[76.19659,10.78241],[76.20473,10.77826],[76.21001,10.77771],[76.21545,10.77988],[76.21925,10.78218],[76.22382,10.77978],[76.2295,10.77287],[76.23176,10.77246],[76.23601,10.7736],[76.24172,10.77362],[76.24434,10.77132],[76.24663,10.76598],[76.24727,10.76142],[76.24538,10.75656],[76.24484,10.7514],[76.24578,10.74908],[76.24914,10.74734],[76.25346,10.74689],[76.26066,10.75],[76.26541,10.75298],[76.26984,10.7537],[76.28111,10.75223],[76.28785,10.75537],[76.29119,10.75508],[76.2957,10.75332],[76.30753,10.75094],[76.31905,10.74657],[76.32669,10.74523],[76.32932,10.74541],[76.33466,10.74868],[76.33844,10.7493],[76.34202,10.74849],[76.35185,10.74335],[76.35655,10.74396],[76.35899,10.7482],[76.36167,10.7581],[76.3649,10.76305],[76.36915,10.76516],[76.37923,10.76758],[76.38506,10.76762],[76.38923,10.76346],[76.39382,10.74863],[76.39704,10.74634],[76.4033,10.74649],[76.40891,10.74918],[76.41421,10.74975],[76.42053,10.74924],[76.43288,10.75117],[76.437,10.75115],[76.44312,10.74958],[76.44904,10.75079],[76.469,10.75242],[76.47316,10.74893],[76.47062,10.74321],[76.47122,10.74025],[76.47968,10.73425],[76.47814,10.73042],[76.47219,10.7267],[76.46794,10.72477],[76.46699,10.72267],[76.46369,10.72056],[76.46551,10.71825],[76.46324,10.71594],[76.46119,10.70743],[76.45662,10.70119],[76.45352,10.70024],[76.45171,10.70201],[76.44469,10.69916],[76.44013,10.69653],[76.44473,10.69171],[76.44775,10.68647],[76.44953,10.67963],[76.4514,10.6756],[76.45035,10.66969],[76.45104,10.66582],[76.44706,10.66114],[76.4446,10.66374],[76.44154,10.66323],[76.43948,10.65937],[76.43578,10.65583],[76.43565,10.6515],[76.43424,10.65004],[76.42518,10.64917],[76.42183,10.64721],[76.42392,10.6438],[76.41992,10.63832],[76.41967,10.63339],[76.41748,10.63038],[76.42308,10.62772],[76.42556,10.62743],[76.42538,10.62256],[76.4265,10.62118],[76.4281,10.61346],[76.42189,10.60621],[76.41331,10.60564],[76.41347,10.60188],[76.41499,10.59984],[76.41316,10.59453],[76.40949,10.59676],[76.40551,10.60075],[76.40424,10.60037],[76.40117,10.596],[76.40297,10.59071],[76.40537,10.58631],[76.40768,10.58408],[76.40848,10.58007],[76.41308,10.57845],[76.42029,10.57875],[76.4206,10.57248],[76.4254,10.5715],[76.42584,10.56625],[76.42909,10.56512],[76.43009,10.56276],[76.43009,10.55821],[76.43177,10.5583],[76.43833,10.55366],[76.43497,10.54826],[76.43163,10.53728],[76.43272,10.53377],[76.43674,10.53013],[76.43961,10.52999],[76.43979,10.52529],[76.44128,10.52272],[76.45062,10.52171],[76.45207,10.51921],[76.45976,10.51075],[76.45923,10.50796],[76.46748,10.50259],[76.46687,10.4987],[76.47166,10.49652],[76.4716,10.49286],[76.47358,10.49112],[76.474,10.48709],[76.47854,10.48601],[76.48046,10.48555],[76.48717,10.48634],[76.4894,10.47929],[76.49332,10.47822],[76.49909,10.47943],[76.50201,10.47826],[76.5061,10.47346],[76.51548,10.47205],[76.52531,10.46703],[76.52721,10.46234],[76.53212,10.45921],[76.53627,10.44833],[76.55263,10.44602],[76.55739,10.44345],[76.55628,10.44069],[76.55645,10.43672],[76.55865,10.4341],[76.56088,10.43566],[76.56404,10.43563],[76.56704,10.43717],[76.5705,10.43636],[76.5732,10.43713],[76.58249,10.43658]]]},"properties":{"level":"district","code":"PKD","name":"Palakkad"}},{"type":"Feature","geometry":{"type":"Polygon","coordinates":[[[76.6564,9.2419],[76.65381,9.24043],[76.65398,9.23785],[76.64938,9.23614],[76.64735,9.23769],[76.64378,9.23503],[76.63926,9.23411],[76.64171,9.22817],[76.64505,9.22383],[76.64619,9.21711],[76.64543,9.21505],[76.6471,9.21055],[76.64705,9.20798],[76.65175,9.20412],[76.65711,9.20482],[76.66079,9.20131],[76.66821,9.20011],[76.67132,9.19533],[76.67705,9.19392],[76.67555,9.18925],[76.67704,9.18568],[76.67671,9.18286],[76.68094,9.18231],[76.68537,9.17921],[76.69069,9.17696],[76.68784,9.16903],[76.68556,9.16925],[76.6814,9.17208],[76.67478,9.17004],[76.67155,9.16426],[76.67206,9.16035],[76.67424,9.15444],[76.67078,9.15256],[76.66095,9.14947],[76.6488,9.14963],[76.64604,9.1467],[76.64195,9.14669],[76.6381,9.14826],[76.6367,9.14254],[76.63529,9.14084],[76.6363,9.13618],[76.6355,9.13307],[76.63628,9.12858],[76.63347,9.12343],[76.63423,9.11987],[76.63969,9.12252],[76.64455,9.12232],[76.64774,9.11751],[76.65141,9.11691],[76.65407,9.11454],[76.65949,9.11477],[76.66088,9.11594],[76.66453,9.11417],[76.66583,9.11592],[76.66974,9.11668],[76.67222,9.11375],[76.6747,9.10546],[76.67447,9.10092],[76.67711,9.09017],[76.67599,9.08708],[76.67172,9.0824],[76.67423,9.07906],[76.67867,9.07806],[76.67867,9.08173],[76.68387,9.08091],[76.68446,9.08556],[76.68618,9.08869],[76.69023,9.09156],[76.6932,9.08978],[76.69994,9.08933],[76.7047,9.08687],[76.71056,9.08686],[76.71226,9.08431],[76.71531,9.08492],[76.72204,9.08179],[76.72659,9.08403],[76.7334,9.08109],[76.73573,9.08597],[76.73932,9.08508],[76.74498,9.08009],[76.75029,9.08375],[76.75312,9.08824],[76.75595,9.08825],[76.75777,9.08589],[76.7581,9.07704],[76.75774,9.07396],[76.75934,9.07212],[76.76534,9.07488],[76.77094,9.07454],[76.77015,9.07786],[76.77093,9.08209],[76.76841,9.08682],[76.76562,9.09452],[76.76961,9.10113],[76.77366,9.10218],[76.77329,9.10432],[76.77643,9.10559],[76.77736,9.10934],[76.78108,9.10954],[76.78237,9.11347],[76.78663,9.11404],[76.7919,9.1108],[76.79329,9.10908],[76.79674,9.11051],[76.79938,9.1091],[76.80437,9.10931],[76.80927,9.10843],[76.81393,9.10492],[76.8186,9.09916],[76.81961,9.0968],[76.82222,9.09558],[76.82269,9.09338],[76.8277,9.09244],[76.82846,9.09388],[76.83294,9.09429],[76.84211,9.09207],[76.84563,9.09479],[76.8463,9.0988],[76.85191,9.09955],[76.84955,9.10234],[76.85172,9.10502],[76.85089,9.11038],[76.85562,9.11494],[76.85639,9.11697],[76.85936,9.11728],[76.86231,9.11555],[76.86598,9.1158],[76.86782,9.12174],[76.87467,9.12827],[76.8756,9.13089],[76.88371,9.12581],[76.88396,9.12195],[76.89017,9.12325],[76.89259,9.12276],[76.89696,9.12722],[76.89816,9.13042],[76.90158,9.12579],[76.91015,9.12575],[76.92385,9.12259],[76.92508,9.11873],[76.93094,9.1188],[76.93802,9.11724],[76.94385,9.1186],[76.94827,9.11724],[76.95569,9.12395],[76.95647,9.12649],[76.95967,9.12798],[76.96016,9.12996],[76.95408,9.13106],[76.94825,9.13131],[76.94563,9.13529],[76.93964,9.13872],[76.93631,9.13579],[76.93281,9.13779],[76.9264,9.13863],[76.92736,9.14629],[76.92632,9.14862],[76.92624,9.15436],[76.9277,9.16006],[76.92756,9.16355],[76.92818,9.1688],[76.93033,9.17379],[76.93543,9.17007],[76.93947,9.16898],[76.94488,9.16353],[76.95957,9.15356],[76.965,9.15171],[76.96722,9.15218],[76.97165,9.15009],[76.97924,9.14893],[76.98317,9.1466],[76.98855,9.1455],[76.99184,9.14121],[76.99415,9.13986],[76.99793,9.14016],[77.00466,9.1376],[77.00949,9.14032],[77.01329,9.13713],[77.01637,9.13644],[77.01819,9.13091],[77.02651,9.12811],[77.02869,9.1292],[77.03212,9.127],[77.04041,9.12396],[77.04668,9.12319],[77.0517,9.12769],[77.05534,9.12599],[77.05619,9.12008],[77.05791,9.1171],[77.05986,9.11863],[77.06477,9.11938],[77.06705,9.11458],[77.07099,9.11285],[77.07848,9.11347],[77.08055,9.1097],[77.08959,9.10591],[77.09828,9.10029],[77.1046,9.09812],[77.1074,9.09455],[77.11115,9.09319],[77.11818,9.09487],[77.12076,9.09467],[77.12796,9.09069],[77.1306,9.08816],[77.13647,9.08636],[77.14291,9.08536],[77.14564,9.08343],[77.15095,9.08416],[77.15308,9.08701],[77.15537,9.08579],[77.15422,9.08336],[77.15629,9.08201],[77.16987,9.07758],[77.17218,9.07919],[77.17933,9.07633],[77.19067,9.07644],[77.19921,9.07392],[77.20051,9.07254],[77.20491,9.07166],[77.20814,9.07288],[77.20906,9.07511],[77.20744,9.07698],[77.2057,9.08499],[77.20915,9.08996],[77.21029,9.09649],[77.21241,9.10048],[77.21559,9.1002],[77.21916,9.10172],[77.22042,9.10513],[77.22525,9.10705],[77.22705,9.10967],[77.22677,9.11288],[77.22844,9.11688],[77.23134,9.11743],[77.24007,9.12303],[77.24186,9.12489],[77.24728,9.1246],[77.25151,9.13412],[77.25263,9.13895],[77.25621,9.1406],[77.26022,9.14409],[77.26055,9.14844],[77.26647,9.15192],[77.26723,9.15367],[77.26555,9.15727],[77.26532,9.16307],[77.26712,9.16897],[77.26714,9.17432],[77.2661,9.1758],[77.26516,9.18126],[77.26388,9.18411],[77.26095,9.18311],[77.25664,9.18601],[77.25158,9.18828],[77.25162,9.18938],[77.25641,9.19598],[77.25611,9.19922],[77.2639,9.19837],[77.26636,9.20045],[77.27009,9.20045],[77.27032,9.20487],[77.28039,9.21623],[77.28166,9.22072],[77.27982,9.22168],[77.27575,9.22898],[77.27411,9.23582],[77.27834,9.23843],[77.27955,9.24383],[77.2774,9.24713],[77.27907,9.25189],[77.28254,9.256],[77.28168,9.26332],[77.28352,9.26728],[77.28201,9.27281],[77.27597,9.27545],[77.27329,9.27885],[77.26512,9.2813],[77.26143,9.28137],[77.25783,9.2854],[77.25218,9.28715],[77.24882,9.28978],[77.24463,9.29014],[77.24289,9.28362],[77.23717,9.28514],[77.23528,9.29344],[77.22863,9.29748],[77.22456,9.29592],[77.22453,9.29981],[77.22609,9.30495],[77.22456,9.31166],[77.22733,9.31542],[77.22798,9.31824],[77.23237,9.3227],[77.2351,9.32423],[77.23478,9.32751],[77.23131,9.32927],[77.23057,9.33134],[77.23219,9.33391],[77.23793,9.33964],[77.23485,9.35023],[77.23835,9.35789],[77.2412,9.36068],[77.24105,9.36762],[77.24356,9.37344],[77.24821,9.37754],[77.24724,9.37887],[77.24522,9.38929],[77.24277,9.39056],[77.23898,9.39891],[77.23165,9.4037],[77.23162,9.40599],[77.22823,9.4109],[77.22998,9.41725],[77.22884,9.41969],[77.22357,9.41966],[77.22061,9.42156],[77.22098,9.42545],[77.22392,9.43349],[77.22263,9.43538],[77.21543,9.43763],[77.21213,9.44365],[77.20791,9.44167],[77.2093,9.44844],[77.20694,9.4504],[77.2032,9.45147],[77.20028,9.44962],[77.19741,9.45197],[77.19189,9.44974],[77.1879,9.45625],[77.18336,9.45441],[77.18238,9.45655],[77.18449,9.46329],[77.18219,9.46637],[77.18199,9.47266],[77.1766,9.46901],[77.17247,9.46338],[77.16967,9.46532],[77.16631,9.46512],[77.16641,9.46971],[77.1626,9.46908],[77.15534,9.47114],[77.14341,9.46147],[77.1425,9.46017],[77.13827,9.4601],[77.13433,9.45879],[77.1313,9.46042],[77.12953,9.45933],[77.12606,9.46196],[77.11751,9.4636],[77.11196,9.46757],[77.10667,9.4693],[77.10444,9.46917],[77.09966,9.46451],[77.09486,9.46432],[77.08053,9.45724],[77.06852,9.4543],[77.06754,9.45221],[77.06147,9.44848],[77.05917,9.44566],[77.05817,9.44228],[77.05985,9.43965],[77.05866,9.43539],[77.06018,9.43171],[77.05918,9.42659],[77.06145,9.4268],[77.06579,9.42001],[77.06639,9.41688],[77.06018,9.41614],[77.0533,9.41807],[77.05026,9.41686],[77.04694,9.41413],[77.03676,9.41244],[77.03506,9.40925],[77.03211,9.40931],[77.02817,9.40697],[77.02493,9.40907],[77.0215,9.40612],[77.0124,9.40898],[77.00989,9.40849],[77.01017,9.41381],[77.01203,9.41849],[77.00922,9.42005],[77.0092,9.42963],[77.01344,9.43047],[77.01806,9.43034],[77.01933,9.43222],[77.01585,9.4427],[77.00693,9.44509],[77.00554,9.44643],[77.00083,9.44784],[77.0001,9.44655],[76.99387,9.44712],[76.98997,9.45082],[76.98653,9.45179],[76.98006,9.45718],[76.9739,9.46003],[76.96891,9.46463],[76.9635,9.46486],[76.95843,9.46144],[76.95856,9.45832],[76.95554,9.45777],[76.95184,9.45032],[76.94771,9.44757],[76.94005,9.44516],[76.94196,9.44184],[76.94177,9.43961],[76.9448,9.43516],[76.94111,9.43282],[76.9437,9.42854],[76.94577,9.43092],[76.9483,9.43113],[76.94754,9.43433],[76.95018,9.43534],[76.95496,9.43381],[76.95405,9.43034],[76.96032,9.4275],[76.9638,9.42705],[76.96632,9.43315],[76.96863,9.43117],[76.97143,9.43147],[76.97309,9.42948],[76.97204,9.42705],[76.97801,9.42689],[76.9771,9.42496],[76.97134,9.42447],[76.96804,9.42517],[76.96472,9.42323],[76.96001,9.42272],[76.959,9.4205],[76.95078,9.42072],[76.94946,9.41967],[76.94399,9.41917],[76.94086,9.42067],[76.93624,9.42131],[76.93259,9.41831],[76.92709,9.41578],[76.92256,9.41649],[76.92434,9.42218],[76.9199,9.42583],[76.91444,9.42539],[76.91116,9.42341],[76.90999,9.42653],[76.90482,9.42975],[76.90459,9.43164],[76.89907,9.43368],[76.88901,9.44013],[76.88525,9.4431],[76.87662,9.44669],[76.86922,9.44843],[76.86412,9.45085],[76.861,9.45322],[76.85699,9.45367],[76.85526,9.45663],[76.85311,9.45652],[76.85363,9.45299],[76.85283,9.44967],[76.84797,9.44567],[76.84516,9.44953],[76.84111,9.45036],[76.83467,9.45002],[76.83287,9.45238],[76.82897,9.45239],[76.82625,9.44663],[76.82338,9.44578],[76.81871,9.4553],[76.81623,9.45612],[76.80404,9.45501],[76.80003,9.45687],[76.79997,9.45374],[76.79777,9.4517],[76.79415,9.4539],[76.79195,9.45102],[76.79273,9.44668],[76.78933,9.44675],[76.78756,9.44887],[76.78293,9.44871],[76.77884,9.44605],[76.76842,9.4415],[76.76687,9.437],[76.76523,9.43669],[76.7614,9.44208],[76.76162,9.44495],[76.7544,9.45391],[76.75129,9.45513],[76.75213,9.45832],[76.7489,9.4631],[76.74872,9.46905],[76.7457,9.47475],[76.74384,9.47398],[76.74043,9.47595],[76.73487,9.47601],[76.73175,9.47385],[76.72983,9.46947],[76.72969,9.46583],[76.72184,9.46474],[76.71798,9.46213],[76.71343,9.45715],[76.70856,9.45456],[76.70673,9.46066],[76.70465,9.4631],[76.70087,9.47255],[76.70038,9.47689],[76.69493,9.47827],[76.68908,9.47732],[76.68675,9.47924],[76.68165,9.48113],[76.67478,9.48233],[76.67457,9.48019],[76.66661,9.48252],[76.66506,9.48166],[76.66027,9.48267],[76.65103,9.48138],[76.64833,9.47834],[76.64319,9.47932],[76.64156,9.47619],[76.64106,9.46841],[76.63601,9.46322],[76.63389,9.46811],[76.63109,9.47226],[76.62698,9.47146],[76.6259,9.46756],[76.62599,9.46181],[76.62375,9.46203],[76.62021,9.4598],[76.61655,9.46136],[76.60906,9.45999],[76.60964,9.45586],[76.60295,9.45778],[76.60281,9.45447],[76.60435,9.45044],[76.59724,9.45052],[76.59412,9.44702],[76.59155,9.44875],[76.59068,9.44404],[76.59272,9.43897],[76.5916,9.4276],[76.59214,9.42411],[76.59673,9.42143],[76.59336,9.41288],[76.59097,9.41833],[76.58753,9.42012],[76.5791,9.42234],[76.57471,9.41801],[76.57012,9.41566],[76.5645,9.41075],[76.55943,9.41144],[76.55546,9.41315],[76.55376,9.42496],[76.5481,9.42261],[76.54344,9.42312],[76.54349,9.42093],[76.54031,9.42071],[76.54018,9.41825],[76.53724,9.41448],[76.53589,9.41717],[76.53109,9.4168],[76.53075,9.41298],[76.52624,9.41262],[76.52561,9.40883],[76.51749,9.40886],[76.51589,9.40756],[76.51644,9.40057],[76.51329,9.40072],[76.51116,9.39285],[76.514,9.39126],[76.51201,9.38624],[76.51241,9.38291],[76.51044,9.38234],[76.50968,9.37581],[76.51255,9.37318],[76.5141,9.36999],[76.52363,9.36786],[76.52123,9.36545],[76.51781,9.36633],[76.5135,9.36243],[76.51339,9.35483],[76.5086,9.35486],[76.5056,9.35178],[76.50086,9.35063],[76.49568,9.34723],[76.48878,9.3476],[76.48249,9.34576],[76.4796,9.34059],[76.47838,9.341],[76.47817,9.33908],[76.47493,9.33784],[76.47571,9.33577],[76.47336,9.33242],[76.47446,9.32813],[76.48211,9.32806],[76.48766,9.3287],[76.49335,9.3265],[76.4942,9.32476],[76.4978,9.32344],[76.50214,9.32371],[76.5182,9.32731],[76.527,9.32595],[76.53108,9.32956],[76.53304,9.32526],[76.53677,9.32209],[76.54266,9.32317],[76.54618,9.32546],[76.55032,9.32468],[76.55264,9.32822],[76.55356,9.33178],[76.55308,9.33487],[76.55637,9.33883],[76.55623,9.34062],[76.55981,9.34341],[76.55424,9.34551],[76.54969,9.34973],[76.55249,9.35235],[76.55524,9.35046],[76.55919,9.35087],[76.56312,9.35411],[76.56518,9.35316],[76.56685,9.35609],[76.57261,9.35575],[76.57413,9.3539],[76.57958,9.35355],[76.57919,9.35092],[76.58506,9.34844],[76.58716,9.35181],[76.59086,9.35118],[76.59313,9.35256],[76.5961,9.35216],[76.59777,9.34646],[76.60021,9.34716],[76.60316,9.34413],[76.60566,9.34529],[76.6101,9.34204],[76.61145,9.34312],[76.6135,9.34301],[76.62009,9.33944],[76.62823,9.33732],[76.62805,9.34181],[76.63038,9.34262],[76.64164,9.34106],[76.64049,9.3369],[76.64207,9.33337],[76.64111,9.33212],[76.63963,9.32964],[76.63537,9.32709],[76.63931,9.32602],[76.64152,9.32338],[76.64208,9.31671],[76.6442,9.3153],[76.64417,9.31231],[76.64566,9.30961],[76.64925,9.30959],[76.65113,9.30793],[76.6506,9.304],[76.65157,9.3006],[76.65111,9.29573],[76.65144,9.28975],[76.65584,9.28986],[76.66245,9.28748],[76.66427,9.2889],[76.67574,9.28936],[76.67508,9.28557],[76.67702,9.28323],[76.67216,9.28],[76.67062,9.27731],[76.66605,9.27504],[76.66814,9.27227],[76.66779,9.27],[76.66322,9.26971],[76.66436,9.26604],[76.65691,9.26429],[76.65483,9.26066],[76.65805,9.25781],[76.65754,9.25071],[76.65861,9.25024],[76.6579,9.24411],[76.6564,9.2419]]]},"properties":{"level":"district","code":"PTA","name":"Pathanamthitta"}},{"type":"Feature","geometry":{"type":"Polygon","coordinates":[[[76.47854,10.48601],[76.474,10.48709],[76.47358,10.49112],[76.4716,10.49286],[76.47166,10.49652],[76.46687,10.4987],[76.46748,10.50259],[76.45923,10.50796],[76.45976,10.51075],[76.45207,10.51921],[76.45062,10.52171],[76.44128,10.52272],[76.43979,10.52529],[76.43961,10.52999],[76.43674,10.53013],[76.43272,10.53377],[76.43163,10.53728],[76.43497,10.54826],[76.43833,10.55366],[76.43177,10.5583],[76.43009,10.55821],[76.43009,10.56276],[76.42909,10.56512],[76.42584,10.56625],[76.4254,10.5715],[76.4206,10.57248],[76.42029,10.57875],[76.41308,10.57845],[76.40848,10.58007],[76.40768,10.58408],[76.40537,10.58631],[76.40297,10.59071],[76.40117,10.596],[76.40424,10.60037],[76.40551,10.60075],[76.40949,10.59676],[76.41316,10.59453],[76.41499,10.59984],[76.41347,10.60188],[76.41331,10.60564],[76.42189,10.60621],[76.4281,10.61346],[76.4265,10.62118],[76.42538,10.62256],[76.42556,10.62743],[76.42308,10.62772],[76.41748,10.63038],[76.41967,10.63339],[76.41992,10.63832],[76.42392,10.6438],[76.42183,10.64721],[76.42518,10.64917],[76.43424,10.65004],[76.43565,10.6515],[76.43578,10.65583],[76.43948,10.65937],[76.44154,10.66323],[76.4446,10.66374],[76.44706,10.66114],[76.45104,10.66582],[76.45035,10.66969],[76.4514,10.6756],[76.44953,10.67963],[76.44775,10.68647],[76.44473,10.69171],[76.44013,10.69653],[76.44469,10.69916],[76.45171,10.70201],[76.45352,10.70024],[76.45662,10.70119],[76.46119,10.70743],[76.46324,10.71594],[76.46551,10.71825],[76.46369,10.72056],[76.46699,10.72267],[76.46794,10.72477],[76.47219,10.7267],[76.47814,10.73042],[76.47968,10.73425],[76.47122,10.74025],[76.47062,10.74321],[76.47316,10.74893],[76.469,10.75242],[76.44904,10.75079],[76.44312,10.74958],[76.437,10.75115],[76.43288,10.75117],[76.42053,10.74924],[76.41421,10.74975],[76.40891,10.74918],[76.4033,10.74649],[76.39704,10.74634],[76.39382,10.74863],[76.38923,10.76346],[76.38506,10.76762],[76.37923,10.76758],[76.36915,10.76516],[76.3649,10.76305],[76.36167,10.7581],[76.35899,10.7482],[76.35655,10.74396],[76.35185,10.74335],[76.34202,10.74849],[76.33844,10.7493],[76.33466,10.74868],[76.32932,10.74541],[76.32669,10.74523],[76.31905,10.74657],[76.30753,10.75094],[76.2957,10.75332],[76.29119,10.75508],[76.28785,10.75537],[76.28111,10.75223],[76.26984,10.7537],[76.26541,10.75298],[76.26066,10.75],[76.25346,10.74689],[76.24914,10.74734],[76.24578,10.74908],[76.24484,10.7514],[76.24538,10.75656],[76.24727,10.76142],[76.24663,10.76598],[76.24434,10.77132],[76.24172,10.77362],[76.23601,10.7736],[76.23176,10.77246],[76.2295,10.77287],[76.22382,10.77978],[76.21925,10.78218],[76.21545,10.77988],[76.21001,10.77771],[76.20473,10.77826],[76.19659,10.78241],[76.18788,10.78268],[76.18817,10.77988],[76.19136,10.77689],[76.19756,10.77476],[76.20546,10.76835],[76.20344,10.76239],[76.20264,10.75202],[76.2,10.75299],[76.19181,10.75008],[76.1909,10.74481],[76.18751,10.7413],[76.18608,10.73815],[76.18255,10.73576],[76.18073,10.73294],[76.18131,10.72962],[76.17866,10.72839],[76.17694,10.72402],[76.17484,10.72311],[76.17399,10.71926],[76.17235,10.71783],[76.17176,10.71349],[76.16531,10.71136],[76.16392,10.70789],[76.16125,10.7069],[76.15902,10.71147],[76.15693,10.71803],[76.152,10.71398],[76.14479,10.71984],[76.13608,10.71955],[76.13291,10.72236],[76.13012,10.71632],[76.12694,10.71339],[76.12321,10.71211],[76.12263,10.7104],[76.09969,10.72535],[76.09688,10.72614],[76.09527,10.72822],[76.08998,10.72701],[76.08486,10.72803],[76.07549,10.72773],[76.07344,10.72977],[76.06924,10.73003],[76.06559,10.72928],[76.06487,10.72589],[76.0593,10.72756],[76.06108,10.72409],[76.06107,10.71974],[76.05637,10.71649],[76.05263,10.71047],[76.05155,10.70444],[76.04872,10.70624],[76.03656,10.70713],[76.03412,10.70348],[76.03427,10.70062],[76.03029,10.70011],[76.02437,10.69764],[76.01988,10.69734],[76.01606,10.69478],[76.01215,10.69053],[76.00732,10.68961],[76.00316,10.69186],[76.00124,10.69427],[75.99333,10.6919],[75.98632,10.69096],[75.98298,10.68822],[75.98078,10.69127],[75.97974,10.69473],[75.97661,10.69548],[75.97049,10.69111],[75.96794,10.69404],[75.96352,10.68933],[75.95616,10.68536],[75.96958,10.65719],[75.97288,10.64934],[75.98336,10.6259],[75.98978,10.61313],[75.99304,10.60537],[76,10.59011],[76.0095,10.56685],[76.01398,10.56879],[76.01607,10.5715],[76.02289,10.57398],[76.02559,10.57052],[76.02437,10.56736],[76.02238,10.566],[76.02458,10.56361],[76.03041,10.56577],[76.03022,10.56173],[76.02835,10.56031],[76.0294,10.55408],[76.03337,10.55066],[76.03795,10.5496],[76.0367,10.54545],[76.03844,10.54309],[76.03801,10.54032],[76.04043,10.53982],[76.04046,10.53676],[76.03539,10.53603],[76.03133,10.53845],[76.03283,10.53321],[76.03066,10.52958],[76.03053,10.52616],[76.03702,10.51644],[76.03925,10.51158],[76.03962,10.50781],[76.03955,10.50489],[76.04561,10.4947],[76.06286,10.46191],[76.06867,10.4502],[76.08169,10.42157],[76.1001,10.37692],[76.10179,10.37357],[76.10922,10.3519],[76.11572,10.33382],[76.12396,10.30551],[76.12689,10.29256],[76.13225,10.27431],[76.13594,10.26096],[76.13899,10.25177],[76.14139,10.2463],[76.14274,10.24103],[76.15412,10.20481],[76.1565,10.19894],[76.16151,10.18394],[76.16484,10.1798],[76.1691,10.18487],[76.1749,10.18619],[76.18523,10.1909],[76.19061,10.19216],[76.19806,10.19263],[76.20414,10.19466],[76.21372,10.19416],[76.21232,10.19786],[76.21349,10.20132],[76.21973,10.20702],[76.22538,10.20537],[76.23271,10.20416],[76.23523,10.20266],[76.23727,10.20445],[76.24174,10.20336],[76.24269,10.20518],[76.24616,10.20188],[76.24975,10.20075],[76.25428,10.20267],[76.25846,10.20108],[76.26027,10.20221],[76.26396,10.19877],[76.25966,10.19793],[76.26166,10.19506],[76.26127,10.18987],[76.26691,10.18565],[76.27117,10.18479],[76.27206,10.18072],[76.27362,10.18012],[76.27512,10.17551],[76.28022,10.17469],[76.28393,10.17579],[76.286,10.17786],[76.28947,10.17792],[76.29525,10.17595],[76.2979,10.17714],[76.30191,10.18537],[76.31198,10.18242],[76.31174,10.19384],[76.31066,10.19902],[76.31073,10.20545],[76.31366,10.2068],[76.32496,10.20761],[76.33124,10.20946],[76.33253,10.21274],[76.33519,10.21343],[76.33629,10.21638],[76.33674,10.22159],[76.33813,10.22602],[76.34073,10.22637],[76.34088,10.23069],[76.34207,10.23184],[76.35798,10.23699],[76.37218,10.2411],[76.37584,10.2441],[76.37938,10.24506],[76.37747,10.25],[76.37783,10.25485],[76.38295,10.25468],[76.39138,10.25537],[76.39005,10.26404],[76.39253,10.2666],[76.39703,10.26757],[76.40135,10.27597],[76.41342,10.28113],[76.41163,10.28762],[76.41716,10.28881],[76.41541,10.29434],[76.42351,10.29199],[76.42781,10.28953],[76.43134,10.29004],[76.43687,10.29435],[76.44282,10.29339],[76.44773,10.29686],[76.45919,10.29659],[76.4675,10.29406],[76.47243,10.29175],[76.47828,10.29314],[76.48302,10.29203],[76.48842,10.29425],[76.49146,10.29408],[76.49424,10.29232],[76.49745,10.28794],[76.5,10.28746],[76.50612,10.2891],[76.51675,10.28758],[76.52181,10.28466],[76.52545,10.28451],[76.53311,10.28773],[76.54212,10.28946],[76.54688,10.289],[76.55303,10.28297],[76.56074,10.28459],[76.56715,10.28513],[76.57136,10.28414],[76.57281,10.28672],[76.56624,10.29255],[76.56708,10.29451],[76.57652,10.30254],[76.58177,10.30103],[76.58562,10.2981],[76.58985,10.29893],[76.59004,10.29244],[76.59467,10.28804],[76.59961,10.28461],[76.60333,10.28023],[76.61876,10.28032],[76.62129,10.27351],[76.62407,10.27424],[76.62711,10.27265],[76.63561,10.27303],[76.64111,10.27454],[76.64586,10.28027],[76.66192,10.27997],[76.66197,10.27694],[76.66551,10.27374],[76.66982,10.27136],[76.68765,10.26666],[76.69567,10.26393],[76.69875,10.26541],[76.70458,10.26681],[76.70616,10.26969],[76.71783,10.26925],[76.72876,10.27027],[76.73535,10.27186],[76.7389,10.27445],[76.75105,10.27817],[76.75346,10.27422],[76.75996,10.2694],[76.76933,10.26917],[76.77441,10.27122],[76.77417,10.27515],[76.77644,10.27673],[76.78011,10.27644],[76.78333,10.27765],[76.78894,10.27794],[76.79288,10.28023],[76.79515,10.27757],[76.79872,10.27842],[76.80061,10.28156],[76.80416,10.28517],[76.80975,10.28606],[76.81371,10.28521],[76.81824,10.28305],[76.82622,10.28098],[76.82878,10.27545],[76.83247,10.27609],[76.83603,10.28371],[76.84023,10.28331],[76.8424,10.28042],[76.84763,10.28083],[76.85248,10.27708],[76.85461,10.27713],[76.86057,10.27307],[76.8654,10.27301],[76.86566,10.27028],[76.86879,10.26936],[76.87127,10.27162],[76.87893,10.2695],[76.87986,10.26712],[76.87777,10.26252],[76.87786,10.26039],[76.88205,10.26016],[76.88879,10.25757],[76.89557,10.25856],[76.89697,10.25732],[76.89634,10.25383],[76.90121,10.25184],[76.8991,10.25872],[76.89675,10.26292],[76.89144,10.26306],[76.88409,10.2709],[76.87659,10.27428],[76.87342,10.27634],[76.87316,10.28169],[76.87452,10.29428],[76.87333,10.29824],[76.87052,10.29888],[76.86785,10.29578],[76.86407,10.29507],[76.86313,10.29262],[76.85971,10.29202],[76.85591,10.29325],[76.85139,10.29025],[76.85193,10.28492],[76.84872,10.28528],[76.8479,10.28772],[76.8447,10.28857],[76.84197,10.29193],[76.84456,10.29421],[76.8407,10.29968],[76.83732,10.30205],[76.83031,10.30363],[76.8296,10.30729],[76.83062,10.31454],[76.8326,10.31714],[76.83474,10.32659],[76.83618,10.33006],[76.83567,10.33209],[76.83766,10.33777],[76.83346,10.33669],[76.82803,10.33729],[76.81771,10.34826],[76.81604,10.34887],[76.81113,10.34624],[76.8085,10.3465],[76.80569,10.34404],[76.80553,10.33824],[76.80451,10.33692],[76.79858,10.3379],[76.79161,10.33571],[76.78492,10.33709],[76.77814,10.34176],[76.77648,10.34181],[76.77179,10.33416],[76.76651,10.33496],[76.7602,10.33684],[76.75454,10.33621],[76.75158,10.33836],[76.75151,10.34092],[76.75375,10.34405],[76.75256,10.34756],[76.75885,10.3491],[76.76483,10.35633],[76.76529,10.35958],[76.76393,10.36185],[76.75641,10.36129],[76.75354,10.36215],[76.75,10.36577],[76.73412,10.36873],[76.7312,10.36839],[76.7223,10.37241],[76.71313,10.37286],[76.70774,10.37112],[76.70438,10.36816],[76.70311,10.36305],[76.69502,10.36181],[76.68683,10.36328],[76.68389,10.36713],[76.67909,10.36787],[76.66937,10.37418],[76.66802,10.37815],[76.66553,10.38027],[76.66139,10.38562],[76.65722,10.38261],[76.65755,10.3795],[76.65452,10.37678],[76.65178,10.38019],[76.64668,10.38265],[76.64211,10.38221],[76.64093,10.38049],[76.63574,10.38035],[76.63258,10.37646],[76.62928,10.37681],[76.62736,10.38291],[76.62493,10.379],[76.62185,10.37998],[76.61861,10.38529],[76.61834,10.38969],[76.61529,10.39105],[76.6094,10.39891],[76.60655,10.40005],[76.60711,10.40463],[76.60378,10.40781],[76.60506,10.41078],[76.60338,10.41281],[76.60141,10.41819],[76.59526,10.42175],[76.59545,10.42448],[76.59091,10.43031],[76.58806,10.4354],[76.58249,10.43658],[76.5732,10.43713],[76.5705,10.43636],[76.56704,10.43717],[76.56404,10.43563],[76.56088,10.43566],[76.55865,10.4341],[76.55645,10.43672],[76.55628,10.44069],[76.55739,10.44345],[76.55263,10.44602],[76.53627,10.44833],[76.53212,10.45921],[76.52721,10.46234],[76.52531,10.46703],[76.51548,10.47205],[76.5061,10.47346],[76.50201,10.47826],[76.49909,10.47943],[76.49332,10.47822],[76.4894,10.47929],[76.48717,10.48634],[76.48046,10.48555],[76.47854,10.48601]]]},"properties":{"level":"district","code":"TSR","name":"Thrissur"}},{"type":"Feature","geometry":{"type":"Polygon","coordinates":[[[77.06222,8.31885],[77.07393,8.30983],[77.07716,8.30686],[77.09598,8.29302],[77.09886,8.29896],[77.10055,8.29944],[77.10176,8.30647],[77.10553,8.30692],[77.11341,8.3044],[77.11452,8.30842],[77.11644,8.31014],[77.12278,8.30901],[77.12448,8.31207],[77.11967,8.31571],[77.11921,8.32106],[77.125,8.32126],[77.1296,8.32289],[77.12901,8.32527],[77.13212,8.32661],[77.13511,8.32644],[77.13907,8.3279],[77.1394,8.32965],[77.14526,8.32956],[77.14721,8.33197],[77.14972,8.33174],[77.15057,8.32921],[77.1536,8.328],[77.1673,8.3317],[77.17029,8.33],[77.16993,8.32549],[77.17216,8.32469],[77.17224,8.32101],[77.17578,8.32029],[77.17816,8.32326],[77.1774,8.3264],[77.1719,8.33357],[77.16975,8.33474],[77.16997,8.33807],[77.16694,8.34275],[77.171,8.34773],[77.17547,8.34986],[77.17437,8.35369],[77.17429,8.35863],[77.17072,8.3603],[77.16965,8.36347],[77.16754,8.36343],[77.1666,8.36025],[77.1642,8.361],[77.15949,8.35916],[77.15741,8.35994],[77.1564,8.35673],[77.15302,8.35514],[77.15354,8.36131],[77.15589,8.36339],[77.15603,8.36593],[77.16034,8.3687],[77.16129,8.37358],[77.15965,8.37887],[77.15996,8.38124],[77.15592,8.38265],[77.15214,8.38124],[77.15126,8.38494],[77.15273,8.38674],[77.15373,8.38774],[77.16095,8.39017],[77.16545,8.38824],[77.16819,8.38387],[77.16955,8.38638],[77.17336,8.38923],[77.17831,8.39406],[77.18167,8.39579],[77.18292,8.39919],[77.18261,8.40475],[77.186,8.40682],[77.19461,8.41718],[77.19752,8.41994],[77.19656,8.42916],[77.20064,8.43204],[77.20579,8.44199],[77.2066,8.4447],[77.21134,8.44554],[77.21517,8.44472],[77.21662,8.44597],[77.22492,8.44623],[77.2281,8.44725],[77.22901,8.45061],[77.2273,8.45293],[77.22742,8.45848],[77.22093,8.4658],[77.21407,8.46972],[77.21335,8.47529],[77.21164,8.47713],[77.21174,8.48397],[77.21381,8.48554],[77.21188,8.49207],[77.20769,8.49416],[77.20448,8.49704],[77.20238,8.50119],[77.21099,8.50758],[77.21431,8.51281],[77.22226,8.51244],[77.22504,8.51049],[77.22966,8.50898],[77.23176,8.50735],[77.24012,8.49705],[77.24424,8.49756],[77.2463,8.50235],[77.2513,8.50542],[77.25656,8.50534],[77.25738,8.50705],[77.26219,8.50654],[77.26534,8.51196],[77.26692,8.51987],[77.27182,8.53086],[77.27426,8.53372],[77.27519,8.53845],[77.28089,8.54319],[77.28385,8.54673],[77.28236,8.55049],[77.27776,8.55456],[77.2743,8.55964],[77.27504,8.56564],[77.27036,8.57246],[77.26905,8.57889],[77.26649,8.58077],[77.26699,8.58392],[77.2636,8.58862],[77.2617,8.58797],[77.25699,8.59086],[77.2569,8.59472],[77.25446,8.59777],[77.25028,8.59912],[77.24644,8.60347],[77.24533,8.60887],[77.24573,8.61629],[77.24408,8.62182],[77.23465,8.62685],[77.23412,8.63056],[77.23217,8.63563],[77.22931,8.63742],[77.22885,8.64027],[77.22483,8.63908],[77.22015,8.64493],[77.21427,8.64914],[77.2117,8.65479],[77.21211,8.65719],[77.20778,8.66083],[77.20833,8.66365],[77.20362,8.66638],[77.20071,8.66908],[77.20726,8.68068],[77.20607,8.68549],[77.20261,8.68928],[77.20155,8.69307],[77.19561,8.70213],[77.19503,8.70776],[77.18998,8.71236],[77.18622,8.71264],[77.1824,8.71718],[77.18062,8.72106],[77.17682,8.72627],[77.17911,8.73058],[77.17456,8.73735],[77.17001,8.74179],[77.16977,8.74743],[77.1716,8.74972],[77.17703,8.74544],[77.18267,8.74278],[77.18613,8.74412],[77.1902,8.74328],[77.19246,8.74444],[77.19693,8.74984],[77.20014,8.76267],[77.19695,8.76824],[77.19967,8.76976],[77.19972,8.77179],[77.19155,8.77265],[77.18388,8.77845],[77.17742,8.7813],[77.17309,8.78425],[77.16862,8.78845],[77.16314,8.79019],[77.15905,8.79271],[77.15647,8.7967],[77.15377,8.7956],[77.15112,8.79915],[77.14763,8.80031],[77.14568,8.80357],[77.14069,8.80654],[77.13693,8.80589],[77.13375,8.80828],[77.1275,8.81053],[77.12282,8.81823],[77.11884,8.82213],[77.11283,8.823],[77.11183,8.82529],[77.10785,8.82673],[77.10745,8.8302],[77.10298,8.82903],[77.09964,8.82967],[77.09281,8.83322],[77.08829,8.83433],[77.08307,8.83979],[77.07151,8.84129],[77.06858,8.84062],[77.06462,8.84207],[77.05626,8.84376],[77.05087,8.84645],[77.04292,8.84564],[77.0326,8.84281],[77.03004,8.83847],[77.02906,8.83445],[77.02498,8.83382],[77.02202,8.82964],[77.02011,8.8284],[77.02061,8.82529],[77.01959,8.82193],[77.02129,8.8179],[77.01911,8.81615],[77.01547,8.81774],[77.01132,8.81597],[77.00882,8.81278],[77.01125,8.80556],[77.00997,8.80226],[77.01145,8.79984],[77.01115,8.79664],[77.01581,8.79158],[77.01604,8.78869],[77.01993,8.78443],[77.02147,8.7799],[77.02494,8.77541],[77.01511,8.77198],[77.01304,8.77233],[77.00276,8.77133],[77.00101,8.7725],[76.99773,8.7832],[76.9914,8.78789],[76.98325,8.79009],[76.97929,8.78918],[76.97657,8.7868],[76.97406,8.78277],[76.97279,8.77537],[76.97093,8.77507],[76.96358,8.7711],[76.95726,8.77114],[76.95039,8.77244],[76.94648,8.77119],[76.94269,8.76779],[76.94192,8.76581],[76.93893,8.765],[76.93357,8.76137],[76.92978,8.76621],[76.92219,8.77212],[76.91814,8.77384],[76.91517,8.77676],[76.91528,8.78197],[76.91773,8.78483],[76.92108,8.78668],[76.9175,8.79204],[76.91494,8.79408],[76.91296,8.79851],[76.90737,8.80131],[76.90694,8.80487],[76.90313,8.8066],[76.90276,8.80818],[76.89817,8.8118],[76.89327,8.81007],[76.89036,8.81146],[76.88517,8.80652],[76.88278,8.80551],[76.87631,8.81016],[76.87027,8.81111],[76.86251,8.81448],[76.85712,8.81861],[76.85542,8.81599],[76.85104,8.81903],[76.85185,8.82217],[76.84928,8.82424],[76.84922,8.82643],[76.84585,8.82775],[76.84821,8.83428],[76.84049,8.8384],[76.83936,8.84072],[76.8293,8.84473],[76.82721,8.84251],[76.82382,8.84508],[76.82465,8.84675],[76.82389,8.85118],[76.82185,8.85473],[76.82034,8.85401],[76.81665,8.85948],[76.81481,8.85648],[76.81016,8.85493],[76.8084,8.85687],[76.80204,8.84886],[76.79929,8.85048],[76.79602,8.85548],[76.78955,8.85349],[76.7842,8.85932],[76.78087,8.8605],[76.78231,8.85557],[76.78216,8.85249],[76.77826,8.84871],[76.77541,8.84391],[76.78177,8.84265],[76.78138,8.83995],[76.78381,8.83884],[76.78514,8.8358],[76.78864,8.83502],[76.79069,8.83122],[76.79442,8.82805],[76.79133,8.82203],[76.78728,8.82266],[76.78303,8.81943],[76.78952,8.81834],[76.79043,8.81361],[76.78846,8.81188],[76.78395,8.81145],[76.77713,8.8097],[76.77116,8.8112],[76.77188,8.80606],[76.7683,8.80396],[76.77096,8.79988],[76.76882,8.79872],[76.76134,8.8003],[76.76175,8.79362],[76.7605,8.79137],[76.75842,8.79542],[76.74789,8.79644],[76.74454,8.79552],[76.74058,8.79601],[76.73854,8.79821],[76.73392,8.7996],[76.7276,8.80029],[76.72362,8.8034],[76.72091,8.80357],[76.71396,8.79635],[76.70936,8.79524],[76.70966,8.7911],[76.69816,8.79123],[76.69202,8.7907],[76.6922,8.78715],[76.69016,8.77933],[76.68447,8.77921],[76.68367,8.77632],[76.68,8.78114],[76.67833,8.78576],[76.67482,8.78215],[76.67293,8.78166],[76.67539,8.77724],[76.68019,8.77071],[76.6824,8.76664],[76.69087,8.75418],[76.6926,8.74892],[76.69729,8.74217],[76.6987,8.73795],[76.70142,8.73613],[76.70815,8.72829],[76.71224,8.72255],[76.7165,8.71796],[76.72929,8.703],[76.73493,8.69588],[76.73978,8.6894],[76.74567,8.68314],[76.74677,8.68119],[76.75561,8.67145],[76.77965,8.64135],[76.79267,8.62454],[76.79783,8.61823],[76.80947,8.60395],[76.8209,8.58913],[76.87378,8.52392],[76.88484,8.50997],[76.88774,8.50571],[76.89559,8.49588],[76.90615,8.4836],[76.93821,8.44704],[76.94919,8.43326],[76.95531,8.42502],[76.96126,8.41808],[76.96491,8.41268],[76.96966,8.4028],[76.97034,8.40291],[76.97235,8.39695],[76.97122,8.39197],[76.9755,8.38751],[76.97859,8.38297],[76.98393,8.37986],[76.98638,8.37549],[76.992,8.37752],[77,8.37189],[77.00898,8.3599],[77.00936,8.35679],[77.01106,8.35484],[77.01653,8.35466],[77.01931,8.35338],[77.02761,8.34766],[77.04244,8.33593],[77.05996,8.3205],[77.06222,8.31885]]]},"properties":{"level":"district","code":"TVM","name":"Thiruvananthapuram"}},{"type":"Feature","geometry":{"type":"Polygon","coordinates":[[[76.23341,11.56883],[76.23452,11.57215],[76.24375,11.57849],[76.24921,11.58007],[76.25068,11.58229],[76.25618,11.58702],[76.2646,11.59094],[76.26493,11.59389],[76.2743,11.59368],[76.27562,11.59744],[76.27891,11.60094],[76.28609,11.5902],[76.29594,11.59042],[76.29888,11.58356],[76.2997,11.57601],[76.30238,11.57123],[76.31054,11.57739],[76.31592,11.57659],[76.3178,11.58158],[76.32232,11.58715],[76.33588,11.59574],[76.33996,11.59313],[76.3404,11.5872],[76.34623,11.58897],[76.35458,11.58931],[76.35902,11.59335],[76.3671,11.59833],[76.37431,11.60005],[76.37798,11.60191],[76.37827,11.60851],[76.38393,11.61205],[76.38308,11.61666],[76.38329,11.62404],[76.3881,11.62967],[76.40689,11.63428],[76.41757,11.63345],[76.4262,11.63357],[76.43006,11.63079],[76.43248,11.63129],[76.43455,11.63576],[76.44023,11.63984],[76.44343,11.64362],[76.44406,11.64719],[76.44321,11.6496],[76.43924,11.65271],[76.43637,11.65347],[76.43425,11.65743],[76.43135,11.6664],[76.42946,11.66624],[76.42818,11.66998],[76.42488,11.67144],[76.41913,11.6709],[76.41673,11.67174],[76.41559,11.67609],[76.4126,11.68276],[76.41316,11.68571],[76.4085,11.68952],[76.40982,11.69276],[76.41204,11.69469],[76.41087,11.70005],[76.40957,11.7016],[76.40888,11.70639],[76.40524,11.70586],[76.40346,11.70776],[76.40804,11.71477],[76.41184,11.7158],[76.41363,11.71102],[76.41606,11.71296],[76.41682,11.71784],[76.42066,11.71873],[76.42469,11.72091],[76.42744,11.72598],[76.4221,11.73829],[76.41817,11.7426],[76.41329,11.74016],[76.41086,11.74184],[76.4129,11.74652],[76.4123,11.75182],[76.41479,11.75501],[76.41423,11.75885],[76.41062,11.75887],[76.40521,11.75637],[76.3991,11.75094],[76.39759,11.75091],[76.3934,11.75503],[76.3902,11.75428],[76.38846,11.75128],[76.38395,11.7472],[76.38095,11.74694],[76.37699,11.74454],[76.36846,11.74814],[76.36246,11.74814],[76.35784,11.74422],[76.3525,11.73828],[76.35031,11.74019],[76.33974,11.739],[76.33529,11.74412],[76.32915,11.74828],[76.31889,11.7508],[76.31445,11.75691],[76.31362,11.76357],[76.31071,11.7673],[76.31008,11.77304],[76.30828,11.77823],[76.3077,11.78422],[76.30558,11.7859],[76.30151,11.78554],[76.29403,11.79176],[76.29024,11.79283],[76.28615,11.79811],[76.28437,11.80147],[76.28056,11.81107],[76.27687,11.81237],[76.27453,11.81092],[76.26775,11.80953],[76.25964,11.80869],[76.25688,11.80778],[76.25,11.80337],[76.24558,11.80293],[76.24161,11.80418],[76.23819,11.80348],[76.22704,11.80616],[76.22372,11.8082],[76.21855,11.81385],[76.21836,11.81928],[76.21545,11.82357],[76.21411,11.82342],[76.21078,11.82787],[76.21118,11.83253],[76.21036,11.83465],[76.21161,11.84003],[76.21311,11.84231],[76.21119,11.84419],[76.2094,11.84942],[76.2069,11.86196],[76.20201,11.86241],[76.19838,11.86655],[76.19039,11.87121],[76.18526,11.87169],[76.17998,11.87019],[76.1735,11.87121],[76.16481,11.86757],[76.1575,11.87048],[76.1494,11.86642],[76.14608,11.867],[76.13922,11.85978],[76.13531,11.85755],[76.13093,11.85327],[76.12635,11.85303],[76.1217,11.85077],[76.12015,11.85034],[76.11704,11.85485],[76.1173,11.85776],[76.11286,11.85871],[76.1149,11.86683],[76.11246,11.88057],[76.11178,11.88772],[76.11336,11.89485],[76.11329,11.91787],[76.11262,11.93124],[76.11263,11.94602],[76.11226,11.96028],[76.11249,11.9785],[76.10477,11.97569],[76.09829,11.97174],[76.09465,11.96888],[76.08943,11.96735],[76.07971,11.96876],[76.07375,11.96819],[76.0701,11.96708],[76.06776,11.96364],[76.0635,11.96062],[76.05832,11.95799],[76.05204,11.95161],[76.04821,11.95189],[76.04482,11.95054],[76.04233,11.94602],[76.03874,11.94475],[76.03372,11.9403],[76.02823,11.94089],[76.02605,11.94335],[76.02238,11.94397],[76.01533,11.94107],[76.01312,11.94172],[76.00738,11.93902],[76.0032,11.93139],[75.99391,11.93227],[75.99042,11.93471],[75.98347,11.93272],[75.97927,11.93476],[75.9764,11.93371],[75.97071,11.9365],[75.96258,11.93897],[75.95637,11.9419],[75.95174,11.94064],[75.94741,11.94178],[75.9396,11.941],[75.93602,11.93452],[75.93063,11.93524],[75.92664,11.93327],[75.92519,11.92941],[75.92624,11.92459],[75.92532,11.91957],[75.93028,11.91662],[75.93153,11.91396],[75.93535,11.91184],[75.93733,11.9048],[75.93925,11.90325],[75.93647,11.90056],[75.93635,11.89069],[75.93374,11.88635],[75.92979,11.88199],[75.92496,11.88016],[75.91909,11.8802],[75.91578,11.87736],[75.91263,11.87614],[75.91427,11.87313],[75.91753,11.87045],[75.91936,11.87068],[75.9256,11.86361],[75.92807,11.86268],[75.93135,11.85812],[75.92932,11.85781],[75.92535,11.84818],[75.91776,11.8446],[75.91214,11.84559],[75.89778,11.8426],[75.89167,11.84258],[75.88783,11.84671],[75.88203,11.84505],[75.8795,11.84704],[75.87195,11.84891],[75.86521,11.84906],[75.86128,11.84991],[75.85712,11.84787],[75.85398,11.84779],[75.84761,11.85143],[75.84696,11.85487],[75.84096,11.85597],[75.83753,11.85326],[75.82868,11.85124],[75.82294,11.85349],[75.82005,11.85865],[75.81746,11.8563],[75.80936,11.85682],[75.80543,11.85387],[75.80515,11.85079],[75.80517,11.8483],[75.80075,11.84533],[75.79349,11.84585],[75.78994,11.84055],[75.78994,11.83588],[75.79301,11.83078],[75.79774,11.82735],[75.79881,11.81937],[75.7954,11.81664],[75.7878,11.81276],[75.78153,11.81023],[75.78079,11.80713],[75.77608,11.80368],[75.77205,11.80275],[75.77666,11.802],[75.7798,11.79919],[75.79314,11.79113],[75.79385,11.78486],[75.79175,11.77859],[75.78698,11.77523],[75.7898,11.77215],[75.7881,11.76509],[75.78387,11.76347],[75.78329,11.7607],[75.79414,11.75358],[75.79911,11.75341],[75.7996,11.75002],[75.79687,11.74643],[75.79083,11.74347],[75.79679,11.74283],[75.80243,11.74354],[75.81011,11.74292],[75.81144,11.74003],[75.81426,11.73986],[75.81921,11.73406],[75.82151,11.73337],[75.82425,11.72745],[75.82905,11.72512],[75.83129,11.72089],[75.83367,11.71914],[75.83734,11.71911],[75.84561,11.71424],[75.84585,11.70654],[75.84865,11.70558],[75.85114,11.70284],[75.8567,11.70291],[75.86273,11.70433],[75.86799,11.70207],[75.87267,11.70139],[75.87534,11.70433],[75.88233,11.69911],[75.89112,11.69946],[75.89755,11.69856],[75.9002,11.69922],[75.90431,11.69552],[75.90844,11.6942],[75.91538,11.69047],[75.91521,11.68767],[75.91121,11.68411],[75.90733,11.68324],[75.90528,11.67949],[75.90163,11.67841],[75.90009,11.67605],[75.9029,11.67152],[75.90533,11.66154],[75.90272,11.65703],[75.90341,11.65165],[75.89924,11.64473],[75.897,11.64277],[75.89983,11.63698],[75.89968,11.62958],[75.89787,11.62621],[75.89797,11.62288],[75.90143,11.61904],[75.90179,11.61557],[75.90416,11.61466],[75.90562,11.61214],[75.9074,11.60424],[75.90916,11.60081],[75.9144,11.60046],[75.9177,11.59586],[75.92537,11.59397],[75.92818,11.59054],[75.93656,11.59092],[75.93941,11.58431],[75.94193,11.58399],[75.94647,11.58091],[75.95035,11.58191],[75.95214,11.58094],[75.95748,11.57495],[75.95639,11.57328],[75.95806,11.56843],[75.95858,11.56308],[75.95781,11.56069],[75.96402,11.55757],[75.96955,11.55105],[75.98041,11.54097],[75.98158,11.53965],[75.99007,11.53675],[75.99758,11.53181],[76,11.52683],[76.00498,11.5239],[76.00619,11.5222],[76.00938,11.52179],[76.01697,11.51707],[76.01798,11.51463],[76.02115,11.51398],[76.0274,11.51336],[76.03218,11.51127],[76.0357,11.50861],[76.03665,11.50351],[76.03785,11.50269],[76.04359,11.50457],[76.04523,11.50696],[76.04862,11.50374],[76.05181,11.50394],[76.05623,11.50592],[76.05701,11.50869],[76.06292,11.5103],[76.06764,11.51761],[76.07382,11.52288],[76.07566,11.52329],[76.07918,11.52107],[76.08304,11.51441],[76.08951,11.51253],[76.09053,11.51005],[76.08873,11.50609],[76.09302,11.49361],[76.08755,11.49043],[76.08824,11.48676],[76.09174,11.48266],[76.09392,11.48229],[76.10204,11.48316],[76.1058,11.48246],[76.1078,11.47928],[76.11166,11.47613],[76.11536,11.47631],[76.12293,11.47382],[76.12405,11.46847],[76.12788,11.46494],[76.13066,11.46453],[76.1321,11.46113],[76.13563,11.46004],[76.14284,11.45163],[76.14791,11.45364],[76.153,11.453],[76.15858,11.45709],[76.16481,11.4589],[76.16778,11.46469],[76.1786,11.46939],[76.18411,11.4734],[76.18705,11.47789],[76.18274,11.48168],[76.18443,11.4843],[76.18547,11.48939],[76.18938,11.49237],[76.18939,11.49473],[76.19129,11.49845],[76.19593,11.50181],[76.1992,11.50648],[76.20598,11.50724],[76.21381,11.51],[76.21676,11.50972],[76.22194,11.51162],[76.22414,11.5097],[76.22617,11.51323],[76.22781,11.52103],[76.2293,11.52378],[76.23358,11.5285],[76.23854,11.52654],[76.2402,11.52775],[76.24488,11.52617],[76.24735,11.52762],[76.25049,11.52757],[76.24977,11.53731],[76.24726,11.54094],[76.24451,11.543],[76.24632,11.54589],[76.2427,11.54928],[76.24403,11.55445],[76.23875,11.55857],[76.23538,11.56675],[76.23341,11.56883]]]},"properties":{"level":"district","code":"WYD","name":"Wayanad"}},{"type":"Feature","geometry":{"type":"Polygon","coordinates":[[[76.41229,9.34303],[76.4109,9.34995],[76.40114,9.35088],[76.39098,9.35397],[76.38886,9.35507],[76.38774,9.35784],[76.3934,9.35898],[76.39478,9.36579],[76.39791,9.36612],[76.39803,9.36939],[76.40251,9.36866],[76.40288,9.37562],[76.40548,9.37502],[76.40556,9.38442],[76.40422,9.38565],[76.40438,9.39548],[76.40014,9.39332],[76.39756,9.393],[76.3895,9.39507],[76.38633,9.3975],[76.38365,9.40406],[76.37925,9.41149],[76.37891,9.41506],[76.37707,9.41863],[76.37445,9.42061],[76.37364,9.42412],[76.37436,9.42842],[76.37294,9.42979],[76.37147,9.43457],[76.36907,9.43839],[76.36819,9.4439],[76.36551,9.44582],[76.36147,9.45615],[76.3621,9.46088],[76.36106,9.467],[76.36409,9.47302],[76.36304,9.47862],[76.36359,9.48524],[76.36481,9.48936],[76.34906,9.49395],[76.33902,9.49544],[76.32624,9.49437],[76.31706,9.494],[76.31908,9.48523],[76.32133,9.47751],[76.32823,9.44881],[76.33361,9.42963],[76.33855,9.41388],[76.34158,9.40337],[76.34747,9.38775],[76.35154,9.37794],[76.36146,9.35765],[76.36729,9.34515],[76.37132,9.33524],[76.38098,9.31465],[76.3845,9.30518],[76.38694,9.30808],[76.39025,9.30855],[76.39309,9.30698],[76.39652,9.30839],[76.40026,9.31747],[76.40007,9.32029],[76.40187,9.33006],[76.40165,9.33826],[76.41229,9.34303]]]},"properties":{"level":"block","code":"ambalappuzha","district":"ALP","lgd_code":5949}},{"type":"Feature","geometry":{"type":"Polygon","coordinates":[[[76.39534,9.58912],[76.36191,9.59045],[76.3576,9.59273],[76.35238,9.5924],[76.34954,9.59476],[76.34031,9.59783],[76.32904,9.5996],[76.32792,9.59915],[76.32224,9.6015],[76.32156,9.59587],[76.31065,9.5961],[76.29938,9.59538],[76.30162,9.57836],[76.30548,9.5515],[76.30773,9.53848],[76.30971,9.52949],[76.31332,9.50982],[76.31706,9.494],[76.32624,9.49437],[76.33902,9.49544],[76.33901,9.49966],[76.34382,9.49957],[76.35079,9.50039],[76.35487,9.5133],[76.35615,9.51508],[76.36586,9.52287],[76.37331,9.52973],[76.38061,9.53712],[76.3922,9.5477],[76.39308,9.56259],[76.39534,9.58912]]]},"properties":{"level":"block","code":"aryad","district":"ALP","lgd_code":5950}},{"type":"Feature","geometry":{"type":"Polygon","coordinates":[[[76.63926,9.23411],[76.63604,9.23634],[76.63314,9.24333],[76.62765,9.23572],[76.62697,9.23012],[76.62326,9.22982],[76.62129,9.22683],[76.61635,9.2276],[76.61775,9.22322],[76.61814,9.21805],[76.61303,9.2125],[76.60753,9.21346],[76.60103,9.2125],[76.59704,9.21325],[76.59394,9.2122],[76.59429,9.21677],[76.59226,9.2195],[76.58278,9.2217],[76.58269,9.21951],[76.58692,9.21604],[76.58437,9.21256],[76.5828,9.20693],[76.58284,9.20227],[76.58011,9.19824],[76.57528,9.19498],[76.56955,9.19468],[76.56497,9.19302],[76.5638,9.19666],[76.56509,9.19909],[76.56243,9.20368],[76.5599,9.20381],[76.55793,9.19926],[76.55902,9.1947],[76.55235,9.19642],[76.54871,9.19576],[76.54599,9.19739],[76.54211,9.19593],[76.53543,9.20088],[76.53306,9.20088],[76.5321,9.19528],[76.53026,9.18953],[76.53719,9.18773],[76.53247,9.17506],[76.53387,9.1739],[76.53209,9.16905],[76.53062,9.15949],[76.53169,9.15776],[76.53598,9.15507],[76.53843,9.1551],[76.53835,9.15183],[76.54384,9.15016],[76.54247,9.14707],[76.54351,9.14532],[76.54113,9.13757],[76.54161,9.13508],[76.54142,9.12841],[76.54322,9.12609],[76.54633,9.12612],[76.54973,9.11361],[76.55123,9.11072],[76.55788,9.1098],[76.56856,9.1118],[76.57249,9.11644],[76.57629,9.11751],[76.57952,9.1152],[76.58361,9.11822],[76.58511,9.12184],[76.58843,9.12318],[76.58879,9.12789],[76.59126,9.13162],[76.5987,9.132],[76.60335,9.13024],[76.61458,9.13101],[76.62021,9.13534],[76.62323,9.13854],[76.62639,9.13721],[76.63279,9.13814],[76.63529,9.14084],[76.6367,9.14254],[76.6381,9.14826],[76.64195,9.14669],[76.64604,9.1467],[76.6488,9.14963],[76.66095,9.14947],[76.67078,9.15256],[76.67424,9.15444],[76.67206,9.16035],[76.67155,9.16426],[76.67478,9.17004],[76.6814,9.17208],[76.68556,9.16925],[76.68784,9.16903],[76.69069,9.17696],[76.68537,9.17921],[76.68094,9.18231],[76.67671,9.18286],[76.67704,9.18568],[76.67555,9.18925],[76.67705,9.19392],[76.67132,9.19533],[76.66821,9.20011],[76.66079,9.20131],[76.65711,9.20482],[76.65175,9.20412],[76.64705,9.20798],[76.6471,9.21055],[76.64543,9.21505],[76.64619,9.21711],[76.64505,9.22383],[76.64171,9.22817],[76.63926,9.23411]]]},"properties":{"level":"block","code":"bharanikkavu","district":"ALP","lgd_code":5951}},{"type":"Feature","geometry":{"type":"Polygon","coordinates":[[[76.3922,9.5477],[76.38061,9.53712],[76.37331,9.52973],[76.36586,9.52287],[76.35615,9.51508],[76.35487,9.5133],[76.35079,9.50039],[76.34382,9.49957],[76.33901,9.49966],[76.33902,9.49544],[76.34906,9.49395],[76.36481,9.48936],[76.36359,9.48524],[76.36304,9.47862],[76.36409,9.47302],[76.36106,9.467],[76.3621,9.46088],[76.36147,9.45615],[76.36551,9.44582],[76.36819,9.4439],[76.36907,9.43839],[76.37147,9.43457],[76.37294,9.42979],[76.37436,9.42842],[76.37364,9.42412],[76.37445,9.42061],[76.37707,9.41863],[76.37891,9.41506],[76.37925,9.41149],[76.38365,9.40406],[76.38633,9.3975],[76.3895,9.39507],[76.39756,9.393],[76.40014,9.39332],[76.40438,9.39548],[76.40422,9.38565],[76.40556,9.38442],[76.40548,9.37502],[76.40288,9.37562],[76.40251,9.36866],[76.39803,9.36939],[76.39791,9.36612],[76.39478,9.36579],[76.3934,9.35898],[76.38774,9.35784],[76.38886,9.35507],[76.39098,9.35397],[76.40114,9.35088],[76.4109,9.34995],[76.41229,9.34303],[76.41407,9.34062],[76.4161,9.34128],[76.42097,9.34053],[76.43098,9.34764],[76.43099,9.35085],[76.43419,9.35272],[76.43887,9.35291],[76.44291,9.35203],[76.446,9.34923],[76.4482,9.34915],[76.45041,9.35307],[76.45232,9.35397],[76.45721,9.35102],[76.46073,9.35031],[76.46169,9.343],[76.46304,9.3409],[76.46967,9.34024],[76.47488,9.34195],[76.47838,9.341],[76.4796,9.34059],[76.48249,9.34576],[76.48878,9.3476],[76.49568,9.34723],[76.50086,9.35063],[76.5056,9.35178],[76.5086,9.35486],[76.51339,9.35483],[76.5135,9.36243],[76.51781,9.36633],[76.52123,9.36545],[76.52363,9.36786],[76.5141,9.36999],[76.51255,9.37318],[76.50968,9.37581],[76.51044,9.38234],[76.49625,9.38908],[76.49233,9.39162],[76.4895,9.39219],[76.48518,9.39137],[76.47836,9.39482],[76.47116,9.39986],[76.46918,9.40035],[76.46974,9.40484],[76.46584,9.40693],[76.46588,9.40996],[76.46278,9.4124],[76.45449,9.41512],[76.4536,9.41336],[76.44116,9.4175],[76.4416,9.42127],[76.44317,9.42236],[76.447,9.43073],[76.4474,9.43491],[76.44631,9.43674],[76.45305,9.44493],[76.44996,9.44804],[76.44205,9.44926],[76.4395,9.44718],[76.43787,9.43892],[76.43561,9.43441],[76.42779,9.43837],[76.42344,9.4381],[76.41752,9.43933],[76.41477,9.44181],[76.41317,9.44706],[76.40829,9.4539],[76.40789,9.45761],[76.41029,9.46086],[76.40727,9.46576],[76.40594,9.47288],[76.40658,9.47568],[76.40646,9.48202],[76.41017,9.49032],[76.41147,9.49495],[76.40794,9.49625],[76.40786,9.50458],[76.40621,9.51575],[76.40629,9.5259],[76.43478,9.52619],[76.43554,9.54644],[76.43554,9.55198],[76.4265,9.54963],[76.42273,9.55585],[76.41527,9.55839],[76.41411,9.56334],[76.40444,9.55946],[76.40465,9.55389],[76.3922,9.5477]]]},"properties":{"level":"block","code":"champakulam","district":"ALP","lgd_code":5952}},{"type":"Feature","geometry":{"type":"Polygon","coordinates":[[[76.63926,9.23411],[76.64378,9.23503],[76.64735,9.23769],[76.64938,9.23614],[76.65398,9.23785],[76.65381,9.24043],[76.6564,9.2419],[76.6579,9.24411],[76.65861,9.25024],[76.65754,9.25071],[76.65805,9.25781],[76.65483,9.26066],[76.65691,9.26429],[76.66436,9.26604],[76.66322,9.26971],[76.66779,9.27],[76.66814,9.27227],[76.66605,9.27504],[76.67062,9.27731],[76.67216,9.28],[76.67702,9.28323],[76.67508,9.28557],[76.67574,9.28936],[76.66427,9.2889],[76.66245,9.28748],[76.65584,9.28986],[76.65144,9.28975],[76.65111,9.29573],[76.65157,9.3006],[76.6506,9.304],[76.65113,9.30793],[76.64925,9.30959],[76.64566,9.30961],[76.64417,9.31231],[76.6442,9.3153],[76.64208,9.31671],[76.64152,9.32338],[76.63931,9.32602],[76.63537,9.32709],[76.63963,9.32964],[76.64111,9.33212],[76.64207,9.33337],[76.64049,9.3369],[76.64164,9.34106],[76.63038,9.34262],[76.62805,9.34181],[76.62823,9.33732],[76.62009,9.33944],[76.6135,9.34301],[76.61145,9.34312],[76.6101,9.34204],[76.60566,9.34529],[76.60316,9.34413],[76.60021,9.34716],[76.59777,9.34646],[76.5961,9.35216],[76.59313,9.35256],[76.59086,9.35118],[76.58716,9.35181],[76.58506,9.34844],[76.57919,9.35092],[76.57958,9.35355],[76.57413,9.3539],[76.57261,9.35575],[76.56685,9.35609],[76.56518,9.35316],[76.56312,9.35411],[76.55919,9.35087],[76.55524,9.35046],[76.55249,9.35235],[76.54969,9.34973],[76.55424,9.34551],[76.55981,9.34341],[76.55623,9.34062],[76.55637,9.33883],[76.55308,9.33487],[76.55356,9.33178],[76.55264,9.32822],[76.55032,9.32468],[76.54618,9.32546],[76.54266,9.32317],[76.53677,9.32209],[76.53304,9.32526],[76.53108,9.32956],[76.527,9.32595],[76.5182,9.32731],[76.50214,9.32371],[76.4978,9.32344],[76.4942,9.32476],[76.49426,9.32219],[76.49611,9.31743],[76.49297,9.3171],[76.49345,9.31403],[76.49562,9.30955],[76.49912,9.30601],[76.50685,9.30621],[76.51434,9.30453],[76.52037,9.30473],[76.52392,9.30388],[76.52437,9.3061],[76.53216,9.3051],[76.53175,9.2996],[76.53232,9.29678],[76.53452,9.2963],[76.53362,9.29231],[76.53591,9.29218],[76.53521,9.28866],[76.53999,9.28833],[76.53948,9.28466],[76.53765,9.28216],[76.54304,9.28001],[76.54877,9.2843],[76.54921,9.27802],[76.54587,9.27136],[76.54536,9.26714],[76.54582,9.26034],[76.54872,9.26011],[76.54963,9.26365],[76.55172,9.26567],[76.55214,9.26953],[76.55434,9.27129],[76.55869,9.27008],[76.5619,9.27217],[76.56393,9.27141],[76.56809,9.26576],[76.57186,9.2648],[76.57541,9.26846],[76.57718,9.26751],[76.57692,9.26195],[76.5791,9.25755],[76.58864,9.25025],[76.59096,9.24558],[76.59706,9.24446],[76.59606,9.24166],[76.60099,9.23761],[76.60763,9.23926],[76.60949,9.23495],[76.6141,9.2333],[76.61635,9.2276],[76.62129,9.22683],[76.62326,9.22982],[76.62697,9.23012],[76.62765,9.23572],[76.63314,9.24333],[76.63604,9.23634],[76.63926,9.23411]]]},"properties":{"level":"block","code":"chengannur","district":"ALP","lgd_code":5953}},{"type":"Feature","geometry":{"type":"Polygon","coordinates":[[[76.3845,9.30518],[76.39353,9.28657],[76.39627,9.28174],[76.39993,9.27284],[76.40747,9.25575],[76.4159,9.23787],[76.41682,9.23807],[76.42144,9.24499],[76.42264,9.24787],[76.42618,9.25137],[76.42821,9.24966],[76.43187,9.2494],[76.43387,9.24718],[76.43886,9.24673],[76.44161,9.24211],[76.44191,9.23592],[76.44626,9.23749],[76.45363,9.23821],[76.4636,9.24127],[76.46391,9.24377],[76.46897,9.24564],[76.4661,9.25145],[76.46332,9.25894],[76.47469,9.25875],[76.4754,9.25695],[76.48158,9.25356],[76.48321,9.25834],[76.4851,9.261],[76.4888,9.25987],[76.48993,9.25683],[76.49849,9.25573],[76.50345,9.25677],[76.50472,9.26015],[76.49942,9.26784],[76.49929,9.27197],[76.50041,9.27793],[76.49883,9.28042],[76.49857,9.2846],[76.50095,9.28768],[76.50091,9.29268],[76.49823,9.29278],[76.4964,9.29485],[76.49159,9.29225],[76.48909,9.29962],[76.49271,9.30593],[76.49577,9.30791],[76.49562,9.30955],[76.49345,9.31403],[76.49297,9.3171],[76.49611,9.31743],[76.49426,9.32219],[76.4942,9.32476],[76.49335,9.3265],[76.48766,9.3287],[76.48211,9.32806],[76.47446,9.32813],[76.47336,9.33242],[76.47571,9.33577],[76.47493,9.33784],[76.47817,9.33908],[76.47838,9.341],[76.47488,9.34195],[76.46967,9.34024],[76.46304,9.3409],[76.46169,9.343],[76.46073,9.35031],[76.45721,9.35102],[76.45232,9.35397],[76.45041,9.35307],[76.4482,9.34915],[76.446,9.34923],[76.44291,9.35203],[76.43887,9.35291],[76.43419,9.35272],[76.43099,9.35085],[76.43098,9.34764],[76.42097,9.34053],[76.4161,9.34128],[76.41407,9.34062],[76.41229,9.34303],[76.40165,9.33826],[76.40187,9.33006],[76.40007,9.32029],[76.40026,9.31747],[76.39652,9.30839],[76.39309,9.30698],[76.39025,9.30855],[76.38694,9.30808],[76.3845,9.30518]]]},"properties":{"level":"block","code":"harippad","district":"ALP","lgd_code":5954}},{"type":"Feature","geometry":{"type":"Polygon","coordinates":[[[76.39728,9.64902],[76.39648,9.65267],[76.39889,9.67166],[76.40138,9.67774],[76.40264,9.68592],[76.3958,9.6883],[76.3757,9.69738],[76.3627,9.70271],[76.36199,9.70574],[76.35563,9.70951],[76.35225,9.70859],[76.34759,9.71031],[76.34154,9.70949],[76.34017,9.70742],[76.34137,9.70431],[76.34147,9.69722],[76.33337,9.69764],[76.33094,9.70042],[76.32,9.69954],[76.31721,9.69841],[76.31735,9.69093],[76.31181,9.68945],[76.31095,9.68704],[76.30677,9.68609],[76.30457,9.68389],[76.28976,9.68263],[76.29447,9.63988],[76.29563,9.62759],[76.29714,9.61832],[76.29938,9.59538],[76.31065,9.5961],[76.32156,9.59587],[76.32224,9.6015],[76.32792,9.59915],[76.32904,9.5996],[76.34031,9.59783],[76.34954,9.59476],[76.35238,9.5924],[76.3576,9.59273],[76.36191,9.59045],[76.39534,9.58912],[76.39853,9.62693],[76.39965,9.63981],[76.39728,9.64902]]]},"properties":{"level":"block","code":"kanjikuzhy","district":"ALP","lgd_code":5955}},{"type":"Feature","geometry":{"type":"Polygon","coordinates":[[[76.53026,9.18953],[76.5321,9.19528],[76.53306,9.20088],[76.53543,9.20088],[76.54211,9.19593],[76.54599,9.19739],[76.54871,9.19576],[76.55235,9.19642],[76.55902,9.1947],[76.55793,9.19926],[76.5599,9.20381],[76.56243,9.20368],[76.56509,9.19909],[76.5638,9.19666],[76.56497,9.19302],[76.56955,9.19468],[76.57528,9.19498],[76.58011,9.19824],[76.58284,9.20227],[76.5828,9.20693],[76.58437,9.21256],[76.58692,9.21604],[76.58269,9.21951],[76.58278,9.2217],[76.59226,9.2195],[76.59429,9.21677],[76.59394,9.2122],[76.59704,9.21325],[76.60103,9.2125],[76.60753,9.21346],[76.61303,9.2125],[76.61814,9.21805],[76.61775,9.22322],[76.61635,9.2276],[76.6141,9.2333],[76.60949,9.23495],[76.60763,9.23926],[76.60099,9.23761],[76.59606,9.24166],[76.59706,9.24446],[76.59096,9.24558],[76.58864,9.25025],[76.5791,9.25755],[76.57692,9.26195],[76.57718,9.26751],[76.57541,9.26846],[76.57186,9.2648],[76.56809,9.26576],[76.56393,9.27141],[76.5619,9.27217],[76.55869,9.27008],[76.55434,9.27129],[76.55214,9.26953],[76.55172,9.26567],[76.54963,9.26365],[76.54872,9.26011],[76.54582,9.26034],[76.54536,9.26714],[76.54587,9.27136],[76.54921,9.27802],[76.54877,9.2843],[76.54304,9.28001],[76.53765,9.28216],[76.53948,9.28466],[76.53999,9.28833],[76.53521,9.28866],[76.53591,9.29218],[76.53362,9.29231],[76.53452,9.2963],[76.53232,9.29678],[76.53175,9.2996],[76.53216,9.3051],[76.52437,9.3061],[76.52392,9.30388],[76.52037,9.30473],[76.51434,9.30453],[76.50685,9.30621],[76.49912,9.30601],[76.49562,9.30955],[76.49577,9.30791],[76.49271,9.30593],[76.48909,9.29962],[76.49159,9.29225],[76.4964,9.29485],[76.49823,9.29278],[76.50091,9.29268],[76.50095,9.28768],[76.49857,9.2846],[76.49883,9.28042],[76.50041,9.27793],[76.49929,9.27197],[76.49942,9.26784],[76.50472,9.26015],[76.50345,9.25677],[76.50375,9.25086],[76.50095,9.23637],[76.49917,9.23096],[76.49602,9.2238],[76.49523,9.21859],[76.50104,9.21599],[76.5051,9.21532],[76.5135,9.21603],[76.51583,9.21419],[76.51593,9.2113],[76.51162,9.19833],[76.50969,9.19521],[76.51725,9.19309],[76.52367,9.19287],[76.52678,9.19008],[76.53026,9.18953]]]},"properties":{"level":"block","code":"mavelikkara","district":"ALP","lgd_code":5956}},{"type":"Feature","geometry":{"type":"Polygon","coordinates":[[[76.53026,9.18953],[76.52678,9.19008],[76.52367,9.19287],[76.51725,9.19309],[76.50969,9.19521],[76.51162,9.19833],[76.51593,9.2113],[76.51583,9.21419],[76.5135,9.21603],[76.5051,9.21532],[76.50104,9.21599],[76.49523,9.21859],[76.49602,9.2238],[76.49917,9.23096],[76.50095,9.23637],[76.50375,9.25086],[76.50345,9.25677],[76.49849,9.25573],[76.48993,9.25683],[76.4888,9.25987],[76.4851,9.261],[76.48321,9.25834],[76.48158,9.25356],[76.4754,9.25695],[76.47469,9.25875],[76.46332,9.25894],[76.4661,9.25145],[76.46897,9.24564],[76.46391,9.24377],[76.4636,9.24127],[76.45363,9.23821],[76.44626,9.23749],[76.44191,9.23592],[76.44161,9.24211],[76.43886,9.24673],[76.43387,9.24718],[76.43187,9.2494],[76.42821,9.24966],[76.42618,9.25137],[76.42264,9.24787],[76.42144,9.24499],[76.41682,9.23807],[76.4159,9.23787],[76.43245,9.20183],[76.43757,9.18952],[76.44818,9.1674],[76.45294,9.1568],[76.46343,9.13524],[76.46635,9.13047],[76.47032,9.13147],[76.47323,9.12996],[76.47328,9.12727],[76.47888,9.1281],[76.48483,9.1263],[76.49385,9.12542],[76.50565,9.12645],[76.50307,9.13497],[76.50857,9.1367],[76.51499,9.13751],[76.52618,9.13598],[76.52858,9.13488],[76.54161,9.13508],[76.54113,9.13757],[76.54351,9.14532],[76.54247,9.14707],[76.54384,9.15016],[76.53835,9.15183],[76.53843,9.1551],[76.53598,9.15507],[76.53169,9.15776],[76.53062,9.15949],[76.53209,9.16905],[76.53387,9.1739],[76.53247,9.17506],[76.53719,9.18773],[76.53026,9.18953]]]},"properties":{"level":"block","code":"muthukulam","district":"ALP","lgd_code":5957}},{"type":"Feature","geometry":{"type":"Polygon","coordinates":[[[76.30303,9.89017],[76.29664,9.89138],[76.29267,9.89058],[76.29256,9.88352],[76.29387,9.87879],[76.29383,9.87302],[76.29558,9.86408],[76.29533,9.85961],[76.29724,9.85532],[76.29727,9.85216],[76.29568,9.85106],[76.28618,9.84956],[76.28403,9.83654],[76.27964,9.83114],[76.27948,9.82683],[76.28364,9.81722],[76.28691,9.8187],[76.29092,9.80666],[76.28251,9.805],[76.2817,9.80078],[76.28272,9.79927],[76.28395,9.7911],[76.2772,9.78907],[76.27954,9.77608],[76.28301,9.75374],[76.28278,9.75141],[76.28483,9.73202],[76.28707,9.70692],[76.28826,9.69813],[76.28976,9.68263],[76.30457,9.68389],[76.30677,9.68609],[76.31095,9.68704],[76.31181,9.68945],[76.31735,9.69093],[76.31721,9.69841],[76.32,9.69954],[76.33094,9.70042],[76.33337,9.69764],[76.34147,9.69722],[76.34137,9.70431],[76.34017,9.70742],[76.34154,9.70949],[76.34759,9.71031],[76.34733,9.72429],[76.34362,9.73062],[76.34446,9.74166],[76.34483,9.75363],[76.33943,9.75337],[76.33851,9.7626],[76.33874,9.76707],[76.33579,9.77496],[76.33769,9.78456],[76.33753,9.78793],[76.33156,9.79404],[76.32982,9.80435],[76.33077,9.81111],[76.33239,9.81352],[76.33268,9.81898],[76.3295,9.82322],[76.32904,9.82706],[76.32499,9.82626],[76.32424,9.83166],[76.32522,9.83705],[76.32137,9.84149],[76.32126,9.84791],[76.32271,9.85381],[76.32201,9.85798],[76.32261,9.86361],[76.32156,9.86655],[76.32191,9.87651],[76.3252,9.87944],[76.32221,9.88116],[76.3106,9.88371],[76.30303,9.89017]]]},"properties":{"level":"block","code":"pattanakkad","district":"ALP","lgd_code":5958}},{"type":"Feature","geometry":{"type":"Polygon","coordinates":[[[76.3252,9.87944],[76.32191,9.87651],[76.32156,9.86655],[76.32261,9.86361],[76.32201,9.85798],[76.32271,9.85381],[76.32126,9.84791],[76.32137,9.84149],[76.32522,9.83705],[76.32424,9.83166],[76.32499,9.82626],[76.32904,9.82706],[76.3295,9.82322],[76.33268,9.81898],[76.33239,9.81352],[76.33077,9.81111],[76.32982,9.80435],[76.33156,9.79404],[76.33753,9.78793],[76.33769,9.78456],[76.33579,9.77496],[76.33874,9.76707],[76.33851,9.7626],[76.33943,9.75337],[76.34483,9.75363],[76.34446,9.74166],[76.34362,9.73062],[76.34733,9.72429],[76.34759,9.71031],[76.35225,9.70859],[76.35563,9.70951],[76.36199,9.70574],[76.3627,9.70271],[76.3757,9.69738],[76.37749,9.71249],[76.38024,9.72782],[76.3807,9.75144],[76.37661,9.76219],[76.37176,9.77037],[76.37092,9.77717],[76.36918,9.78204],[76.36646,9.78652],[76.36501,9.7923],[76.3652,9.7948],[76.36731,9.79997],[76.37654,9.81168],[76.37929,9.81387],[76.38122,9.81728],[76.38122,9.82173],[76.37914,9.8265],[76.37769,9.83203],[76.3728,9.83672],[76.37151,9.83861],[76.37001,9.8472],[76.36984,9.85259],[76.37192,9.85553],[76.36553,9.86802],[76.36188,9.87082],[76.35714,9.88028],[76.35336,9.88397],[76.35047,9.88186],[76.33615,9.87698],[76.32969,9.87748],[76.3252,9.87944]]]},"properties":{"level":"block","code":"thycattussery","district":"ALP","lgd_code":5959}},{"type":"Feature","geometry":{"type":"Polygon","coordinates":[[[76.49001,9.50793],[76.48172,9.50869],[76.48032,9.50736],[76.47936,9.5376],[76.46548,9.54216],[76.46618,9.56165],[76.44856,9.55751],[76.43855,9.55421],[76.43554,9.55198],[76.43554,9.54644],[76.43478,9.52619],[76.40629,9.5259],[76.40621,9.51575],[76.40786,9.50458],[76.40794,9.49625],[76.41147,9.49495],[76.41017,9.49032],[76.40646,9.48202],[76.40658,9.47568],[76.40594,9.47288],[76.40727,9.46576],[76.41029,9.46086],[76.40789,9.45761],[76.40829,9.4539],[76.41317,9.44706],[76.41477,9.44181],[76.41752,9.43933],[76.42344,9.4381],[76.42779,9.43837],[76.43561,9.43441],[76.43787,9.43892],[76.4395,9.44718],[76.44205,9.44926],[76.44996,9.44804],[76.45305,9.44493],[76.44631,9.43674],[76.4474,9.43491],[76.447,9.43073],[76.44317,9.42236],[76.4416,9.42127],[76.44116,9.4175],[76.4536,9.41336],[76.45449,9.41512],[76.46278,9.4124],[76.46588,9.40996],[76.46584,9.40693],[76.46974,9.40484],[76.46918,9.40035],[76.47116,9.39986],[76.47836,9.39482],[76.48518,9.39137],[76.4895,9.39219],[76.49233,9.39162],[76.49625,9.38908],[76.51044,9.38234],[76.51241,9.38291],[76.51201,9.38624],[76.514,9.39126],[76.51116,9.39285],[76.51329,9.40072],[76.50603,9.40484],[76.50726,9.40796],[76.50598,9.41239],[76.5097,9.41848],[76.50549,9.42547],[76.50747,9.43207],[76.51143,9.43671],[76.50843,9.43843],[76.50282,9.43853],[76.50262,9.44016],[76.49791,9.44027],[76.49515,9.44461],[76.49789,9.44896],[76.49742,9.45289],[76.50089,9.45825],[76.50234,9.46257],[76.50566,9.46747],[76.50645,9.47088],[76.50594,9.47618],[76.50879,9.47786],[76.50878,9.48085],[76.50703,9.48568],[76.50695,9.48982],[76.50898,9.49874],[76.51077,9.49992],[76.50785,9.50437],[76.50295,9.50342],[76.49813,9.50373],[76.49539,9.50715],[76.49001,9.50793]]]},"properties":{"level":"block","code":"veliyanad","district":"ALP","lgd_code":5960}},{"type":"Feature","geometry":{"type":"Polygon","coordinates":[[[76.39446,10.1531],[76.39343,10.14851],[76.39081,10.14616],[76.3864,10.14472],[76.38674,10.14151],[76.38473,10.13935],[76.38752,10.1347],[76.38657,10.13305],[76.38211,10.13376],[76.37948,10.13127],[76.37775,10.1357],[76.37371,10.13534],[76.37383,10.1413],[76.37138,10.14229],[76.37126,10.14577],[76.36642,10.14439],[76.37029,10.15068],[76.36798,10.1544],[76.35892,10.15413],[76.35159,10.15491],[76.34952,10.15946],[76.34556,10.16034],[76.34251,10.15791],[76.33938,10.15959],[76.33714,10.15871],[76.33524,10.15192],[76.33942,10.14701],[76.34096,10.12824],[76.33886,10.1274],[76.33319,10.12886],[76.3331,10.12531],[76.33801,10.1206],[76.33895,10.11325],[76.33708,10.11322],[76.33588,10.11876],[76.33258,10.12032],[76.32984,10.11909],[76.32191,10.12126],[76.32174,10.12413],[76.32457,10.12426],[76.32653,10.1263],[76.33094,10.1272],[76.32786,10.13346],[76.327,10.13911],[76.32763,10.14196],[76.32609,10.15378],[76.31223,10.15061],[76.30739,10.14874],[76.30461,10.14623],[76.30059,10.14098],[76.29861,10.13992],[76.29384,10.13996],[76.2892,10.14217],[76.28383,10.14615],[76.28338,10.14983],[76.27736,10.14696],[76.27276,10.14817],[76.26429,10.16004],[76.26285,10.1612],[76.25564,10.1637],[76.25542,10.15671],[76.25613,10.15481],[76.26007,10.15082],[76.26311,10.14633],[76.26314,10.13951],[76.26942,10.12933],[76.269,10.12633],[76.27002,10.11934],[76.26866,10.11543],[76.26613,10.11458],[76.26586,10.10866],[76.26867,10.10196],[76.26836,10.09614],[76.26479,10.0944],[76.25731,10.09273],[76.25751,10.08773],[76.25562,10.08374],[76.25325,10.08212],[76.25,10.08173],[76.2475,10.07767],[76.24892,10.07379],[76.25392,10.07113],[76.25775,10.06942],[76.25919,10.06746],[76.2588,10.06307],[76.26578,10.06432],[76.2705,10.06327],[76.27188,10.06189],[76.28105,10.0639],[76.28068,10.07211],[76.28309,10.07329],[76.28667,10.06947],[76.29091,10.06855],[76.29378,10.06612],[76.29405,10.06371],[76.29225,10.05917],[76.29384,10.05571],[76.29758,10.0517],[76.29851,10.04721],[76.30138,10.04318],[76.30345,10.04369],[76.31044,10.05168],[76.307,10.05491],[76.30751,10.05906],[76.30575,10.06156],[76.30927,10.06395],[76.31556,10.06175],[76.31795,10.06241],[76.31911,10.06515],[76.32601,10.06726],[76.33044,10.06617],[76.33601,10.07104],[76.33788,10.07411],[76.34192,10.07661],[76.34281,10.07842],[76.34634,10.07837],[76.34736,10.07464],[76.34995,10.0701],[76.35375,10.06969],[76.35315,10.06612],[76.3548,10.06303],[76.35695,10.06168],[76.35427,10.05885],[76.35618,10.05663],[76.36032,10.05519],[76.36123,10.04861],[76.36355,10.04651],[76.37109,10.04913],[76.37526,10.04451],[76.38008,10.03537],[76.38073,10.03996],[76.38386,10.04012],[76.38303,10.04301],[76.38583,10.0455],[76.38833,10.05183],[76.39141,10.05098],[76.39255,10.05634],[76.39624,10.05962],[76.39797,10.05988],[76.3994,10.06828],[76.39827,10.07267],[76.40194,10.08372],[76.40678,10.08971],[76.40635,10.0917],[76.4089,10.09516],[76.40892,10.09896],[76.41043,10.10193],[76.40966,10.10526],[76.41053,10.11142],[76.41213,10.11438],[76.40741,10.11874],[76.40456,10.12046],[76.40593,10.13593],[76.40805,10.13671],[76.40822,10.14314],[76.40742,10.15117],[76.40601,10.15739],[76.40383,10.15675],[76.40129,10.15379],[76.39845,10.15509],[76.39446,10.1531]]]},"properties":{"level":"block","code":"alangad","district":"EKM","lgd_code":5961}},{"type":"Feature","geometry":{"type":"Polygon","coordinates":[[[76.37584,10.2441],[76.37605,10.24157],[76.3663,10.23377],[76.36471,10.22951],[76.36453,10.2246],[76.36555,10.21725],[76.36456,10.2142],[76.36594,10.20499],[76.3636,10.20078],[76.36274,10.19592],[76.35987,10.19597],[76.3568,10.18664],[76.35703,10.18373],[76.36387,10.1802],[76.37148,10.17913],[76.3735,10.17569],[76.38163,10.17472],[76.38672,10.17501],[76.38886,10.1766],[76.3939,10.17588],[76.39508,10.16482],[76.39035,10.16232],[76.39441,10.1556],[76.39446,10.1531],[76.39845,10.15509],[76.40129,10.15379],[76.40383,10.15675],[76.40601,10.15739],[76.40742,10.15117],[76.40822,10.14314],[76.40805,10.13671],[76.40593,10.13593],[76.40456,10.12046],[76.40741,10.11874],[76.41213,10.11438],[76.41764,10.1146],[76.4243,10.1173],[76.43378,10.12261],[76.4381,10.12297],[76.44255,10.12016],[76.4461,10.11915],[76.45188,10.12159],[76.45637,10.12841],[76.45729,10.13215],[76.4554,10.13531],[76.44953,10.13822],[76.45033,10.14247],[76.44925,10.14543],[76.44545,10.14717],[76.44237,10.14738],[76.43334,10.14464],[76.43018,10.14544],[76.42896,10.14948],[76.43056,10.1523],[76.43833,10.16001],[76.43888,10.16276],[76.44631,10.16748],[76.45986,10.17292],[76.46553,10.18033],[76.47075,10.18374],[76.47687,10.18528],[76.4813,10.18357],[76.49347,10.18375],[76.50224,10.18213],[76.50867,10.18431],[76.51121,10.18693],[76.51595,10.19443],[76.5227,10.19509],[76.52667,10.19724],[76.53203,10.19774],[76.53772,10.19651],[76.55032,10.1962],[76.55543,10.19818],[76.55945,10.19777],[76.56358,10.19491],[76.56792,10.19399],[76.57507,10.18618],[76.58113,10.18461],[76.58577,10.18246],[76.59282,10.17577],[76.59654,10.17569],[76.59879,10.17699],[76.60555,10.17611],[76.60895,10.17223],[76.61405,10.1719],[76.61832,10.17459],[76.6268,10.17582],[76.6296,10.17443],[76.63383,10.16738],[76.64144,10.16149],[76.65156,10.19113],[76.67367,10.2154],[76.67987,10.23609],[76.67908,10.25],[76.68765,10.26666],[76.66982,10.27136],[76.66551,10.27374],[76.66197,10.27694],[76.66192,10.27997],[76.64586,10.28027],[76.64111,10.27454],[76.63561,10.27303],[76.62711,10.27265],[76.62407,10.27424],[76.62129,10.27351],[76.61876,10.28032],[76.60333,10.28023],[76.59961,10.28461],[76.59467,10.28804],[76.59004,10.29244],[76.58985,10.29893],[76.58562,10.2981],[76.58177,10.30103],[76.57652,10.30254],[76.56708,10.29451],[76.56624,10.29255],[76.57281,10.28672],[76.57136,10.28414],[76.56715,10.28513],[76.56074,10.28459],[76.55303,10.28297],[76.54688,10.289],[76.54212,10.28946],[76.53311,10.28773],[76.52545,10.28451],[76.52181,10.28466],[76.51675,10.28758],[76.50612,10.2891],[76.5,10.28746],[76.49745,10.28794],[76.49424,10.29232],[76.49146,10.29408],[76.48842,10.29425],[76.48302,10.29203],[76.47828,10.29314],[76.47243,10.29175],[76.4675,10.29406],[76.45919,10.29659],[76.44773,10.29686],[76.44282,10.29339],[76.43687,10.29435],[76.43134,10.29004],[76.42781,10.28953],[76.42351,10.29199],[76.41541,10.29434],[76.41716,10.28881],[76.41163,10.28762],[76.41342,10.28113],[76.40135,10.27597],[76.39703,10.26757],[76.39253,10.2666],[76.39005,10.26404],[76.39138,10.25537],[76.38295,10.25468],[76.37783,10.25485],[76.37747,10.25],[76.37938,10.24506],[76.37584,10.2441]]]},"properties":{"level":"block","code":"angamaly","district":"EKM","lgd_code":5962}},{"type":"Feature","geometry":{"type":"Polygon","coordinates":[[[76.25392,10.07113],[76.24912,10.07091],[76.24716,10.0692],[76.24154,10.07284],[76.23883,10.07162],[76.2406,10.06254],[76.24379,10.05235],[76.24241,10.03684],[76.24558,10.03605],[76.25156,10.0374],[76.25392,10.03679],[76.25708,10.03979],[76.26175,10.03195],[76.25958,10.02649],[76.26352,10.0251],[76.26764,10.02166],[76.26909,10.01769],[76.27105,10.0164],[76.27268,10.01093],[76.27207,10.00714],[76.27364,10.00388],[76.27362,10.00102],[76.27088,9.99671],[76.27062,9.99207],[76.27207,9.98495],[76.27018,9.98213],[76.27232,9.97725],[76.27997,9.96283],[76.28968,9.94333],[76.29807,9.94604],[76.29697,9.95377],[76.30002,9.95354],[76.29975,9.95759],[76.29826,9.96132],[76.29879,9.96455],[76.29792,9.97195],[76.29381,9.97457],[76.29122,9.98225],[76.293,9.98633],[76.29238,9.98942],[76.29275,9.99462],[76.29051,9.99636],[76.29031,9.99886],[76.28683,10.00256],[76.28728,10.00658],[76.29024,10.00673],[76.29608,10.00858],[76.2978,10.00786],[76.29912,10.00417],[76.30497,10.00722],[76.30972,9.99619],[76.31144,9.98874],[76.31928,9.99234],[76.32087,9.9875],[76.32008,9.98613],[76.32199,9.98012],[76.32486,9.97782],[76.32889,9.97828],[76.32499,9.98548],[76.32672,9.98737],[76.32718,9.99057],[76.32993,9.99291],[76.33139,9.99065],[76.33444,9.9912],[76.33765,9.98652],[76.33738,9.98029],[76.34223,9.98035],[76.34567,9.98414],[76.34556,9.9877],[76.34761,9.99103],[76.35249,9.99149],[76.35473,9.99261],[76.3597,9.991],[76.36182,9.99476],[76.36599,9.99511],[76.36746,9.99695],[76.36704,10.00098],[76.36897,10.00614],[76.37344,10.00785],[76.37266,10.01183],[76.37865,10.01773],[76.37869,10.02179],[76.38062,10.02914],[76.37898,10.0294],[76.38008,10.03537],[76.37526,10.04451],[76.37109,10.04913],[76.36355,10.04651],[76.36123,10.04861],[76.36032,10.05519],[76.35618,10.05663],[76.35427,10.05885],[76.35695,10.06168],[76.3548,10.06303],[76.35315,10.06612],[76.35375,10.06969],[76.34995,10.0701],[76.34736,10.07464],[76.34634,10.07837],[76.34281,10.07842],[76.34192,10.07661],[76.33788,10.07411],[76.33601,10.07104],[76.33044,10.06617],[76.32601,10.06726],[76.31911,10.06515],[76.31795,10.06241],[76.31556,10.06175],[76.30927,10.06395],[76.30575,10.06156],[76.30751,10.05906],[76.307,10.05491],[76.31044,10.05168],[76.30345,10.04369],[76.30138,10.04318],[76.29851,10.04721],[76.29758,10.0517],[76.29384,10.05571],[76.29225,10.05917],[76.29405,10.06371],[76.29378,10.06612],[76.29091,10.06855],[76.28667,10.06947],[76.28309,10.07329],[76.28068,10.07211],[76.28105,10.0639],[76.27188,10.06189],[76.2705,10.06327],[76.26578,10.06432],[76.2588,10.06307],[76.25919,10.06746],[76.25775,10.06942],[76.25392,10.07113]]]},"properties":{"level":"block","code":"edappally","district":"EKM","lgd_code":5963}},{"type":"Feature","geometry":{"type":"Polygon","coordinates":[[[76.45188,10.12159],[76.45663,10.11968],[76.46014,10.12106],[76.46367,10.1184],[76.46626,10.11413],[76.46828,10.11243],[76.47795,10.10804],[76.4793,10.1057],[76.48177,10.1055],[76.48191,10.1022],[76.48386,10.10074],[76.48434,10.09753],[76.48841,10.09471],[76.48547,10.08758],[76.48566,10.08297],[76.48478,10.08014],[76.48628,10.07683],[76.4926,10.07065],[76.49568,10.06515],[76.50479,10.06435],[76.5076,10.06222],[76.50817,10.05991],[76.51187,10.05592],[76.51755,10.0551],[76.5216,10.0522],[76.52344,10.05392],[76.52635,10.05417],[76.52811,10.04954],[76.53283,10.05111],[76.53978,10.05233],[76.54394,10.05026],[76.54481,10.04871],[76.54757,10.05335],[76.55127,10.05468],[76.5566,10.05402],[76.55822,10.05563],[76.55945,10.05994],[76.56221,10.06252],[76.55972,10.06417],[76.55782,10.06936],[76.55803,10.07342],[76.55713,10.07715],[76.55903,10.07801],[76.55735,10.08221],[76.55799,10.08395],[76.5665,10.08357],[76.56859,10.08216],[76.56997,10.0862],[76.57454,10.08961],[76.57355,10.09247],[76.5745,10.09788],[76.57327,10.10292],[76.57136,10.10411],[76.57388,10.10703],[76.57371,10.11187],[76.57527,10.11323],[76.5774,10.11952],[76.576,10.12253],[76.57705,10.12469],[76.57494,10.12887],[76.57895,10.13704],[76.5841,10.14137],[76.58543,10.14344],[76.59205,10.14586],[76.59696,10.14684],[76.60003,10.14509],[76.60304,10.14914],[76.60858,10.15043],[76.62034,10.14985],[76.62434,10.15052],[76.6297,10.14819],[76.63658,10.14929],[76.63864,10.15121],[76.6412,10.1576],[76.64144,10.16149],[76.63383,10.16738],[76.6296,10.17443],[76.6268,10.17582],[76.61832,10.17459],[76.61405,10.1719],[76.60895,10.17223],[76.60555,10.17611],[76.59879,10.17699],[76.59654,10.17569],[76.59282,10.17577],[76.58577,10.18246],[76.58113,10.18461],[76.57507,10.18618],[76.56792,10.19399],[76.56358,10.19491],[76.55945,10.19777],[76.55543,10.19818],[76.55032,10.1962],[76.53772,10.19651],[76.53203,10.19774],[76.52667,10.19724],[76.5227,10.19509],[76.51595,10.19443],[76.51121,10.18693],[76.50867,10.18431],[76.50224,10.18213],[76.49347,10.18375],[76.4813,10.18357],[76.47687,10.18528],[76.47075,10.18374],[76.46553,10.18033],[76.45986,10.17292],[76.44631,10.16748],[76.43888,10.16276],[76.43833,10.16001],[76.43056,10.1523],[76.42896,10.14948],[76.43018,10.14544],[76.43334,10.14464],[76.44237,10.14738],[76.44545,10.14717],[76.44925,10.14543],[76.45033,10.14247],[76.44953,10.13822],[76.4554,10.13531],[76.45729,10.13215],[76.45637,10.12841],[76.45188,10.12159]]]},"properties":{"level":"block","code":"koovappady","district":"EKM","lgd_code":5964}},{"type":"Feature","geometry":{"type":"Polygon","coordinates":[[[76.68765,10.26666],[76.67908,10.25],[76.67987,10.23609],[76.67367,10.2154],[76.65156,10.19113],[76.64144,10.16149],[76.6412,10.1576],[76.63864,10.15121],[76.63658,10.14929],[76.6297,10.14819],[76.62434,10.15052],[76.62034,10.14985],[76.60858,10.15043],[76.60304,10.14914],[76.60003,10.14509],[76.59696,10.14684],[76.59205,10.14586],[76.58543,10.14344],[76.5841,10.14137],[76.57895,10.13704],[76.57494,10.12887],[76.57705,10.12469],[76.576,10.12253],[76.5774,10.11952],[76.57527,10.11323],[76.57371,10.11187],[76.57388,10.10703],[76.57136,10.10411],[76.57327,10.10292],[76.5745,10.09788],[76.57355,10.09247],[76.57454,10.08961],[76.56997,10.0862],[76.56859,10.08216],[76.5665,10.08357],[76.55799,10.08395],[76.55735,10.08221],[76.55903,10.07801],[76.55713,10.07715],[76.55803,10.07342],[76.55782,10.06936],[76.55972,10.06417],[76.56221,10.06252],[76.55945,10.05994],[76.55822,10.05563],[76.5566,10.05402],[76.56156,10.04954],[76.56729,10.04837],[76.57227,10.0438],[76.57812,10.03523],[76.5803,10.03461],[76.58562,10.03659],[76.58923,10.03455],[76.59483,10.0335],[76.59889,10.03141],[76.60006,10.02951],[76.60044,10.023],[76.59947,10.01434],[76.60162,10.00882],[76.59754,10.007],[76.59338,10.00211],[76.59509,10.00061],[76.60474,10.00071],[76.61379,10.00413],[76.61675,10.0024],[76.62726,10.00057],[76.62939,10.0022],[76.63447,10.00367],[76.64142,10.00681],[76.64581,10.01197],[76.65192,10.01344],[76.65754,10.01336],[76.6596,10.01167],[76.6628,10.01372],[76.66604,10.01443],[76.67183,10.01273],[76.6703,10.01035],[76.66925,10.00163],[76.6654,9.99794],[76.66797,9.99306],[76.67255,9.9915],[76.67606,9.99369],[76.67848,9.99103],[76.6884,9.98865],[76.69297,9.99153],[76.69511,9.99147],[76.69772,9.99444],[76.70231,9.98562],[76.71123,9.98943],[76.71358,9.98698],[76.71626,9.98701],[76.71982,9.98612],[76.72338,9.98148],[76.72835,9.98319],[76.73085,9.98488],[76.73642,9.98482],[76.74474,9.99071],[76.74757,9.98901],[76.75426,9.98791],[76.7586,9.98555],[76.76411,9.9813],[76.76469,9.98415],[76.76217,9.98734],[76.76028,9.99158],[76.76345,9.99162],[76.76761,9.99549],[76.76623,9.99762],[76.76888,10.00144],[76.76471,10.01105],[76.76516,10.01586],[76.7668,10.01955],[76.77728,10.02241],[76.77903,10.0238],[76.77785,10.03062],[76.78095,10.03477],[76.78402,10.03596],[76.78571,10.0346],[76.79163,10.03303],[76.79431,10.02899],[76.79881,10.02921],[76.80308,10.02666],[76.80533,10.02682],[76.81052,10.02118],[76.81338,10.02034],[76.81807,10.017],[76.82634,10.01267],[76.82944,10.0131],[76.8335,10.0117],[76.83785,10.01171],[76.83681,10.02215],[76.83963,10.02448],[76.83669,10.02546],[76.83195,10.02549],[76.82546,10.02903],[76.81722,10.0349],[76.81375,10.03571],[76.80972,10.03532],[76.80531,10.03983],[76.79636,10.04184],[76.79435,10.04392],[76.78906,10.04627],[76.78545,10.04989],[76.78607,10.05189],[76.78299,10.05728],[76.78109,10.05915],[76.77577,10.05986],[76.77475,10.06384],[76.77002,10.06642],[76.77913,10.06643],[76.79272,10.06383],[76.79549,10.06559],[76.80008,10.06342],[76.80207,10.06494],[76.8066,10.06604],[76.80079,10.06026],[76.8036,10.05752],[76.80977,10.05846],[76.80995,10.06279],[76.81733,10.06165],[76.8225,10.06426],[76.81985,10.06557],[76.81633,10.069],[76.81727,10.07157],[76.81399,10.08042],[76.81643,10.08391],[76.82012,10.08693],[76.81997,10.08905],[76.82428,10.0903],[76.83816,10.08406],[76.84523,10.07929],[76.85684,10.07616],[76.86466,10.07365],[76.86469,10.07811],[76.86306,10.08071],[76.86427,10.08936],[76.864,10.09097],[76.87104,10.0991],[76.88066,10.1126],[76.8866,10.12334],[76.89167,10.13122],[76.89501,10.13312],[76.89646,10.13541],[76.90426,10.14051],[76.90545,10.14383],[76.90338,10.14727],[76.9061,10.15126],[76.9066,10.1551],[76.90825,10.15577],[76.91262,10.16241],[76.91268,10.16559],[76.91811,10.16811],[76.92113,10.17597],[76.92838,10.17901],[76.9317,10.17748],[76.93278,10.17544],[76.94067,10.17145],[76.94935,10.17034],[76.95237,10.1692],[76.95535,10.16598],[76.96244,10.16398],[76.96654,10.15979],[76.96858,10.16082],[76.97221,10.16001],[76.97632,10.16099],[76.98044,10.16479],[76.9828,10.16582],[76.98555,10.16497],[76.98887,10.16087],[76.99408,10.16315],[76.99766,10.16246],[77.00059,10.1651],[77.00258,10.17052],[77.00538,10.16963],[77.01186,10.17308],[77.01438,10.17264],[77.01618,10.17578],[77.02336,10.17843],[77.02476,10.17571],[77.02829,10.17238],[77.03646,10.17341],[77.04271,10.17677],[77.04843,10.17645],[77.05749,10.17817],[77.0614,10.16988],[77.06795,10.1744],[77.07305,10.17442],[77.07509,10.17336],[77.07694,10.17586],[77.08054,10.17147],[77.0851,10.17454],[77.08677,10.17699],[77.08913,10.18303],[77.08354,10.18658],[77.08043,10.19125],[77.08037,10.19297],[77.07542,10.19498],[77.07599,10.197],[77.0701,10.19724],[77.06684,10.19568],[77.06552,10.1991],[77.06815,10.20322],[77.06832,10.20671],[77.06229,10.21028],[77.05546,10.21174],[77.05069,10.20816],[77.0488,10.20584],[77.04326,10.20679],[77.04293,10.20349],[77.04008,10.20325],[77.03269,10.20493],[77.02378,10.21177],[77.0201,10.2129],[77.02238,10.21692],[77.01718,10.2193],[77.01431,10.22436],[77.02031,10.22861],[77.02423,10.2299],[77.03066,10.22864],[77.03927,10.23085],[77.04534,10.23372],[77.04835,10.23083],[77.05752,10.23425],[77.06049,10.23623],[77.06284,10.24259],[77.06147,10.24993],[77.05598,10.25342],[77.05467,10.2573],[77.0506,10.26175],[77.04638,10.25809],[77.0429,10.25685],[77.04063,10.25266],[77.03156,10.25224],[77.02765,10.24986],[77.02519,10.24976],[77.01749,10.24563],[77.01467,10.24585],[77.01065,10.23995],[77.00547,10.2384],[77.00418,10.23494],[77.00148,10.23534],[76.99903,10.23037],[76.99318,10.23035],[76.99046,10.22809],[76.99088,10.22638],[76.98677,10.22328],[76.9845,10.22298],[76.98217,10.22023],[76.98048,10.22379],[76.97347,10.22543],[76.97145,10.22938],[76.96581,10.23061],[76.96169,10.23311],[76.95594,10.2343],[76.9532,10.23209],[76.94888,10.23341],[76.94754,10.23687],[76.9447,10.23655],[76.93859,10.23887],[76.93473,10.23641],[76.93236,10.23645],[76.92562,10.23286],[76.92156,10.23218],[76.91264,10.23474],[76.90984,10.23672],[76.90826,10.24085],[76.903,10.2403],[76.90546,10.24792],[76.90455,10.25076],[76.90121,10.25184],[76.89634,10.25383],[76.89697,10.25732],[76.89557,10.25856],[76.88879,10.25757],[76.88205,10.26016],[76.87786,10.26039],[76.87777,10.26252],[76.87986,10.26712],[76.87893,10.2695],[76.87127,10.27162],[76.86879,10.26936],[76.86566,10.27028],[76.8654,10.27301],[76.86057,10.27307],[76.85461,10.27713],[76.85248,10.27708],[76.84763,10.28083],[76.8424,10.28042],[76.84023,10.28331],[76.83603,10.28371],[76.83247,10.27609],[76.82878,10.27545],[76.82622,10.28098],[76.81824,10.28305],[76.81371,10.28521],[76.80975,10.28606],[76.80416,10.28517],[76.80061,10.28156],[76.79872,10.27842],[76.79515,10.27757],[76.79288,10.28023],[76.78894,10.27794],[76.78333,10.27765],[76.78011,10.27644],[76.77644,10.27673],[76.77417,10.27515],[76.77441,10.27122],[76.76933,10.26917],[76.75996,10.2694],[76.75346,10.27422],[76.75105,10.27817],[76.7389,10.27445],[76.73535,10.27186],[76.72876,10.27027],[76.71783,10.26925],[76.70616,10.26969],[76.70458,10.26681],[76.69875,10.26541],[76.69567,10.26393],[76.68765,10.26666]]]},"properties":{"level":"block","code":"kothamangalam","district":"EKM","lgd_code":5965}},{"type":"Feature","geometry":{"type":"Polygon","coordinates":[[[76.28968,9.94333],[76.29528,9.93197],[76.29817,9.92347],[76.30104,9.92328],[76.30192,9.91496],[76.30162,9.91025],[76.30202,9.89761],[76.30303,9.89017],[76.3106,9.88371],[76.32221,9.88116],[76.3252,9.87944],[76.32969,9.87748],[76.33615,9.87698],[76.35047,9.88186],[76.35336,9.88397],[76.35714,9.88028],[76.36188,9.87082],[76.36553,9.86802],[76.37192,9.85553],[76.36984,9.85259],[76.37001,9.8472],[76.37151,9.83861],[76.3728,9.83672],[76.37539,9.83792],[76.38041,9.84303],[76.3869,9.84457],[76.38879,9.84383],[76.39407,9.83128],[76.39592,9.82983],[76.40371,9.83043],[76.40647,9.83011],[76.40819,9.82739],[76.41128,9.82811],[76.4143,9.82234],[76.42137,9.82339],[76.4298,9.8256],[76.43585,9.82968],[76.44452,9.83379],[76.44756,9.83578],[76.44962,9.84089],[76.45396,9.84142],[76.45696,9.84666],[76.46133,9.85088],[76.46533,9.85383],[76.46984,9.85876],[76.46898,9.86187],[76.46787,9.87532],[76.4598,9.88052],[76.46066,9.88495],[76.4596,9.8873],[76.45261,9.89041],[76.4516,9.88764],[76.44741,9.88866],[76.44191,9.89285],[76.43997,9.89747],[76.43659,9.9003],[76.42838,9.9001],[76.42522,9.89839],[76.42232,9.90009],[76.42256,9.90505],[76.42453,9.90828],[76.42442,9.91393],[76.42014,9.91642],[76.41236,9.9152],[76.40201,9.91226],[76.40016,9.9088],[76.39469,9.90912],[76.39597,9.91406],[76.39103,9.91517],[76.38727,9.91393],[76.38509,9.9151],[76.38065,9.92432],[76.3845,9.92819],[76.394,9.9272],[76.3963,9.93132],[76.39281,9.93795],[76.39044,9.93934],[76.3862,9.93957],[76.38552,9.94173],[76.37889,9.94153],[76.37647,9.94742],[76.37191,9.94882],[76.37297,9.95583],[76.37114,9.95916],[76.36722,9.96209],[76.36647,9.96412],[76.36317,9.96654],[76.36348,9.9712],[76.3597,9.9728],[76.3574,9.97672],[76.35895,9.97967],[76.35815,9.98494],[76.3597,9.991],[76.35473,9.99261],[76.35249,9.99149],[76.34761,9.99103],[76.34556,9.9877],[76.34567,9.98414],[76.34223,9.98035],[76.33738,9.98029],[76.33765,9.98652],[76.33444,9.9912],[76.33139,9.99065],[76.32993,9.99291],[76.32718,9.99057],[76.32672,9.98737],[76.32499,9.98548],[76.32889,9.97828],[76.32486,9.97782],[76.32199,9.98012],[76.32008,9.98613],[76.32087,9.9875],[76.31928,9.99234],[76.31144,9.98874],[76.30972,9.99619],[76.30497,10.00722],[76.29912,10.00417],[76.2978,10.00786],[76.29608,10.00858],[76.29024,10.00673],[76.28728,10.00658],[76.28683,10.00256],[76.29031,9.99886],[76.29051,9.99636],[76.29275,9.99462],[76.29238,9.98942],[76.293,9.98633],[76.29122,9.98225],[76.29381,9.97457],[76.29792,9.97195],[76.29879,9.96455],[76.29826,9.96132],[76.29975,9.95759],[76.30002,9.95354],[76.29697,9.95377],[76.29807,9.94604],[76.28968,9.94333]]]},"properties":{"level":"block","code":"mulanthuruthy","district":"EKM","lgd_code":5966}},{"type":"Feature","geometry":{"type":"Polygon","coordinates":[[[76.54481,10.04871],[76.54144,10.04734],[76.53817,10.03656],[76.53794,10.02536],[76.54024,10.02226],[76.53936,10.01674],[76.54188,10.01297],[76.5441,10.01168],[76.54143,10.00556],[76.53869,10.00507],[76.5347,10.00773],[76.53165,10.00555],[76.53041,10.00754],[76.527,10.00744],[76.52271,10.00311],[76.51922,10.00193],[76.51246,10.00085],[76.51158,9.99701],[76.50792,9.99599],[76.50603,9.99371],[76.50731,9.98938],[76.50512,9.98279],[76.50666,9.98012],[76.50672,9.97348],[76.51394,9.97319],[76.51849,9.97039],[76.52095,9.96747],[76.52569,9.96605],[76.52862,9.96329],[76.53056,9.96302],[76.53922,9.96613],[76.54498,9.97148],[76.54819,9.96982],[76.54784,9.96353],[76.54323,9.95909],[76.54557,9.95619],[76.5401,9.9429],[76.54192,9.94168],[76.54388,9.9368],[76.54854,9.93325],[76.55208,9.92881],[76.55492,9.92864],[76.56069,9.92541],[76.56323,9.91928],[76.56668,9.91769],[76.56991,9.91824],[76.58206,9.91035],[76.58266,9.90769],[76.58941,9.9088],[76.59438,9.90619],[76.59685,9.90615],[76.60272,9.9027],[76.60852,9.9041],[76.61197,9.90259],[76.61579,9.90306],[76.61869,9.90129],[76.62183,9.90243],[76.62612,9.9002],[76.62867,9.90003],[76.63164,9.90575],[76.62946,9.91344],[76.6343,9.9174],[76.64192,9.91764],[76.64881,9.92151],[76.65309,9.91829],[76.65511,9.91795],[76.65766,9.92023],[76.65958,9.91728],[76.66439,9.91646],[76.67176,9.919],[76.67805,9.91681],[76.68138,9.91757],[76.68178,9.91184],[76.69133,9.90726],[76.69436,9.90748],[76.69695,9.90963],[76.69802,9.91496],[76.70151,9.91659],[76.69872,9.91952],[76.69563,9.9153],[76.69287,9.91898],[76.69352,9.92052],[76.69016,9.9228],[76.68331,9.92425],[76.68994,9.92937],[76.69239,9.93232],[76.69455,9.93087],[76.7,9.93113],[76.70362,9.93884],[76.70783,9.94112],[76.70975,9.94342],[76.71317,9.94299],[76.71431,9.94669],[76.71165,9.94882],[76.7126,9.95343],[76.71515,9.95449],[76.71675,9.95253],[76.72196,9.95225],[76.72443,9.95718],[76.71928,9.95969],[76.71564,9.96403],[76.71504,9.97023],[76.71143,9.97305],[76.71102,9.97708],[76.71223,9.98202],[76.71626,9.98701],[76.71358,9.98698],[76.71123,9.98943],[76.70231,9.98562],[76.69772,9.99444],[76.69511,9.99147],[76.69297,9.99153],[76.6884,9.98865],[76.67848,9.99103],[76.67606,9.99369],[76.67255,9.9915],[76.66797,9.99306],[76.6654,9.99794],[76.66925,10.00163],[76.6703,10.01035],[76.67183,10.01273],[76.66604,10.01443],[76.6628,10.01372],[76.6596,10.01167],[76.65754,10.01336],[76.65192,10.01344],[76.64581,10.01197],[76.64142,10.00681],[76.63447,10.00367],[76.62939,10.0022],[76.62726,10.00057],[76.61675,10.0024],[76.61379,10.00413],[76.60474,10.00071],[76.59509,10.00061],[76.59338,10.00211],[76.59754,10.007],[76.60162,10.00882],[76.59947,10.01434],[76.60044,10.023],[76.60006,10.02951],[76.59889,10.03141],[76.59483,10.0335],[76.58923,10.03455],[76.58562,10.03659],[76.5803,10.03461],[76.57812,10.03523],[76.57227,10.0438],[76.56729,10.04837],[76.56156,10.04954],[76.5566,10.05402],[76.55127,10.05468],[76.54757,10.05335],[76.54481,10.04871]]]},"properties":{"level":"block","code":"muvattupuzha","district":"EKM","lgd_code":5967}},{"type":"Feature","geometry":{"type":"Polygon","coordinates":[[[76.27997,9.96283],[76.27403,9.96089],[76.27146,9.95572],[76.26078,9.9527],[76.2592,9.95348],[76.25405,9.95322],[76.24662,9.95145],[76.24324,9.94988],[76.24139,9.94542],[76.24266,9.94234],[76.24888,9.92357],[76.25191,9.91666],[76.25202,9.91467],[76.25463,9.90608],[76.26014,9.88287],[76.26158,9.87152],[76.26521,9.85344],[76.26942,9.83399],[76.27058,9.82424],[76.27411,9.80665],[76.2772,9.78907],[76.28395,9.7911],[76.28272,9.79927],[76.2817,9.80078],[76.28251,9.805],[76.29092,9.80666],[76.28691,9.8187],[76.28364,9.81722],[76.27948,9.82683],[76.27964,9.83114],[76.28403,9.83654],[76.28618,9.84956],[76.29568,9.85106],[76.29727,9.85216],[76.29724,9.85532],[76.29533,9.85961],[76.29558,9.86408],[76.29383,9.87302],[76.29387,9.87879],[76.29256,9.88352],[76.29267,9.89058],[76.29664,9.89138],[76.30303,9.89017],[76.30202,9.89761],[76.30162,9.91025],[76.30192,9.91496],[76.30104,9.92328],[76.29817,9.92347],[76.29528,9.93197],[76.28968,9.94333],[76.27997,9.96283]]]},"properties":{"level":"block","code":"palluruthy","district":"EKM","lgd_code":5968}},{"type":"Feature","geometry":{"type":"Polygon","coordinates":[[[76.46133,9.85088],[76.46033,9.847],[76.47443,9.84214],[76.47778,9.84403],[76.4829,9.84282],[76.48589,9.84597],[76.49213,9.84948],[76.4981,9.85144],[76.50295,9.85095],[76.5096,9.85113],[76.5144,9.84912],[76.5153,9.84664],[76.51427,9.84398],[76.51596,9.83998],[76.51798,9.83868],[76.51947,9.83454],[76.51719,9.83324],[76.51953,9.82771],[76.51986,9.82422],[76.52428,9.82702],[76.52724,9.82511],[76.52897,9.82589],[76.53895,9.82309],[76.53918,9.81458],[76.54469,9.81307],[76.54251,9.80888],[76.54443,9.80116],[76.55498,9.80226],[76.55707,9.80477],[76.55683,9.80709],[76.55902,9.81044],[76.55889,9.81538],[76.56366,9.81953],[76.56453,9.82324],[76.56697,9.82516],[76.57244,9.82247],[76.57544,9.82011],[76.58069,9.82243],[76.58199,9.82707],[76.5809,9.83587],[76.58205,9.83676],[76.58017,9.8431],[76.58694,9.84188],[76.58942,9.84492],[76.59121,9.84229],[76.59421,9.84632],[76.5965,9.84533],[76.59886,9.84639],[76.60365,9.84505],[76.60494,9.8407],[76.611,9.83893],[76.61635,9.8389],[76.61342,9.84396],[76.60913,9.84917],[76.60957,9.85134],[76.61224,9.85288],[76.61559,9.8521],[76.61906,9.85622],[76.62488,9.85717],[76.62886,9.85558],[76.63185,9.85686],[76.63324,9.865],[76.6322,9.87136],[76.63743,9.87331],[76.63576,9.87828],[76.63614,9.88391],[76.63275,9.88535],[76.63046,9.88874],[76.63116,9.89471],[76.62867,9.90003],[76.62612,9.9002],[76.62183,9.90243],[76.61869,9.90129],[76.61579,9.90306],[76.61197,9.90259],[76.60852,9.9041],[76.60272,9.9027],[76.59685,9.90615],[76.59438,9.90619],[76.58941,9.9088],[76.58266,9.90769],[76.58206,9.91035],[76.56991,9.91824],[76.56668,9.91769],[76.56323,9.91928],[76.56069,9.92541],[76.55492,9.92864],[76.55208,9.92881],[76.54854,9.93325],[76.54388,9.9368],[76.54192,9.94168],[76.5401,9.9429],[76.54557,9.95619],[76.54323,9.95909],[76.54784,9.96353],[76.54819,9.96982],[76.54498,9.97148],[76.53922,9.96613],[76.53056,9.96302],[76.52862,9.96329],[76.52569,9.96605],[76.52095,9.96747],[76.51849,9.97039],[76.51394,9.97319],[76.50672,9.97348],[76.49701,9.9696],[76.49384,9.96634],[76.49415,9.96395],[76.49758,9.96087],[76.50312,9.96],[76.49985,9.95474],[76.49986,9.95029],[76.49608,9.94965],[76.49207,9.95394],[76.48752,9.95438],[76.48345,9.95043],[76.48165,9.94746],[76.47689,9.9443],[76.47192,9.93894],[76.46687,9.94187],[76.46522,9.94105],[76.46086,9.94373],[76.45882,9.94179],[76.45398,9.94118],[76.44547,9.94398],[76.44334,9.941],[76.4441,9.93375],[76.43976,9.92586],[76.4417,9.91959],[76.43915,9.91818],[76.43164,9.91821],[76.42646,9.91345],[76.42442,9.91393],[76.42453,9.90828],[76.42256,9.90505],[76.42232,9.90009],[76.42522,9.89839],[76.42838,9.9001],[76.43659,9.9003],[76.43997,9.89747],[76.44191,9.89285],[76.44741,9.88866],[76.4516,9.88764],[76.45261,9.89041],[76.4596,9.8873],[76.46066,9.88495],[76.4598,9.88052],[76.46787,9.87532],[76.46898,9.86187],[76.46984,9.85876],[76.46533,9.85383],[76.46133,9.85088]]]},"properties":{"level":"block","code":"pampakuda","district":"EKM","lgd_code":5969}},{"type":"Feature","geometry":{"type":"Polygon","coordinates":[[[76.35798,10.23699],[76.34207,10.23184],[76.34088,10.23069],[76.34073,10.22637],[76.33813,10.22602],[76.33674,10.22159],[76.33629,10.21638],[76.33519,10.21343],[76.33253,10.21274],[76.33124,10.20946],[76.32496,10.20761],[76.31366,10.2068],[76.31073,10.20545],[76.31066,10.19902],[76.31174,10.19384],[76.31198,10.18242],[76.30191,10.18537],[76.2979,10.17714],[76.29525,10.17595],[76.28947,10.17792],[76.286,10.17786],[76.28393,10.17579],[76.28022,10.17469],[76.27512,10.17551],[76.27362,10.18012],[76.27206,10.18072],[76.27117,10.18479],[76.26691,10.18565],[76.26127,10.18987],[76.26166,10.19506],[76.25966,10.19793],[76.26396,10.19877],[76.26027,10.20221],[76.25846,10.20108],[76.25428,10.20267],[76.24975,10.20075],[76.24616,10.20188],[76.24269,10.20518],[76.24174,10.20336],[76.23727,10.20445],[76.23523,10.20266],[76.23271,10.20416],[76.22538,10.20537],[76.21973,10.20702],[76.21349,10.20132],[76.21232,10.19786],[76.22139,10.19576],[76.22582,10.19187],[76.2286,10.19073],[76.22996,10.18852],[76.22877,10.18489],[76.2349,10.18171],[76.23613,10.17989],[76.25,10.17155],[76.25569,10.16619],[76.25564,10.1637],[76.26285,10.1612],[76.26429,10.16004],[76.27276,10.14817],[76.27736,10.14696],[76.28338,10.14983],[76.28383,10.14615],[76.2892,10.14217],[76.29384,10.13996],[76.29861,10.13992],[76.30059,10.14098],[76.30461,10.14623],[76.30739,10.14874],[76.31223,10.15061],[76.32609,10.15378],[76.32763,10.14196],[76.327,10.13911],[76.32786,10.13346],[76.33094,10.1272],[76.32653,10.1263],[76.32457,10.12426],[76.32174,10.12413],[76.32191,10.12126],[76.32984,10.11909],[76.33258,10.12032],[76.33588,10.11876],[76.33708,10.11322],[76.33895,10.11325],[76.33801,10.1206],[76.3331,10.12531],[76.33319,10.12886],[76.33886,10.1274],[76.34096,10.12824],[76.33942,10.14701],[76.33524,10.15192],[76.33714,10.15871],[76.33938,10.15959],[76.34251,10.15791],[76.34556,10.16034],[76.34952,10.15946],[76.35159,10.15491],[76.35892,10.15413],[76.36798,10.1544],[76.37029,10.15068],[76.36642,10.14439],[76.37126,10.14577],[76.37138,10.14229],[76.37383,10.1413],[76.37371,10.13534],[76.37775,10.1357],[76.37948,10.13127],[76.38211,10.13376],[76.38657,10.13305],[76.38752,10.1347],[76.38473,10.13935],[76.38674,10.14151],[76.3864,10.14472],[76.39081,10.14616],[76.39343,10.14851],[76.39446,10.1531],[76.39441,10.1556],[76.39035,10.16232],[76.39508,10.16482],[76.3939,10.17588],[76.38886,10.1766],[76.38672,10.17501],[76.38163,10.17472],[76.3735,10.17569],[76.37148,10.17913],[76.36387,10.1802],[76.35703,10.18373],[76.3568,10.18664],[76.35987,10.19597],[76.36274,10.19592],[76.3636,10.20078],[76.36594,10.20499],[76.36456,10.2142],[76.36555,10.21725],[76.36453,10.2246],[76.36471,10.22951],[76.3663,10.23377],[76.37605,10.24157],[76.37584,10.2441],[76.37218,10.2411],[76.35798,10.23699]]]},"properties":{"level":"block","code":"parakkadavu","district":"EKM","lgd_code":5970}},{"type":"Feature","geometry":{"type":"Polygon","coordinates":[[[76.1749,10.18619],[76.17727,10.17938],[76.1781,10.17492],[76.1796,10.17249],[76.18321,10.17008],[76.18569,10.166],[76.19327,10.16258],[76.1939,10.15821],[76.19814,10.15139],[76.19949,10.14776],[76.19929,10.14505],[76.20274,10.13897],[76.20582,10.13518],[76.20792,10.12588],[76.21045,10.11792],[76.21549,10.10923],[76.22163,10.09544],[76.22336,10.09236],[76.22355,10.0845],[76.2261,10.08141],[76.22695,10.07529],[76.22941,10.07116],[76.23336,10.06938],[76.23883,10.07162],[76.24154,10.07284],[76.24716,10.0692],[76.24912,10.07091],[76.25392,10.07113],[76.24892,10.07379],[76.2475,10.07767],[76.25,10.08173],[76.25325,10.08212],[76.25562,10.08374],[76.25751,10.08773],[76.25731,10.09273],[76.26479,10.0944],[76.26836,10.09614],[76.26867,10.10196],[76.26586,10.10866],[76.26613,10.11458],[76.26866,10.11543],[76.27002,10.11934],[76.269,10.12633],[76.26942,10.12933],[76.26314,10.13951],[76.26311,10.14633],[76.26007,10.15082],[76.25613,10.15481],[76.25542,10.15671],[76.25564,10.1637],[76.25569,10.16619],[76.25,10.17155],[76.23613,10.17989],[76.2349,10.18171],[76.22877,10.18489],[76.22996,10.18852],[76.2286,10.19073],[76.22582,10.19187],[76.22139,10.19576],[76.21232,10.19786],[76.21372,10.19416],[76.20414,10.19466],[76.19806,10.19263],[76.19061,10.19216],[76.18523,10.1909],[76.1749,10.18619]]]},"properties":{"level":"block","code":"paravur","district":"EKM","lgd_code":5971}},{"type":"Feature","geometry":{"type":"Polygon","coordinates":[[[76.3597,9.991],[76.35815,9.98494],[76.35895,9.97967],[76.3574,9.97672],[76.3597,9.9728],[76.36348,9.9712],[76.36317,9.96654],[76.36647,9.96412],[76.36722,9.96209],[76.37114,9.95916],[76.37297,9.95583],[76.37191,9.94882],[76.37647,9.94742],[76.37889,9.94153],[76.38552,9.94173],[76.3862,9.93957],[76.39044,9.93934],[76.39281,9.93795],[76.3963,9.93132],[76.394,9.9272],[76.3845,9.92819],[76.38065,9.92432],[76.38509,9.9151],[76.38727,9.91393],[76.39103,9.91517],[76.39597,9.91406],[76.39469,9.90912],[76.40016,9.9088],[76.40201,9.91226],[76.41236,9.9152],[76.42014,9.91642],[76.42442,9.91393],[76.42646,9.91345],[76.43164,9.91821],[76.43915,9.91818],[76.4417,9.91959],[76.43976,9.92586],[76.4441,9.93375],[76.44334,9.941],[76.44547,9.94398],[76.45398,9.94118],[76.45882,9.94179],[76.46086,9.94373],[76.46522,9.94105],[76.46687,9.94187],[76.47192,9.93894],[76.47689,9.9443],[76.48165,9.94746],[76.48345,9.95043],[76.48752,9.95438],[76.49207,9.95394],[76.49608,9.94965],[76.49986,9.95029],[76.49985,9.95474],[76.50312,9.96],[76.49758,9.96087],[76.49415,9.96395],[76.49384,9.96634],[76.49701,9.9696],[76.50672,9.97348],[76.50666,9.98012],[76.50512,9.98279],[76.50731,9.98938],[76.50603,9.99371],[76.50792,9.99599],[76.51158,9.99701],[76.51246,10.00085],[76.51922,10.00193],[76.52271,10.00311],[76.527,10.00744],[76.53041,10.00754],[76.53165,10.00555],[76.5347,10.00773],[76.53869,10.00507],[76.54143,10.00556],[76.5441,10.01168],[76.54188,10.01297],[76.53936,10.01674],[76.54024,10.02226],[76.53794,10.02536],[76.53817,10.03656],[76.54144,10.04734],[76.54481,10.04871],[76.54394,10.05026],[76.53978,10.05233],[76.53283,10.05111],[76.52811,10.04954],[76.52635,10.05417],[76.52344,10.05392],[76.5216,10.0522],[76.51755,10.0551],[76.51187,10.05592],[76.50817,10.05991],[76.5076,10.06222],[76.50479,10.06435],[76.49568,10.06515],[76.49194,10.05932],[76.48924,10.05669],[76.48434,10.04805],[76.47859,10.04863],[76.47783,10.04478],[76.47144,10.04392],[76.47184,10.04636],[76.46738,10.04844],[76.46314,10.04884],[76.45854,10.04756],[76.45208,10.05401],[76.44904,10.05533],[76.44717,10.05768],[76.44293,10.05918],[76.43878,10.06471],[76.43597,10.06487],[76.43,10.06053],[76.4238,10.06034],[76.42303,10.0551],[76.42467,10.05306],[76.42785,10.04569],[76.42768,10.04263],[76.42453,10.03977],[76.42339,10.03583],[76.42394,10.03261],[76.4183,10.03042],[76.41369,10.03382],[76.41067,10.0333],[76.40347,10.03065],[76.40317,10.03277],[76.39943,10.03257],[76.39776,10.03019],[76.39182,10.03118],[76.38908,10.03034],[76.38705,10.03154],[76.38362,10.0285],[76.38062,10.02914],[76.37869,10.02179],[76.37865,10.01773],[76.37266,10.01183],[76.37344,10.00785],[76.36897,10.00614],[76.36704,10.00098],[76.36746,9.99695],[76.36599,9.99511],[76.36182,9.99476],[76.3597,9.991]]]},"properties":{"level":"block","code":"vadavucode","district":"EKM","lgd_code":5972}},{"type":"Feature","geometry":{"type":"Polygon","coordinates":[[[76.38008,10.03537],[76.37898,10.0294],[76.38062,10.02914],[76.38362,10.0285],[76.38705,10.03154],[76.38908,10.03034],[76.39182,10.03118],[76.39776,10.03019],[76.39943,10.03257],[76.40317,10.03277],[76.40347,10.03065],[76.41067,10.0333],[76.41369,10.03382],[76.4183,10.03042],[76.42394,10.03261],[76.42339,10.03583],[76.42453,10.03977],[76.42768,10.04263],[76.42785,10.04569],[76.42467,10.05306],[76.42303,10.0551],[76.4238,10.06034],[76.43,10.06053],[76.43597,10.06487],[76.43878,10.06471],[76.44293,10.05918],[76.44717,10.05768],[76.44904,10.05533],[76.45208,10.05401],[76.45854,10.04756],[76.46314,10.04884],[76.46738,10.04844],[76.47184,10.04636],[76.47144,10.04392],[76.47783,10.04478],[76.47859,10.04863],[76.48434,10.04805],[76.48924,10.05669],[76.49194,10.05932],[76.49568,10.06515],[76.4926,10.07065],[76.48628,10.07683],[76.48478,10.08014],[76.48566,10.08297],[76.48547,10.08758],[76.48841,10.09471],[76.48434,10.09753],[76.48386,10.10074],[76.48191,10.1022],[76.48177,10.1055],[76.4793,10.1057],[76.47795,10.10804],[76.46828,10.11243],[76.46626,10.11413],[76.46367,10.1184],[76.46014,10.12106],[76.45663,10.11968],[76.45188,10.12159],[76.4461,10.11915],[76.44255,10.12016],[76.4381,10.12297],[76.43378,10.12261],[76.4243,10.1173],[76.41764,10.1146],[76.41213,10.11438],[76.41053,10.11142],[76.40966,10.10526],[76.41043,10.10193],[76.40892,10.09896],[76.4089,10.09516],[76.40635,10.0917],[76.40678,10.08971],[76.40194,10.08372],[76.39827,10.07267],[76.3994,10.06828],[76.39797,10.05988],[76.39624,10.05962],[76.39255,10.05634],[76.39141,10.05098],[76.38833,10.05183],[76.38583,10.0455],[76.38303,10.04301],[76.38386,10.04012],[76.38073,10.03996],[76.38008,10.03537]]]},"properties":{"level":"block","code":"vazhakulam","district":"EKM","lgd_code":5973}},{"type":"Feature","geometry":{"type":"Polygon","coordinates":[[[76.16484,10.1798],[76.16671,10.17095],[76.17153,10.15982],[76.1779,10.14173],[76.18206,10.12816],[76.18344,10.12529],[76.1858,10.11656],[76.18814,10.10521],[76.19294,10.08593],[76.19423,10.08286],[76.19746,10.07025],[76.19856,10.06457],[76.20188,10.053],[76.20346,10.0508],[76.20734,10.03988],[76.21117,10.02667],[76.21263,10.02556],[76.216,10.01355],[76.2185,10.00651],[76.21966,10.00125],[76.2223,10.00001],[76.22291,9.99479],[76.23002,9.97817],[76.23166,9.97606],[76.23462,9.97499],[76.23811,9.96925],[76.24002,9.96797],[76.23652,9.96463],[76.23799,9.95336],[76.24139,9.94542],[76.24324,9.94988],[76.24662,9.95145],[76.25405,9.95322],[76.2592,9.95348],[76.26078,9.9527],[76.27146,9.95572],[76.27403,9.96089],[76.27997,9.96283],[76.27232,9.97725],[76.27018,9.98213],[76.27207,9.98495],[76.27062,9.99207],[76.27088,9.99671],[76.27362,10.00102],[76.27364,10.00388],[76.27207,10.00714],[76.27268,10.01093],[76.27105,10.0164],[76.26909,10.01769],[76.26764,10.02166],[76.26352,10.0251],[76.25958,10.02649],[76.26175,10.03195],[76.25708,10.03979],[76.25392,10.03679],[76.25156,10.0374],[76.24558,10.03605],[76.24241,10.03684],[76.24379,10.05235],[76.2406,10.06254],[76.23883,10.07162],[76.23336,10.06938],[76.22941,10.07116],[76.22695,10.07529],[76.2261,10.08141],[76.22355,10.0845],[76.22336,10.09236],[76.22163,10.09544],[76.21549,10.10923],[76.21045,10.11792],[76.20792,10.12588],[76.20582,10.13518],[76.20274,10.13897],[76.19929,10.14505],[76.19949,10.14776],[76.19814,10.15139],[76.1939,10.15821],[76.19327,10.16258],[76.18569,10.166],[76.18321,10.17008],[76.1796,10.17249],[76.1781,10.17492],[76.17727,10.17938],[76.1749,10.18619],[76.1691,10.18487],[76.16484,10.1798]]]},"properties":{"level":"block","code":"vypin","district":"EKM","lgd_code":5974}},{"type":"Feature","geometry":{"type":"Polygon","coordinates":[[[76.83963,10.02448],[76.85158,10.01895],[76.86584,10.01074],[76.86773,10.01032],[76.87266,10.00663],[76.88047,10.00317],[76.88161,10.00169],[76.88645,10.00032],[76.89818,9.99399],[76.90227,9.99025],[76.905,9.99004],[76.91339,9.98544],[76.91535,9.9856],[76.93238,9.97488],[76.93852,9.9727],[76.94526,9.96545],[76.94854,9.96404],[76.95531,9.96252],[76.96275,9.95706],[76.9681,9.95604],[76.98123,9.95135],[76.98023,9.94565],[76.97678,9.94114],[76.98419,9.93525],[76.98394,9.93117],[76.98929,9.92934],[76.99215,9.92951],[76.99444,9.92714],[76.99726,9.92679],[77.00254,9.92417],[77.00646,9.92438],[77.01037,9.92245],[77.01294,9.92242],[77.02619,9.9171],[77.03277,9.91528],[77.03462,9.91545],[77.04196,9.91269],[77.04789,9.91128],[77.05002,9.91165],[77.05383,9.90994],[77.05565,9.90739],[77.06398,9.9055],[77.06754,9.90289],[77.07014,9.90249],[77.07276,9.90018],[77.07758,9.89893],[77.07939,9.90081],[77.08251,9.89962],[77.08532,9.8937],[77.08538,9.88329],[77.09199,9.88197],[77.09422,9.88056],[77.10454,9.8916],[77.10437,9.89422],[77.10146,9.89466],[77.09815,9.89677],[77.09299,9.89876],[77.09377,9.90317],[77.09653,9.90307],[77.10029,9.90457],[77.09885,9.90785],[77.1018,9.91056],[77.10102,9.91476],[77.10234,9.91705],[77.10115,9.92113],[77.09683,9.9268],[77.10203,9.92786],[77.10551,9.93438],[77.10505,9.93936],[77.10665,9.9434],[77.10579,9.94683],[77.11125,9.94653],[77.11428,9.95094],[77.11571,9.95482],[77.11935,9.95576],[77.12256,9.95777],[77.12298,9.96078],[77.12479,9.96287],[77.11754,9.97177],[77.11704,9.97464],[77.11199,9.97767],[77.11664,9.98026],[77.11556,9.98173],[77.10862,9.97774],[77.10521,9.97707],[77.10506,9.98475],[77.10623,9.98637],[77.11605,9.98909],[77.12319,9.9873],[77.12831,9.98292],[77.13237,9.98221],[77.13657,9.98672],[77.13659,9.9967],[77.1383,10],[77.13798,10.00377],[77.13893,10.00881],[77.14194,10.00696],[77.14367,10.00806],[77.14913,10.00573],[77.15106,10.00334],[77.15688,10.00829],[77.15672,10.01139],[77.1551,10.01076],[77.14946,10.01124],[77.1449,10.01355],[77.14021,10.01473],[77.13466,10.01389],[77.12872,10.0221],[77.12892,10.0239],[77.12574,10.02543],[77.12323,10.02845],[77.12227,10.03643],[77.11683,10.03463],[77.10968,10.03708],[77.10594,10.03578],[77.10247,10.04005],[77.09647,10.04588],[77.0872,10.05283],[77.07991,10.05734],[77.07202,10.0605],[77.0667,10.06161],[77.06285,10.06403],[77.05799,10.06495],[77.05291,10.06323],[77.03509,10.04878],[77.02674,10.0506],[77.01633,10.05146],[77.01098,10.05008],[77.00962,10.05729],[77.00551,10.06287],[77.00136,10.06045],[76.99697,10.06955],[76.99397,10.07011],[76.98909,10.06913],[76.98291,10.07458],[76.97867,10.06908],[76.97596,10.06299],[76.97242,10.0669],[76.97009,10.06812],[76.96371,10.0694],[76.95809,10.07358],[76.94965,10.06568],[76.94279,10.07118],[76.93976,10.06855],[76.93773,10.0699],[76.92948,10.07328],[76.9231,10.07733],[76.9187,10.08215],[76.91452,10.08046],[76.90905,10.08382],[76.90789,10.08594],[76.91103,10.09117],[76.91753,10.0972],[76.91431,10.10008],[76.91332,10.10467],[76.90836,10.10272],[76.90527,10.10476],[76.90353,10.1092],[76.90461,10.11807],[76.90028,10.12108],[76.89866,10.12406],[76.90064,10.12886],[76.90549,10.13512],[76.90904,10.13414],[76.91298,10.13548],[76.91281,10.13751],[76.90545,10.14383],[76.90426,10.14051],[76.89646,10.13541],[76.89501,10.13312],[76.89167,10.13122],[76.8866,10.12334],[76.88066,10.1126],[76.87104,10.0991],[76.864,10.09097],[76.86427,10.08936],[76.86306,10.08071],[76.86469,10.07811],[76.86466,10.07365],[76.85684,10.07616],[76.84523,10.07929],[76.83816,10.08406],[76.82428,10.0903],[76.81997,10.08905],[76.82012,10.08693],[76.81643,10.08391],[76.81399,10.08042],[76.81727,10.07157],[76.81633,10.069],[76.81985,10.06557],[76.8225,10.06426],[76.81733,10.06165],[76.80995,10.06279],[76.80977,10.05846],[76.8036,10.05752],[76.80079,10.06026],[76.8066,10.06604],[76.80207,10.06494],[76.80008,10.06342],[76.79549,10.06559],[76.79272,10.06383],[76.77913,10.06643],[76.77002,10.06642],[76.77475,10.06384],[76.77577,10.05986],[76.78109,10.05915],[76.78299,10.05728],[76.78607,10.05189],[76.78545,10.04989],[76.78906,10.04627],[76.79435,10.04392],[76.79636,10.04184],[76.80531,10.03983],[76.80972,10.03532],[76.81375,10.03571],[76.81722,10.0349],[76.82546,10.02903],[76.83195,10.02549],[76.83669,10.02546],[76.83963,10.02448]]]},"properties":{"level":"block","code":"adimali","district":"IDK","lgd_code":5976}},{"type":"Feature","geometry":{"type":"Polygon","coordinates":[[[76.98544,9.71863],[76.9771,9.71856],[76.97417,9.71954],[76.96351,9.71895],[76.96119,9.71985],[76.95023,9.7204],[76.93665,9.72579],[76.92988,9.7302],[76.92601,9.73416],[76.91916,9.7374],[76.91177,9.73893],[76.90377,9.74548],[76.89324,9.75122],[76.8844,9.74972],[76.8672,9.73588],[76.86776,9.73001],[76.87407,9.72461],[76.88153,9.72046],[76.88526,9.72016],[76.88987,9.71572],[76.89053,9.71027],[76.89697,9.70093],[76.89744,9.69704],[76.90204,9.68877],[76.90388,9.68327],[76.90245,9.67819],[76.903,9.6763],[76.90814,9.67178],[76.91179,9.67005],[76.91221,9.66606],[76.9146,9.66359],[76.92515,9.65644],[76.92734,9.65281],[76.92519,9.64958],[76.92225,9.64987],[76.91948,9.64722],[76.91831,9.64318],[76.92246,9.63625],[76.92988,9.6303],[76.93159,9.62813],[76.93466,9.62047],[76.93254,9.61958],[76.9283,9.61532],[76.92613,9.6178],[76.9201,9.62096],[76.91737,9.62126],[76.91375,9.62493],[76.90967,9.62656],[76.9068,9.63082],[76.90335,9.63383],[76.89833,9.63404],[76.89455,9.63334],[76.89118,9.62955],[76.89243,9.62198],[76.88727,9.62082],[76.89104,9.61523],[76.88764,9.6108],[76.88985,9.60574],[76.89213,9.60451],[76.89176,9.59992],[76.89393,9.59454],[76.8951,9.58877],[76.89466,9.58572],[76.89146,9.58638],[76.88426,9.5833],[76.883,9.58089],[76.88592,9.57728],[76.88611,9.56864],[76.88701,9.56476],[76.88538,9.56272],[76.88886,9.55412],[76.88819,9.55084],[76.89081,9.54598],[76.88766,9.53771],[76.89629,9.53769],[76.90288,9.53653],[76.90349,9.53116],[76.90293,9.52742],[76.90578,9.52419],[76.90452,9.52152],[76.91188,9.51552],[76.92394,9.50703],[76.92462,9.50482],[76.92751,9.50503],[76.92977,9.50184],[76.93577,9.50448],[76.938,9.50271],[76.95006,9.49001],[76.95476,9.49191],[76.95644,9.49816],[76.95893,9.50058],[76.95706,9.50329],[76.96124,9.5057],[76.96081,9.50799],[76.96458,9.50854],[76.96929,9.5043],[76.96967,9.50111],[76.97428,9.50162],[76.97803,9.49804],[76.98312,9.4901],[76.98407,9.48635],[76.98179,9.48339],[76.98412,9.47975],[76.98463,9.47058],[76.98204,9.46699],[76.97786,9.4674],[76.97479,9.46632],[76.97173,9.46721],[76.96891,9.46463],[76.9739,9.46003],[76.98006,9.45718],[76.98653,9.45179],[76.98997,9.45082],[76.99387,9.44712],[77.0001,9.44655],[77.00083,9.44784],[77.00554,9.44643],[77.00693,9.44509],[77.01585,9.4427],[77.01933,9.43222],[77.01806,9.43034],[77.01344,9.43047],[77.0092,9.42963],[77.00922,9.42005],[77.01203,9.41849],[77.01017,9.41381],[77.00989,9.40849],[77.0124,9.40898],[77.0215,9.40612],[77.02493,9.40907],[77.02817,9.40697],[77.03211,9.40931],[77.03506,9.40925],[77.03676,9.41244],[77.04694,9.41413],[77.05026,9.41686],[77.0533,9.41807],[77.06018,9.41614],[77.06639,9.41688],[77.06579,9.42001],[77.06145,9.4268],[77.05918,9.42659],[77.06018,9.43171],[77.05866,9.43539],[77.05985,9.43965],[77.05817,9.44228],[77.05917,9.44566],[77.06147,9.44848],[77.06754,9.45221],[77.06852,9.4543],[77.08053,9.45724],[77.09486,9.46432],[77.09966,9.46451],[77.10444,9.46917],[77.10667,9.4693],[77.11196,9.46757],[77.11751,9.4636],[77.12606,9.46196],[77.12953,9.45933],[77.1313,9.46042],[77.13433,9.45879],[77.13827,9.4601],[77.1425,9.46017],[77.14341,9.46147],[77.15534,9.47114],[77.1626,9.46908],[77.16641,9.46971],[77.16631,9.46512],[77.16967,9.46532],[77.17247,9.46338],[77.1766,9.46901],[77.18199,9.47266],[77.18219,9.46637],[77.18449,9.46329],[77.18238,9.45655],[77.18336,9.45441],[77.1879,9.45625],[77.19189,9.44974],[77.19741,9.45197],[77.20028,9.44962],[77.2032,9.45147],[77.20694,9.4504],[77.2093,9.44844],[77.20791,9.44167],[77.21213,9.44365],[77.21543,9.43763],[77.22263,9.43538],[77.22392,9.43349],[77.22098,9.42545],[77.22061,9.42156],[77.22357,9.41966],[77.22884,9.41969],[77.22998,9.41725],[77.22823,9.4109],[77.23162,9.40599],[77.23165,9.4037],[77.23898,9.39891],[77.24277,9.39056],[77.24522,9.38929],[77.24724,9.37887],[77.24821,9.37754],[77.24356,9.37344],[77.24105,9.36762],[77.2412,9.36068],[77.23835,9.35789],[77.23485,9.35023],[77.23793,9.33964],[77.23219,9.33391],[77.23057,9.33134],[77.23131,9.32927],[77.23478,9.32751],[77.2351,9.32423],[77.23237,9.3227],[77.22798,9.31824],[77.22733,9.31542],[77.22456,9.31166],[77.22609,9.30495],[77.22453,9.29981],[77.22456,9.29592],[77.22863,9.29748],[77.23528,9.29344],[77.23717,9.28514],[77.24289,9.28362],[77.24463,9.29014],[77.24882,9.28978],[77.25218,9.28715],[77.25783,9.2854],[77.26143,9.28137],[77.26512,9.2813],[77.27329,9.27885],[77.27597,9.27545],[77.28201,9.27281],[77.28853,9.27417],[77.28804,9.28023],[77.28589,9.28416],[77.28322,9.29131],[77.28386,9.29392],[77.2822,9.29854],[77.28299,9.30133],[77.28885,9.30188],[77.28976,9.30403],[77.29368,9.30476],[77.29606,9.30823],[77.29954,9.31091],[77.29948,9.31418],[77.30252,9.31953],[77.3018,9.32424],[77.29799,9.32784],[77.30053,9.32969],[77.29997,9.33665],[77.30446,9.33781],[77.30913,9.33706],[77.31082,9.33543],[77.31562,9.33486],[77.3201,9.33753],[77.32529,9.33711],[77.32505,9.34348],[77.32603,9.34655],[77.32903,9.34961],[77.33579,9.36104],[77.33777,9.3685],[77.33609,9.37223],[77.33643,9.37731],[77.33457,9.37821],[77.33601,9.38624],[77.33949,9.38741],[77.3414,9.38981],[77.33977,9.39375],[77.3436,9.40084],[77.34366,9.40244],[77.3383,9.40826],[77.33649,9.41336],[77.33971,9.42072],[77.3439,9.42322],[77.34552,9.42925],[77.34857,9.43451],[77.34941,9.44118],[77.35639,9.44757],[77.35871,9.45356],[77.362,9.45724],[77.366,9.46008],[77.37289,9.45663],[77.37423,9.45349],[77.3772,9.45278],[77.38159,9.4552],[77.38331,9.4544],[77.38697,9.45565],[77.39261,9.45935],[77.3914,9.46182],[77.39252,9.46393],[77.39147,9.46869],[77.39823,9.47249],[77.40198,9.47865],[77.39922,9.48009],[77.39961,9.48457],[77.39859,9.48752],[77.3989,9.49547],[77.40084,9.49923],[77.40773,9.50524],[77.40971,9.50556],[77.4124,9.50898],[77.41147,9.5118],[77.40803,9.51495],[77.40491,9.51533],[77.40042,9.51786],[77.4032,9.52176],[77.40318,9.5236],[77.40051,9.52736],[77.39731,9.52406],[77.38929,9.52003],[77.38518,9.51923],[77.38052,9.52509],[77.37693,9.52483],[77.37334,9.52685],[77.37296,9.52989],[77.36861,9.53488],[77.36562,9.535],[77.36462,9.5467],[77.3658,9.55092],[77.36153,9.55778],[77.35603,9.55813],[77.35291,9.55958],[77.35244,9.5628],[77.35026,9.56708],[77.35297,9.57286],[77.35814,9.57391],[77.36,9.57851],[77.35597,9.58816],[77.35748,9.59443],[77.36112,9.59782],[77.36239,9.59556],[77.36614,9.59596],[77.36581,9.59974],[77.36277,9.6002],[77.36127,9.60212],[77.35459,9.60407],[77.34894,9.59421],[77.34794,9.59069],[77.34548,9.58796],[77.34194,9.57994],[77.34212,9.57704],[77.33949,9.57331],[77.33735,9.57592],[77.33251,9.57881],[77.32536,9.58003],[77.32565,9.58294],[77.32393,9.58545],[77.32618,9.58863],[77.32453,9.59334],[77.32622,9.59597],[77.32952,9.59809],[77.32815,9.60015],[77.325,9.59768],[77.32241,9.59829],[77.31782,9.6025],[77.31537,9.60071],[77.31123,9.6005],[77.30381,9.59874],[77.29999,9.59527],[77.29952,9.59365],[77.29401,9.58892],[77.29041,9.58878],[77.29034,9.58477],[77.28048,9.57958],[77.27693,9.57575],[77.27235,9.57647],[77.26971,9.57277],[77.26385,9.57374],[77.26145,9.57683],[77.2578,9.57817],[77.25307,9.58297],[77.24277,9.58522],[77.23713,9.58106],[77.2287,9.58653],[77.22486,9.59107],[77.22249,9.59278],[77.22218,9.59771],[77.21714,9.60162],[77.21444,9.60071],[77.20984,9.60497],[77.21047,9.61086],[77.20749,9.61309],[77.20362,9.61442],[77.1982,9.61436],[77.19726,9.61103],[77.19039,9.60894],[77.18868,9.6061],[77.18608,9.60651],[77.18186,9.60921],[77.17348,9.61121],[77.16975,9.60988],[77.16586,9.61286],[77.16778,9.61502],[77.16888,9.62],[77.16824,9.62207],[77.17137,9.62603],[77.17443,9.62647],[77.17626,9.62948],[77.17415,9.63287],[77.17405,9.63731],[77.17052,9.63698],[77.16507,9.63959],[77.15859,9.63908],[77.15594,9.63634],[77.15396,9.63672],[77.15281,9.63987],[77.15027,9.63942],[77.14101,9.64471],[77.13683,9.64498],[77.13188,9.643],[77.12388,9.64288],[77.1209,9.64123],[77.11224,9.64543],[77.1092,9.64548],[77.10012,9.6479],[77.09286,9.64769],[77.09063,9.65498],[77.09171,9.65919],[77.0901,9.66188],[77.08578,9.66543],[77.08454,9.66769],[77.08209,9.668],[77.07438,9.6665],[77.07054,9.66306],[77.05768,9.65543],[77.05515,9.65481],[77.04756,9.64735],[77.04359,9.64083],[77.03685,9.64609],[77.02832,9.64825],[77.02606,9.65131],[77.01473,9.65539],[77.01244,9.65955],[77.00922,9.66091],[77.00669,9.66337],[77,9.66207],[76.99778,9.66048],[77.00001,9.65743],[76.99424,9.65806],[76.99188,9.65963],[76.98768,9.65808],[76.98402,9.66045],[76.98613,9.66272],[76.98142,9.66905],[76.97906,9.67032],[76.97773,9.67665],[76.98047,9.68392],[76.98189,9.68542],[76.98263,9.69147],[76.9821,9.69789],[76.98544,9.71863]]]},"properties":{"level":"block","code":"azhutha","district":"IDK","lgd_code":5977}},{"type":"Feature","geometry":{"type":"Polygon","coordinates":[[[76.90545,10.14383],[76.91281,10.13751],[76.91298,10.13548],[76.90904,10.13414],[76.90549,10.13512],[76.90064,10.12886],[76.89866,10.12406],[76.90028,10.12108],[76.90461,10.11807],[76.90353,10.1092],[76.90527,10.10476],[76.90836,10.10272],[76.91332,10.10467],[76.91431,10.10008],[76.91753,10.0972],[76.91103,10.09117],[76.90789,10.08594],[76.90905,10.08382],[76.91452,10.08046],[76.9187,10.08215],[76.9231,10.07733],[76.92948,10.07328],[76.93773,10.0699],[76.93976,10.06855],[76.94279,10.07118],[76.94965,10.06568],[76.95809,10.07358],[76.96371,10.0694],[76.97009,10.06812],[76.97242,10.0669],[76.97596,10.06299],[76.97867,10.06908],[76.98291,10.07458],[76.98909,10.06913],[76.99397,10.07011],[76.99697,10.06955],[77.00136,10.06045],[77.00551,10.06287],[77.00962,10.05729],[77.01098,10.05008],[77.01633,10.05146],[77.02674,10.0506],[77.03509,10.04878],[77.05291,10.06323],[77.05799,10.06495],[77.06285,10.06403],[77.0667,10.06161],[77.07202,10.0605],[77.07991,10.05734],[77.0872,10.05283],[77.09647,10.04588],[77.10247,10.04005],[77.10594,10.03578],[77.10968,10.03708],[77.11683,10.03463],[77.12227,10.03643],[77.12323,10.02845],[77.12574,10.02543],[77.12892,10.0239],[77.12872,10.0221],[77.13466,10.01389],[77.14021,10.01473],[77.1449,10.01355],[77.14946,10.01124],[77.1551,10.01076],[77.15672,10.01139],[77.15942,10.01423],[77.16011,10.01676],[77.16269,10.01971],[77.16637,10.02178],[77.16914,10.02562],[77.17234,10.02289],[77.18285,10.0212],[77.18945,10.02363],[77.19324,10.02385],[77.19654,10.02162],[77.19795,10.016],[77.202,10.01047],[77.19591,10.00585],[77.19234,10.00424],[77.18821,9.99869],[77.18799,9.99697],[77.1849,9.9926],[77.18349,9.9921],[77.17724,9.98505],[77.17266,9.98549],[77.16996,9.98431],[77.16665,9.9793],[77.16896,9.97421],[77.17647,9.9707],[77.17894,9.96633],[77.18367,9.96365],[77.1881,9.9649],[77.19671,9.96481],[77.19696,9.96032],[77.19083,9.95777],[77.18758,9.94846],[77.18701,9.94248],[77.18992,9.93632],[77.18948,9.93396],[77.19441,9.93244],[77.1968,9.93378],[77.20055,9.93017],[77.20248,9.92698],[77.20425,9.92672],[77.20652,9.92342],[77.21458,9.91568],[77.21819,9.91462],[77.22001,9.91275],[77.22498,9.90997],[77.2298,9.91213],[77.2317,9.92404],[77.23564,9.92637],[77.23433,9.93058],[77.23807,9.93694],[77.24191,9.94032],[77.24375,9.94342],[77.24816,9.94733],[77.24654,9.9514],[77.25296,9.95345],[77.26071,9.95241],[77.263,9.95417],[77.26742,9.96],[77.27285,9.96419],[77.27218,9.97015],[77.27087,9.97091],[77.27267,9.97634],[77.26892,9.97933],[77.2671,9.98381],[77.2644,9.98717],[77.26656,9.99044],[77.26177,9.9911],[77.2608,9.99576],[77.26388,10],[77.26616,10.00142],[77.25987,10.00722],[77.25521,10.00993],[77.25319,10.01281],[77.25586,10.01453],[77.25744,10.0193],[77.25973,10.0193],[77.26233,10.02398],[77.2619,10.02973],[77.25818,10.03472],[77.2554,10.03598],[77.24952,10.04483],[77.24595,10.04852],[77.24464,10.05171],[77.23771,10.05625],[77.23447,10.05984],[77.23144,10.06627],[77.2235,10.06918],[77.22289,10.07298],[77.21992,10.07697],[77.21621,10.08001],[77.21402,10.08026],[77.20398,10.08773],[77.20328,10.08881],[77.20401,10.09728],[77.20293,10.10416],[77.20126,10.10582],[77.20462,10.11276],[77.20648,10.11256],[77.20789,10.1177],[77.21151,10.11791],[77.21643,10.11585],[77.2186,10.11788],[77.2231,10.11841],[77.22717,10.12119],[77.23276,10.12396],[77.23433,10.12845],[77.23784,10.12997],[77.24732,10.13047],[77.24895,10.12681],[77.25318,10.12429],[77.25537,10.12482],[77.26778,10.12161],[77.26725,10.12515],[77.26836,10.12714],[77.27131,10.12769],[77.27418,10.12977],[77.27453,10.13976],[77.2718,10.14199],[77.27414,10.15767],[77.27306,10.16042],[77.27292,10.16534],[77.27425,10.17007],[77.27391,10.17272],[77.27538,10.17772],[77.2753,10.18442],[77.27716,10.18814],[77.27791,10.19284],[77.27923,10.19517],[77.28313,10.19684],[77.28515,10.20337],[77.28367,10.20809],[77.2873,10.20925],[77.28723,10.21113],[77.28979,10.21473],[77.29337,10.21529],[77.29496,10.2179],[77.28809,10.23186],[77.28529,10.23263],[77.28089,10.23685],[77.27772,10.23516],[77.2686,10.23459],[77.26475,10.23522],[77.26455,10.23233],[77.25972,10.23027],[77.25719,10.25939],[77.26293,10.26333],[77.24653,10.2846],[77.24448,10.28917],[77.2392,10.29586],[77.23982,10.29853],[77.2361,10.30251],[77.23548,10.30714],[77.23108,10.30888],[77.23093,10.31257],[77.22775,10.31542],[77.22762,10.31995],[77.22943,10.32205],[77.22937,10.32594],[77.22817,10.32727],[77.23062,10.3333],[77.23317,10.33499],[77.23328,10.33778],[77.23637,10.33889],[77.23601,10.34653],[77.23517,10.35125],[77.22624,10.35342],[77.20939,10.35302],[77.20392,10.3545],[77.20296,10.357],[77.19813,10.35673],[77.19605,10.35451],[77.18716,10.35547],[77.17678,10.35832],[77.17208,10.35517],[77.16869,10.35403],[77.1651,10.35046],[77.16219,10.34888],[77.15726,10.34436],[77.15207,10.33816],[77.14576,10.33433],[77.13957,10.33208],[77.1283,10.32588],[77.12038,10.31796],[77.11024,10.31559],[77.10493,10.31613],[77.10154,10.31553],[77.09881,10.3135],[77.09692,10.30935],[77.092,10.31237],[77.08875,10.31192],[77.08729,10.30886],[77.08385,10.30712],[77.07958,10.30301],[77.07261,10.29913],[77.0662,10.2977],[77.0639,10.29518],[77.063,10.29139],[77.05944,10.29023],[77.05586,10.28667],[77.04288,10.28377],[77.0496,10.27808],[77.05268,10.2725],[77.05079,10.26802],[77.05161,10.26457],[77.0506,10.26175],[77.05467,10.2573],[77.05598,10.25342],[77.06147,10.24993],[77.06284,10.24259],[77.06049,10.23623],[77.05752,10.23425],[77.04835,10.23083],[77.04534,10.23372],[77.03927,10.23085],[77.03066,10.22864],[77.02423,10.2299],[77.02031,10.22861],[77.01431,10.22436],[77.01718,10.2193],[77.02238,10.21692],[77.0201,10.2129],[77.02378,10.21177],[77.03269,10.20493],[77.04008,10.20325],[77.04293,10.20349],[77.04326,10.20679],[77.0488,10.20584],[77.05069,10.20816],[77.05546,10.21174],[77.06229,10.21028],[77.06832,10.20671],[77.06815,10.20322],[77.06552,10.1991],[77.06684,10.19568],[77.0701,10.19724],[77.07599,10.197],[77.07542,10.19498],[77.08037,10.19297],[77.08043,10.19125],[77.08354,10.18658],[77.08913,10.18303],[77.08677,10.17699],[77.0851,10.17454],[77.08054,10.17147],[77.07694,10.17586],[77.07509,10.17336],[77.07305,10.17442],[77.06795,10.1744],[77.0614,10.16988],[77.05749,10.17817],[77.04843,10.17645],[77.04271,10.17677],[77.03646,10.17341],[77.02829,10.17238],[77.02476,10.17571],[77.02336,10.17843],[77.01618,10.17578],[77.01438,10.17264],[77.01186,10.17308],[77.00538,10.16963],[77.00258,10.17052],[77.00059,10.1651],[76.99766,10.16246],[76.99408,10.16315],[76.98887,10.16087],[76.98555,10.16497],[76.9828,10.16582],[76.98044,10.16479],[76.97632,10.16099],[76.97221,10.16001],[76.96858,10.16082],[76.96654,10.15979],[76.96244,10.16398],[76.95535,10.16598],[76.95237,10.1692],[76.94935,10.17034],[76.94067,10.17145],[76.93278,10.17544],[76.9317,10.17748],[76.92838,10.17901],[76.92113,10.17597],[76.91811,10.16811],[76.91268,10.16559],[76.91262,10.16241],[76.90825,10.15577],[76.9066,10.1551],[76.9061,10.15126],[76.90338,10.14727],[76.90545,10.14383]]]},"properties":{"level":"block","code":"devikulam","district":"IDK","lgd_code":5978}},{"type":"Feature","geometry":{"type":"Polygon","coordinates":[[[76.72835,9.98319],[76.73363,9.97677],[76.73504,9.9711],[76.73808,9.9704],[76.74153,9.9653],[76.73962,9.96107],[76.74177,9.95654],[76.738,9.95284],[76.73875,9.94746],[76.74273,9.9436],[76.74195,9.94158],[76.74458,9.93889],[76.74283,9.93601],[76.74284,9.92916],[76.74557,9.92798],[76.74664,9.92536],[76.74908,9.92499],[76.75,9.92078],[76.75174,9.91877],[76.75318,9.91202],[76.75734,9.90573],[76.76814,9.89972],[76.76338,9.89835],[76.76261,9.89626],[76.76637,9.89413],[76.76228,9.89092],[76.76258,9.88704],[76.75831,9.88913],[76.75873,9.88553],[76.75357,9.87918],[76.74898,9.87201],[76.74747,9.86835],[76.74483,9.86739],[76.74441,9.86015],[76.74595,9.85736],[76.74684,9.85046],[76.75057,9.84441],[76.75344,9.84191],[76.76035,9.83861],[76.7581,9.8332],[76.75922,9.82842],[76.76461,9.82422],[76.76307,9.82229],[76.76517,9.81577],[76.76538,9.81173],[76.77004,9.80962],[76.77862,9.80833],[76.79488,9.79827],[76.80813,9.78962],[76.81142,9.78491],[76.81133,9.78917],[76.81378,9.79012],[76.81734,9.78929],[76.82556,9.79004],[76.82584,9.79448],[76.8298,9.7994],[76.82925,9.80263],[76.83058,9.80685],[76.82051,9.81361],[76.81654,9.81485],[76.81409,9.81745],[76.81773,9.82083],[76.82205,9.82848],[76.82226,9.83363],[76.82823,9.82871],[76.83452,9.82827],[76.8418,9.82551],[76.84759,9.82418],[76.86331,9.82399],[76.87263,9.82173],[76.88161,9.82239],[76.87928,9.83281],[76.87761,9.836],[76.87372,9.84044],[76.8768,9.84425],[76.88523,9.8501],[76.88387,9.85419],[76.87561,9.86351],[76.87181,9.86881],[76.87302,9.87414],[76.87868,9.87908],[76.88231,9.88367],[76.8809,9.8843],[76.87424,9.895],[76.87151,9.90091],[76.87174,9.90275],[76.87462,9.90519],[76.87576,9.91198],[76.87669,9.91367],[76.87573,9.91715],[76.87681,9.92051],[76.87613,9.92905],[76.87788,9.93246],[76.8804,9.93489],[76.88504,9.93498],[76.89247,9.93206],[76.89703,9.93352],[76.90046,9.93787],[76.89666,9.94168],[76.89496,9.94841],[76.89361,9.95063],[76.88537,9.95879],[76.88092,9.96093],[76.87695,9.96439],[76.87542,9.96814],[76.87262,9.96941],[76.87137,9.97757],[76.87323,9.98051],[76.87868,9.98406],[76.88325,9.98535],[76.87661,9.99105],[76.87389,9.99422],[76.86628,10],[76.86281,10.00051],[76.85322,9.99882],[76.85052,10],[76.84254,10.00627],[76.83785,10.01171],[76.8335,10.0117],[76.82944,10.0131],[76.82634,10.01267],[76.81807,10.017],[76.81338,10.02034],[76.81052,10.02118],[76.80533,10.02682],[76.80308,10.02666],[76.79881,10.02921],[76.79431,10.02899],[76.79163,10.03303],[76.78571,10.0346],[76.78402,10.03596],[76.78095,10.03477],[76.77785,10.03062],[76.77903,10.0238],[76.77728,10.02241],[76.7668,10.01955],[76.76516,10.01586],[76.76471,10.01105],[76.76888,10.00144],[76.76623,9.99762],[76.76761,9.99549],[76.76345,9.99162],[76.76028,9.99158],[76.76217,9.98734],[76.76469,9.98415],[76.76411,9.9813],[76.7586,9.98555],[76.75426,9.98791],[76.74757,9.98901],[76.74474,9.99071],[76.73642,9.98482],[76.73085,9.98488],[76.72835,9.98319]]]},"properties":{"level":"block","code":"elemdesam","district":"IDK","lgd_code":5979}},{"type":"Feature","geometry":{"type":"Polygon","coordinates":[[[76.83785,10.01171],[76.84254,10.00627],[76.85052,10],[76.85322,9.99882],[76.86281,10.00051],[76.86628,10],[76.87389,9.99422],[76.87661,9.99105],[76.88325,9.98535],[76.87868,9.98406],[76.87323,9.98051],[76.87137,9.97757],[76.87262,9.96941],[76.87542,9.96814],[76.87695,9.96439],[76.88092,9.96093],[76.88537,9.95879],[76.89361,9.95063],[76.89496,9.94841],[76.89666,9.94168],[76.90046,9.93787],[76.89703,9.93352],[76.89247,9.93206],[76.88504,9.93498],[76.8804,9.93489],[76.87788,9.93246],[76.87613,9.92905],[76.87681,9.92051],[76.87573,9.91715],[76.87669,9.91367],[76.87576,9.91198],[76.87462,9.90519],[76.87174,9.90275],[76.87151,9.90091],[76.87424,9.895],[76.8809,9.8843],[76.88231,9.88367],[76.87868,9.87908],[76.87302,9.87414],[76.87181,9.86881],[76.87561,9.86351],[76.88387,9.85419],[76.88523,9.8501],[76.8768,9.84425],[76.87372,9.84044],[76.87761,9.836],[76.87928,9.83281],[76.88161,9.82239],[76.87263,9.82173],[76.86331,9.82399],[76.84759,9.82418],[76.8418,9.82551],[76.83452,9.82827],[76.82823,9.82871],[76.82226,9.83363],[76.82205,9.82848],[76.81773,9.82083],[76.81409,9.81745],[76.81654,9.81485],[76.82051,9.81361],[76.83058,9.80685],[76.82925,9.80263],[76.8298,9.7994],[76.82584,9.79448],[76.82556,9.79004],[76.81734,9.78929],[76.81378,9.79012],[76.81133,9.78917],[76.81142,9.78491],[76.81471,9.78018],[76.82769,9.77012],[76.82737,9.76391],[76.83535,9.75807],[76.83898,9.75605],[76.8407,9.75294],[76.84313,9.75173],[76.8451,9.74608],[76.84871,9.74042],[76.86048,9.73049],[76.8672,9.73588],[76.8844,9.74972],[76.89324,9.75122],[76.90377,9.74548],[76.91177,9.73893],[76.91916,9.7374],[76.92601,9.73416],[76.92988,9.7302],[76.93665,9.72579],[76.95023,9.7204],[76.96119,9.71985],[76.96351,9.71895],[76.97417,9.71954],[76.9771,9.71856],[76.98544,9.71863],[76.98762,9.71942],[76.99145,9.71815],[76.9977,9.71969],[77,9.71847],[77.00669,9.71748],[77.01558,9.71935],[77.01937,9.71882],[77.02603,9.71983],[77.01913,9.72482],[77.01369,9.72778],[77.013,9.73039],[77.01613,9.73551],[77.01438,9.73804],[77.01335,9.74466],[77.01065,9.75061],[77.01311,9.7541],[77.01369,9.76104],[77.01234,9.76524],[77.01653,9.76807],[77.02034,9.77184],[77.02482,9.772],[77.0257,9.77704],[77.02987,9.78058],[77.03234,9.78429],[77.02727,9.79055],[77.02847,9.79569],[77.02566,9.7965],[77.02307,9.79889],[77.01992,9.7996],[77.01686,9.80259],[77.00778,9.80906],[77.00349,9.8108],[77.00156,9.813],[77,9.81821],[76.9978,9.81957],[76.99252,9.82049],[76.98682,9.82593],[76.9854,9.83126],[76.97808,9.8365],[76.97608,9.8392],[76.97244,9.84057],[76.97175,9.84298],[76.97614,9.84313],[76.978,9.84448],[76.97923,9.84805],[76.98328,9.84689],[76.98552,9.84373],[76.98439,9.84166],[76.98921,9.83926],[76.99244,9.83673],[76.99542,9.83652],[76.99706,9.83239],[77.00107,9.83236],[77.01044,9.82878],[77.01829,9.82141],[77.02396,9.81753],[77.0335,9.81399],[77.03532,9.81189],[77.03839,9.81155],[77.04122,9.81297],[77.04296,9.81541],[77.04643,9.81685],[77.04796,9.81509],[77.05379,9.81638],[77.05979,9.81655],[77.06506,9.81844],[77.06912,9.82109],[77.08503,9.8221],[77.08574,9.8251],[77.08017,9.82608],[77.08442,9.82965],[77.08887,9.83726],[77.09063,9.83895],[77.09222,9.84376],[77.08951,9.84959],[77.09947,9.85382],[77.10435,9.85694],[77.10375,9.86036],[77.10691,9.86605],[77.10327,9.86737],[77.10282,9.8704],[77.09649,9.87614],[77.09724,9.87796],[77.09422,9.88056],[77.09199,9.88197],[77.08538,9.88329],[77.08532,9.8937],[77.08251,9.89962],[77.07939,9.90081],[77.07758,9.89893],[77.07276,9.90018],[77.07014,9.90249],[77.06754,9.90289],[77.06398,9.9055],[77.05565,9.90739],[77.05383,9.90994],[77.05002,9.91165],[77.04789,9.91128],[77.04196,9.91269],[77.03462,9.91545],[77.03277,9.91528],[77.02619,9.9171],[77.01294,9.92242],[77.01037,9.92245],[77.00646,9.92438],[77.00254,9.92417],[76.99726,9.92679],[76.99444,9.92714],[76.99215,9.92951],[76.98929,9.92934],[76.98394,9.93117],[76.98419,9.93525],[76.97678,9.94114],[76.98023,9.94565],[76.98123,9.95135],[76.9681,9.95604],[76.96275,9.95706],[76.95531,9.96252],[76.94854,9.96404],[76.94526,9.96545],[76.93852,9.9727],[76.93238,9.97488],[76.91535,9.9856],[76.91339,9.98544],[76.905,9.99004],[76.90227,9.99025],[76.89818,9.99399],[76.88645,10.00032],[76.88161,10.00169],[76.88047,10.00317],[76.87266,10.00663],[76.86773,10.01032],[76.86584,10.01074],[76.85158,10.01895],[76.83963,10.02448],[76.83681,10.02215],[76.83785,10.01171]]]},"properties":{"level":"block","code":"idukki","district":"IDK","lgd_code":5980}},{"type":"Feature","geometry":{"type":"Polygon","coordinates":[[[77.17405,9.63731],[77.17927,9.64486],[77.17974,9.65626],[77.18324,9.66069],[77.18698,9.66122],[77.18703,9.66665],[77.19202,9.66871],[77.19411,9.67056],[77.19457,9.67413],[77.2029,9.69023],[77.20662,9.69444],[77.20428,9.70202],[77.20195,9.70389],[77.20366,9.71109],[77.2053,9.71309],[77.20471,9.71656],[77.20571,9.72021],[77.20346,9.72191],[77.20732,9.72448],[77.20306,9.72545],[77.19937,9.72841],[77.19475,9.72891],[77.19161,9.73124],[77.1854,9.73146],[77.1792,9.73501],[77.1765,9.73504],[77.17253,9.73283],[77.16804,9.73304],[77.16609,9.735],[77.16531,9.74112],[77.16916,9.74626],[77.16891,9.75],[77.17263,9.7531],[77.17548,9.75385],[77.17917,9.75866],[77.17749,9.76231],[77.17466,9.75999],[77.16871,9.7586],[77.163,9.75999],[77.16342,9.76385],[77.15983,9.76807],[77.16031,9.77022],[77.15731,9.77246],[77.15379,9.77177],[77.15336,9.77568],[77.14863,9.77801],[77.14602,9.77687],[77.14355,9.77816],[77.1396,9.77609],[77.12741,9.78423],[77.12032,9.7881],[77.11857,9.79111],[77.11129,9.78834],[77.10363,9.79207],[77.1034,9.79546],[77.10128,9.79883],[77.09776,9.79682],[77.09612,9.79828],[77.08346,9.80536],[77.08009,9.80564],[77.07548,9.81008],[77.06872,9.81376],[77.06506,9.81844],[77.05979,9.81655],[77.05379,9.81638],[77.04796,9.81509],[77.04643,9.81685],[77.04296,9.81541],[77.04122,9.81297],[77.03839,9.81155],[77.03532,9.81189],[77.0335,9.81399],[77.02396,9.81753],[77.01829,9.82141],[77.01044,9.82878],[77.00107,9.83236],[76.99706,9.83239],[76.99542,9.83652],[76.99244,9.83673],[76.98921,9.83926],[76.98439,9.84166],[76.98552,9.84373],[76.98328,9.84689],[76.97923,9.84805],[76.978,9.84448],[76.97614,9.84313],[76.97175,9.84298],[76.97244,9.84057],[76.97608,9.8392],[76.97808,9.8365],[76.9854,9.83126],[76.98682,9.82593],[76.99252,9.82049],[76.9978,9.81957],[77,9.81821],[77.00156,9.813],[77.00349,9.8108],[77.00778,9.80906],[77.01686,9.80259],[77.01992,9.7996],[77.02307,9.79889],[77.02566,9.7965],[77.02847,9.79569],[77.02727,9.79055],[77.03234,9.78429],[77.02987,9.78058],[77.0257,9.77704],[77.02482,9.772],[77.02034,9.77184],[77.01653,9.76807],[77.01234,9.76524],[77.01369,9.76104],[77.01311,9.7541],[77.01065,9.75061],[77.01335,9.74466],[77.01438,9.73804],[77.01613,9.73551],[77.013,9.73039],[77.01369,9.72778],[77.01913,9.72482],[77.02603,9.71983],[77.01937,9.71882],[77.01558,9.71935],[77.00669,9.71748],[77,9.71847],[76.9977,9.71969],[76.99145,9.71815],[76.98762,9.71942],[76.98544,9.71863],[76.9821,9.69789],[76.98263,9.69147],[76.98189,9.68542],[76.98047,9.68392],[76.97773,9.67665],[76.97906,9.67032],[76.98142,9.66905],[76.98613,9.66272],[76.98402,9.66045],[76.98768,9.65808],[76.99188,9.65963],[76.99424,9.65806],[77.00001,9.65743],[76.99778,9.66048],[77,9.66207],[77.00669,9.66337],[77.00922,9.66091],[77.01244,9.65955],[77.01473,9.65539],[77.02606,9.65131],[77.02832,9.64825],[77.03685,9.64609],[77.04359,9.64083],[77.04756,9.64735],[77.05515,9.65481],[77.05768,9.65543],[77.07054,9.66306],[77.07438,9.6665],[77.08209,9.668],[77.08454,9.66769],[77.08578,9.66543],[77.0901,9.66188],[77.09171,9.65919],[77.09063,9.65498],[77.09286,9.64769],[77.10012,9.6479],[77.1092,9.64548],[77.11224,9.64543],[77.1209,9.64123],[77.12388,9.64288],[77.13188,9.643],[77.13683,9.64498],[77.14101,9.64471],[77.15027,9.63942],[77.15281,9.63987],[77.15396,9.63672],[77.15594,9.63634],[77.15859,9.63908],[77.16507,9.63959],[77.17052,9.63698],[77.17405,9.63731]]]},"properties":{"level":"block","code":"kattappana","district":"IDK","lgd_code":5981}},{"type":"Feature","geometry":{"type":"Polygon","coordinates":[[[77.09422,9.88056],[77.09724,9.87796],[77.09649,9.87614],[77.10282,9.8704],[77.10327,9.86737],[77.10691,9.86605],[77.10375,9.86036],[77.10435,9.85694],[77.09947,9.85382],[77.08951,9.84959],[77.09222,9.84376],[77.09063,9.83895],[77.08887,9.83726],[77.08442,9.82965],[77.08017,9.82608],[77.08574,9.8251],[77.08503,9.8221],[77.06912,9.82109],[77.06506,9.81844],[77.06872,9.81376],[77.07548,9.81008],[77.08009,9.80564],[77.08346,9.80536],[77.09612,9.79828],[77.09776,9.79682],[77.10128,9.79883],[77.1034,9.79546],[77.10363,9.79207],[77.11129,9.78834],[77.11857,9.79111],[77.12032,9.7881],[77.12741,9.78423],[77.1396,9.77609],[77.14355,9.77816],[77.14602,9.77687],[77.14863,9.77801],[77.15336,9.77568],[77.15379,9.77177],[77.15731,9.77246],[77.16031,9.77022],[77.15983,9.76807],[77.16342,9.76385],[77.163,9.75999],[77.16871,9.7586],[77.17466,9.75999],[77.17749,9.76231],[77.17917,9.75866],[77.17548,9.75385],[77.17263,9.7531],[77.16891,9.75],[77.16916,9.74626],[77.16531,9.74112],[77.16609,9.735],[77.16804,9.73304],[77.17253,9.73283],[77.1765,9.73504],[77.1792,9.73501],[77.1854,9.73146],[77.19161,9.73124],[77.19475,9.72891],[77.19937,9.72841],[77.20306,9.72545],[77.20732,9.72448],[77.21163,9.72427],[77.21564,9.72667],[77.21838,9.72608],[77.22067,9.72964],[77.22345,9.73],[77.22179,9.73788],[77.22253,9.7402],[77.22009,9.74169],[77.22023,9.74504],[77.22244,9.75017],[77.22514,9.75277],[77.22495,9.75572],[77.22669,9.75715],[77.22624,9.76138],[77.22902,9.76632],[77.23174,9.76939],[77.22823,9.77122],[77.22408,9.77843],[77.22454,9.7811],[77.22266,9.78779],[77.22843,9.78822],[77.23601,9.79006],[77.23811,9.79192],[77.23912,9.79584],[77.24173,9.79579],[77.24667,9.79789],[77.24578,9.80183],[77.24679,9.808],[77.2402,9.81646],[77.23476,9.81641],[77.23259,9.81742],[77.23273,9.82149],[77.22683,9.82137],[77.22385,9.82385],[77.22378,9.8287],[77.22655,9.83072],[77.22544,9.8333],[77.22753,9.83809],[77.22488,9.84091],[77.22294,9.84488],[77.22633,9.84634],[77.22814,9.84914],[77.2343,9.85018],[77.23718,9.85138],[77.23605,9.85386],[77.23631,9.8596],[77.23269,9.86154],[77.22614,9.86086],[77.21961,9.86469],[77.21695,9.86845],[77.21225,9.87764],[77.21527,9.87739],[77.21663,9.87948],[77.21752,9.88435],[77.22075,9.88448],[77.21809,9.89637],[77.21825,9.90429],[77.22258,9.90596],[77.22498,9.90997],[77.22001,9.91275],[77.21819,9.91462],[77.21458,9.91568],[77.20652,9.92342],[77.20425,9.92672],[77.20248,9.92698],[77.20055,9.93017],[77.1968,9.93378],[77.19441,9.93244],[77.18948,9.93396],[77.18992,9.93632],[77.18701,9.94248],[77.18758,9.94846],[77.19083,9.95777],[77.19696,9.96032],[77.19671,9.96481],[77.1881,9.9649],[77.18367,9.96365],[77.17894,9.96633],[77.17647,9.9707],[77.16896,9.97421],[77.16665,9.9793],[77.16996,9.98431],[77.17266,9.98549],[77.17724,9.98505],[77.18349,9.9921],[77.1849,9.9926],[77.18799,9.99697],[77.18821,9.99869],[77.19234,10.00424],[77.19591,10.00585],[77.202,10.01047],[77.19795,10.016],[77.19654,10.02162],[77.19324,10.02385],[77.18945,10.02363],[77.18285,10.0212],[77.17234,10.02289],[77.16914,10.02562],[77.16637,10.02178],[77.16269,10.01971],[77.16011,10.01676],[77.15942,10.01423],[77.15672,10.01139],[77.15688,10.00829],[77.15106,10.00334],[77.14913,10.00573],[77.14367,10.00806],[77.14194,10.00696],[77.13893,10.00881],[77.13798,10.00377],[77.1383,10],[77.13659,9.9967],[77.13657,9.98672],[77.13237,9.98221],[77.12831,9.98292],[77.12319,9.9873],[77.11605,9.98909],[77.10623,9.98637],[77.10506,9.98475],[77.10521,9.97707],[77.10862,9.97774],[77.11556,9.98173],[77.11664,9.98026],[77.11199,9.97767],[77.11704,9.97464],[77.11754,9.97177],[77.12479,9.96287],[77.12298,9.96078],[77.12256,9.95777],[77.11935,9.95576],[77.11571,9.95482],[77.11428,9.95094],[77.11125,9.94653],[77.10579,9.94683],[77.10665,9.9434],[77.10505,9.93936],[77.10551,9.93438],[77.10203,9.92786],[77.09683,9.9268],[77.10115,9.92113],[77.10234,9.91705],[77.10102,9.91476],[77.1018,9.91056],[77.09885,9.90785],[77.10029,9.90457],[77.09653,9.90307],[77.09377,9.90317],[77.09299,9.89876],[77.09815,9.89677],[77.10146,9.89466],[77.10437,9.89422],[77.10454,9.8916],[77.09422,9.88056]]]},"properties":{"level":"block","code":"nedumkandam","district":"IDK","lgd_code":5982}},{"type":"Feature","geometry":{"type":"Polygon","coordinates":[[[76.71626,9.98701],[76.71223,9.98202],[76.71102,9.97708],[76.71143,9.97305],[76.71504,9.97023],[76.71564,9.96403],[76.71928,9.95969],[76.72443,9.95718],[76.72196,9.95225],[76.71675,9.95253],[76.71515,9.95449],[76.7126,9.95343],[76.71165,9.94882],[76.71431,9.94669],[76.71317,9.94299],[76.70975,9.94342],[76.70783,9.94112],[76.70362,9.93884],[76.7,9.93113],[76.69455,9.93087],[76.69239,9.93232],[76.68994,9.92937],[76.68331,9.92425],[76.69016,9.9228],[76.69352,9.92052],[76.69287,9.91898],[76.69563,9.9153],[76.69872,9.91952],[76.70151,9.91659],[76.69802,9.91496],[76.69695,9.90963],[76.69436,9.90748],[76.69133,9.90726],[76.68178,9.91184],[76.68138,9.91757],[76.67805,9.91681],[76.67176,9.919],[76.66439,9.91646],[76.65958,9.91728],[76.65766,9.92023],[76.65511,9.91795],[76.65309,9.91829],[76.64881,9.92151],[76.64192,9.91764],[76.6343,9.9174],[76.62946,9.91344],[76.63164,9.90575],[76.62867,9.90003],[76.63116,9.89471],[76.63046,9.88874],[76.63275,9.88535],[76.63614,9.88391],[76.63576,9.87828],[76.63743,9.87331],[76.6322,9.87136],[76.63324,9.865],[76.63185,9.85686],[76.62886,9.85558],[76.6271,9.85093],[76.62855,9.84864],[76.63353,9.84608],[76.63871,9.8451],[76.64622,9.84076],[76.65017,9.84122],[76.66126,9.84029],[76.66321,9.83919],[76.66789,9.84388],[76.67473,9.84281],[76.67614,9.83919],[76.67936,9.8382],[76.6824,9.83917],[76.68491,9.83336],[76.69068,9.83461],[76.69171,9.83375],[76.6956,9.83379],[76.69904,9.82558],[76.71027,9.82208],[76.7103,9.81984],[76.71549,9.81818],[76.72058,9.81398],[76.72786,9.81119],[76.72997,9.81238],[76.734,9.80855],[76.73886,9.80688],[76.74218,9.80368],[76.74644,9.80494],[76.75053,9.80627],[76.74967,9.81462],[76.75441,9.81763],[76.75748,9.81551],[76.76538,9.81173],[76.76517,9.81577],[76.76307,9.82229],[76.76461,9.82422],[76.75922,9.82842],[76.7581,9.8332],[76.76035,9.83861],[76.75344,9.84191],[76.75057,9.84441],[76.74684,9.85046],[76.74595,9.85736],[76.74441,9.86015],[76.74483,9.86739],[76.74747,9.86835],[76.74898,9.87201],[76.75357,9.87918],[76.75873,9.88553],[76.75831,9.88913],[76.76258,9.88704],[76.76228,9.89092],[76.76637,9.89413],[76.76261,9.89626],[76.76338,9.89835],[76.76814,9.89972],[76.75734,9.90573],[76.75318,9.91202],[76.75174,9.91877],[76.75,9.92078],[76.74908,9.92499],[76.74664,9.92536],[76.74557,9.92798],[76.74284,9.92916],[76.74283,9.93601],[76.74458,9.93889],[76.74195,9.94158],[76.74273,9.9436],[76.73875,9.94746],[76.738,9.95284],[76.74177,9.95654],[76.73962,9.96107],[76.74153,9.9653],[76.73808,9.9704],[76.73504,9.9711],[76.73363,9.97677],[76.72835,9.98319],[76.72338,9.98148],[76.71982,9.98612],[76.71626,9.98701]]]},"properties":{"level":"block","code":"thodupuzha","district":"IDK","lgd_code":5983}},{"type":"Feature","geometry":{"type":"Polygon","coordinates":[[[77.04668,9.12319],[77.0448,9.12207],[77.03222,9.12488],[77.02699,9.12712],[77.0242,9.1243],[77.02327,9.12054],[77.02532,9.11594],[77.02527,9.10649],[77.02017,9.10037],[77.02136,9.0922],[77.01931,9.09031],[77.0135,9.07706],[77.01433,9.07298],[77.01026,9.07217],[77.00754,9.06964],[77.00394,9.07038],[77.0005,9.06951],[76.99759,9.07238],[76.99566,9.07242],[76.99363,9.06728],[76.98973,9.062],[76.98434,9.05844],[76.9811,9.05732],[76.97175,9.05629],[76.96905,9.05851],[76.96422,9.05562],[76.95802,9.05858],[76.94851,9.06089],[76.94646,9.05945],[76.94411,9.05463],[76.94533,9.05094],[76.94706,9.05108],[76.95099,9.04603],[76.94853,9.04345],[76.95174,9.04083],[76.95582,9.04309],[76.95938,9.03833],[76.96385,9.03403],[76.96213,9.03066],[76.95819,9.03002],[76.96443,9.02339],[76.96637,9.01926],[76.96421,9.01317],[76.96681,9.01027],[76.96616,9.00815],[76.97209,9.00101],[76.97357,8.99758],[76.9729,8.99207],[76.97171,8.9898],[76.96397,8.99097],[76.96103,8.98514],[76.96322,8.98218],[76.96278,8.97681],[76.96131,8.97162],[76.95865,8.96949],[76.95038,8.96747],[76.94382,8.96924],[76.93701,8.96875],[76.93413,8.96776],[76.92583,8.967],[76.92003,8.96811],[76.91299,8.96421],[76.90997,8.96536],[76.90749,8.96414],[76.90456,8.96491],[76.90172,8.96982],[76.89501,8.96826],[76.88747,8.97033],[76.88604,8.97432],[76.88167,8.97514],[76.87538,8.97624],[76.86483,8.97578],[76.86012,8.97751],[76.8591,8.97441],[76.85991,8.97081],[76.85683,8.96779],[76.85403,8.96822],[76.84775,8.96401],[76.84438,8.96024],[76.84343,8.95787],[76.84383,8.95324],[76.84554,8.94898],[76.84752,8.94833],[76.8498,8.94141],[76.85508,8.93086],[76.85571,8.92638],[76.85477,8.92301],[76.85638,8.91689],[76.85845,8.91313],[76.85479,8.90823],[76.856,8.90475],[76.85571,8.90182],[76.85538,8.89754],[76.85348,8.89552],[76.85043,8.89469],[76.84615,8.88765],[76.84869,8.88379],[76.85209,8.88182],[76.85459,8.88385],[76.85741,8.88143],[76.86609,8.87874],[76.86623,8.88168],[76.86241,8.88638],[76.86286,8.88953],[76.87006,8.89441],[76.87362,8.89794],[76.86982,8.90286],[76.87732,8.90638],[76.87875,8.90964],[76.88135,8.90668],[76.88734,8.90886],[76.90391,8.9094],[76.90869,8.90845],[76.91195,8.91089],[76.91713,8.90923],[76.91903,8.90644],[76.92336,8.90632],[76.92638,8.90001],[76.92993,8.89559],[76.93137,8.89172],[76.93606,8.89091],[76.943,8.88186],[76.9454,8.88049],[76.95141,8.88289],[76.95005,8.87583],[76.95605,8.86986],[76.95239,8.8678],[76.95518,8.86242],[76.95329,8.85598],[76.95912,8.85131],[76.95977,8.84611],[76.96437,8.84822],[76.96916,8.84755],[76.97316,8.84948],[76.97823,8.84845],[76.98234,8.85022],[76.98747,8.85081],[76.99298,8.84776],[76.99802,8.84707],[77.00461,8.84354],[77.00748,8.8451],[77.0121,8.843],[77.01279,8.84123],[77.01913,8.84015],[77.02151,8.84309],[77.02505,8.84179],[77.0326,8.84281],[77.04292,8.84564],[77.05087,8.84645],[77.05626,8.84376],[77.06462,8.84207],[77.06858,8.84062],[77.07151,8.84129],[77.08307,8.83979],[77.08829,8.83433],[77.09281,8.83322],[77.09964,8.82967],[77.10298,8.82903],[77.10745,8.8302],[77.10785,8.82673],[77.11183,8.82529],[77.11283,8.823],[77.11884,8.82213],[77.12282,8.81823],[77.1275,8.81053],[77.13375,8.80828],[77.13693,8.80589],[77.14069,8.80654],[77.14568,8.80357],[77.14763,8.80031],[77.15112,8.79915],[77.15377,8.7956],[77.15647,8.7967],[77.15905,8.79271],[77.16314,8.79019],[77.16862,8.78845],[77.17309,8.78425],[77.17742,8.7813],[77.18388,8.77845],[77.19155,8.77265],[77.19972,8.77179],[77.19967,8.76976],[77.20638,8.76837],[77.20993,8.76534],[77.21564,8.76819],[77.21795,8.76824],[77.21843,8.77099],[77.21451,8.77489],[77.21307,8.77862],[77.21471,8.77973],[77.21999,8.77899],[77.22429,8.78362],[77.22971,8.78459],[77.23129,8.79082],[77.23054,8.79783],[77.23252,8.80036],[77.23198,8.80773],[77.23563,8.80766],[77.23807,8.80907],[77.24252,8.80979],[77.24797,8.81692],[77.24658,8.82214],[77.24793,8.8248],[77.25098,8.82668],[77.25309,8.83226],[77.25759,8.83522],[77.25883,8.83862],[77.26282,8.84254],[77.25848,8.85033],[77.25908,8.85317],[77.26171,8.85261],[77.26152,8.85651],[77.25936,8.85713],[77.25572,8.86065],[77.25568,8.86315],[77.25827,8.86469],[77.25731,8.86854],[77.25657,8.87757],[77.25456,8.87959],[77.24602,8.87972],[77.24065,8.88293],[77.23766,8.88567],[77.2384,8.89212],[77.24024,8.89447],[77.23855,8.89774],[77.22795,8.90359],[77.22123,8.90395],[77.21824,8.91869],[77.21423,8.91733],[77.20998,8.9185],[77.20105,8.92456],[77.19473,8.92412],[77.19248,8.92855],[77.19682,8.93402],[77.19705,8.93643],[77.19389,8.94384],[77.19697,8.95169],[77.19469,8.95737],[77.1915,8.95916],[77.1907,8.96562],[77.18555,8.97018],[77.18256,8.96908],[77.1782,8.9691],[77.17568,8.97731],[77.17561,8.98236],[77.17381,8.98696],[77.17338,8.99145],[77.16167,8.99504],[77.15859,8.99896],[77.15833,9.00139],[77.15615,9.00383],[77.15685,9.0075],[77.15275,9.00719],[77.14935,9.00958],[77.15077,9.01439],[77.14958,9.01801],[77.14656,9.02182],[77.15274,9.02208],[77.15478,9.02305],[77.16126,9.02964],[77.1621,9.03282],[77.16039,9.03584],[77.16341,9.03768],[77.16747,9.0453],[77.17433,9.04727],[77.18014,9.04754],[77.18445,9.04681],[77.18759,9.04314],[77.19288,9.04411],[77.19746,9.04697],[77.19528,9.04934],[77.19708,9.05716],[77.20047,9.0615],[77.20551,9.06617],[77.20814,9.07288],[77.20491,9.07166],[77.20051,9.07254],[77.19921,9.07392],[77.19067,9.07644],[77.17933,9.07633],[77.17218,9.07919],[77.16987,9.07758],[77.15629,9.08201],[77.15422,9.08336],[77.15537,9.08579],[77.15308,9.08701],[77.15095,9.08416],[77.14564,9.08343],[77.14291,9.08536],[77.13647,9.08636],[77.1306,9.08816],[77.12796,9.09069],[77.12076,9.09467],[77.11818,9.09487],[77.11115,9.09319],[77.1074,9.09455],[77.1046,9.09812],[77.09828,9.10029],[77.08959,9.10591],[77.08055,9.1097],[77.07848,9.11347],[77.07099,9.11285],[77.06705,9.11458],[77.06477,9.11938],[77.05986,9.11863],[77.05791,9.1171],[77.05619,9.12008],[77.05534,9.12599],[77.0517,9.12769],[77.04668,9.12319]]]},"properties":{"level":"block","code":"anchal","district":"KLM","lgd_code":5997}},{"type":"Feature","geometry":{"type":"Polygon","coordinates":[[[76.85571,8.90182],[76.84505,8.90786],[76.84003,8.9079],[76.83401,8.9146],[76.83412,8.91918],[76.83235,8.92373],[76.82681,8.92685],[76.82115,8.93118],[76.81503,8.93225],[76.81197,8.9369],[76.80776,8.93718],[76.80477,8.93257],[76.80061,8.93251],[76.79965,8.92829],[76.79732,8.92672],[76.79525,8.92923],[76.79123,8.93003],[76.79055,8.92519],[76.79283,8.92132],[76.7933,8.91751],[76.79089,8.91398],[76.78838,8.91364],[76.78516,8.9096],[76.78889,8.89856],[76.78733,8.89464],[76.78181,8.89055],[76.78039,8.88672],[76.77648,8.88176],[76.77501,8.87499],[76.77281,8.87495],[76.76807,8.86673],[76.76676,8.85933],[76.76786,8.85522],[76.77178,8.85861],[76.77583,8.86095],[76.78087,8.8605],[76.7842,8.85932],[76.78955,8.85349],[76.79602,8.85548],[76.79929,8.85048],[76.80204,8.84886],[76.8084,8.85687],[76.81016,8.85493],[76.81481,8.85648],[76.81665,8.85948],[76.82034,8.85401],[76.82185,8.85473],[76.82389,8.85118],[76.82465,8.84675],[76.82382,8.84508],[76.82721,8.84251],[76.8293,8.84473],[76.83936,8.84072],[76.84049,8.8384],[76.84821,8.83428],[76.84585,8.82775],[76.84922,8.82643],[76.84928,8.82424],[76.85185,8.82217],[76.85104,8.81903],[76.85542,8.81599],[76.85712,8.81861],[76.86251,8.81448],[76.87027,8.81111],[76.87631,8.81016],[76.88278,8.80551],[76.88517,8.80652],[76.89036,8.81146],[76.89327,8.81007],[76.89817,8.8118],[76.90276,8.80818],[76.90313,8.8066],[76.90694,8.80487],[76.90737,8.80131],[76.91296,8.79851],[76.91494,8.79408],[76.9175,8.79204],[76.92108,8.78668],[76.91773,8.78483],[76.91528,8.78197],[76.91517,8.77676],[76.91814,8.77384],[76.92219,8.77212],[76.92978,8.76621],[76.93357,8.76137],[76.93893,8.765],[76.94192,8.76581],[76.94269,8.76779],[76.94648,8.77119],[76.95039,8.77244],[76.95726,8.77114],[76.96358,8.7711],[76.97093,8.77507],[76.97279,8.77537],[76.97406,8.78277],[76.97657,8.7868],[76.97929,8.78918],[76.98325,8.79009],[76.9914,8.78789],[76.99773,8.7832],[77.00101,8.7725],[77.00276,8.77133],[77.01304,8.77233],[77.01511,8.77198],[77.02494,8.77541],[77.02147,8.7799],[77.01993,8.78443],[77.01604,8.78869],[77.01581,8.79158],[77.01115,8.79664],[77.01145,8.79984],[77.00997,8.80226],[77.01125,8.80556],[77.00882,8.81278],[77.01132,8.81597],[77.01547,8.81774],[77.01911,8.81615],[77.02129,8.8179],[77.01959,8.82193],[77.02061,8.82529],[77.02011,8.8284],[77.02202,8.82964],[77.02498,8.83382],[77.02906,8.83445],[77.03004,8.83847],[77.0326,8.84281],[77.02505,8.84179],[77.02151,8.84309],[77.01913,8.84015],[77.01279,8.84123],[77.0121,8.843],[77.00748,8.8451],[77.00461,8.84354],[76.99802,8.84707],[76.99298,8.84776],[76.98747,8.85081],[76.98234,8.85022],[76.97823,8.84845],[76.97316,8.84948],[76.96916,8.84755],[76.96437,8.84822],[76.95977,8.84611],[76.95912,8.85131],[76.95329,8.85598],[76.95518,8.86242],[76.95239,8.8678],[76.95605,8.86986],[76.95005,8.87583],[76.95141,8.88289],[76.9454,8.88049],[76.943,8.88186],[76.93606,8.89091],[76.93137,8.89172],[76.92993,8.89559],[76.92638,8.90001],[76.92336,8.90632],[76.91903,8.90644],[76.91713,8.90923],[76.91195,8.91089],[76.90869,8.90845],[76.90391,8.9094],[76.88734,8.90886],[76.88135,8.90668],[76.87875,8.90964],[76.87732,8.90638],[76.86982,8.90286],[76.87362,8.89794],[76.87006,8.89441],[76.86286,8.88953],[76.86241,8.88638],[76.86623,8.88168],[76.86609,8.87874],[76.85741,8.88143],[76.85459,8.88385],[76.85209,8.88182],[76.84869,8.88379],[76.84615,8.88765],[76.85043,8.89469],[76.85348,8.89552],[76.85538,8.89754],[76.85571,8.90182]]]},"properties":{"level":"block","code":"chadayamangalam","district":"KLM","lgd_code":5999}},{"type":"Feature","geometry":{"type":"Polygon","coordinates":[[[76.46343,9.13524],[76.46291,9.13419],[76.46691,9.12647],[76.47169,9.1153],[76.48799,9.08199],[76.49138,9.07403],[76.49913,9.05822],[76.49912,9.05621],[76.50165,9.04968],[76.50684,9.03826],[76.51542,9.01709],[76.51947,9.00277],[76.5212,8.99865],[76.52279,8.98879],[76.52644,8.97404],[76.52681,8.97019],[76.5295,8.9621],[76.53428,8.95124],[76.53592,8.94188],[76.53732,8.93768],[76.53984,8.9389],[76.54092,8.93403],[76.53863,8.93357],[76.53885,8.93072],[76.54123,8.92624],[76.54233,8.91312],[76.54766,8.90245],[76.54983,8.90074],[76.55405,8.8943],[76.55994,8.89559],[76.56279,8.89348],[76.56853,8.89421],[76.56879,8.89684],[76.56809,8.91197],[76.56579,8.91435],[76.56267,8.9197],[76.56218,8.92664],[76.57061,8.92908],[76.56784,8.94124],[76.58589,8.96388],[76.58481,8.99549],[76.58637,9.00032],[76.59099,9.00107],[76.59356,9.00274],[76.59604,9.00858],[76.6019,9.01062],[76.60342,9.00962],[76.60521,9.01233],[76.603,9.01607],[76.60393,9.01891],[76.60334,9.0217],[76.59794,9.02034],[76.59402,9.02159],[76.58944,9.01719],[76.5854,9.01766],[76.58237,9.01659],[76.57848,9.01685],[76.57694,9.01906],[76.57221,9.02139],[76.57038,9.02844],[76.56646,9.03513],[76.56153,9.03128],[76.55796,9.03363],[76.5551,9.03102],[76.55443,9.03554],[76.55192,9.03835],[76.55318,9.04056],[76.55043,9.04933],[76.54908,9.05051],[76.54413,9.05124],[76.54198,9.04891],[76.5381,9.04145],[76.53977,9.0337],[76.53953,9.0284],[76.53403,9.02236],[76.53243,9.01913],[76.52799,9.01324],[76.5262,9.01599],[76.52429,9.01353],[76.52228,9.01805],[76.51905,9.01721],[76.51797,9.02524],[76.51963,9.02633],[76.5166,9.03604],[76.51019,9.03789],[76.50877,9.04096],[76.50799,9.04867],[76.50588,9.05401],[76.50127,9.06148],[76.49963,9.06909],[76.50257,9.07157],[76.50785,9.07397],[76.51575,9.07542],[76.52046,9.07684],[76.52196,9.07609],[76.53095,9.07726],[76.53318,9.07655],[76.53635,9.07834],[76.53367,9.08643],[76.53294,9.09041],[76.53327,9.09493],[76.5356,9.10076],[76.53753,9.10199],[76.53962,9.10675],[76.54069,9.11363],[76.5341,9.1118],[76.53217,9.1094],[76.5282,9.10836],[76.5263,9.1066],[76.52627,9.10229],[76.52216,9.09967],[76.51664,9.09873],[76.51333,9.10462],[76.50678,9.1035],[76.50248,9.09944],[76.49916,9.09533],[76.49807,9.09226],[76.48968,9.09008],[76.48759,9.09354],[76.47837,9.11507],[76.47618,9.11903],[76.47862,9.1248],[76.48483,9.1263],[76.47888,9.1281],[76.47328,9.12727],[76.47323,9.12996],[76.47032,9.13147],[76.46635,9.13047],[76.46343,9.13524]]]},"properties":{"level":"block","code":"chavara","district":"KLM","lgd_code":6000}},{"type":"Feature","geometry":{"type":"Polygon","coordinates":[[[76.55405,8.8943],[76.56002,8.8894],[76.56256,8.88386],[76.56535,8.88011],[76.56906,8.88258],[76.57175,8.88312],[76.57943,8.88117],[76.58769,8.87713],[76.59459,8.8727],[76.61012,8.85943],[76.61804,8.85147],[76.6207,8.84757],[76.63053,8.83748],[76.63391,8.839],[76.63479,8.8412],[76.63309,8.84402],[76.63492,8.84918],[76.63674,8.85802],[76.63697,8.86158],[76.63975,8.87297],[76.63979,8.87927],[76.64755,8.88395],[76.64608,8.88577],[76.64638,8.89556],[76.64226,8.89724],[76.63881,8.89743],[76.6394,8.90046],[76.63637,8.90382],[76.63606,8.91108],[76.63282,8.91421],[76.63381,8.91988],[76.64153,8.92929],[76.64474,8.93191],[76.64743,8.93223],[76.65152,8.93668],[76.6557,8.93933],[76.65783,8.94199],[76.66219,8.94977],[76.67118,8.95675],[76.68541,8.96356],[76.68963,8.96853],[76.69322,8.97052],[76.69825,8.97581],[76.70645,8.97953],[76.70735,8.98284],[76.70592,8.98623],[76.70041,8.98718],[76.69806,8.98591],[76.69422,8.98789],[76.691,8.99178],[76.68689,8.99312],[76.68399,8.99723],[76.68403,9],[76.67892,9.00097],[76.67554,9.00265],[76.6725,9.00627],[76.67178,9.00947],[76.67528,9.01712],[76.67592,9.02658],[76.67449,9.02846],[76.66714,9.02639],[76.66477,9.02476],[76.6622,9.02583],[76.66109,9.02844],[76.658,9.02636],[76.65179,9.02663],[76.6488,9.02764],[76.64617,9.0245],[76.64653,9.01552],[76.644,9.01492],[76.63983,9.01804],[76.63639,9.01508],[76.63281,9.01387],[76.63461,9.00819],[76.6315,9.00524],[76.62823,9.0045],[76.62218,9.00138],[76.62115,9.00002],[76.61668,8.99888],[76.61208,9.00009],[76.60615,8.99854],[76.6055,9.0062],[76.60342,9.00962],[76.6019,9.01062],[76.59604,9.00858],[76.59356,9.00274],[76.59099,9.00107],[76.58637,9.00032],[76.58481,8.99549],[76.58589,8.96388],[76.56784,8.94124],[76.57061,8.92908],[76.56218,8.92664],[76.56267,8.9197],[76.56579,8.91435],[76.56809,8.91197],[76.56879,8.89684],[76.56853,8.89421],[76.56279,8.89348],[76.55994,8.89559],[76.55405,8.8943]]]},"properties":{"level":"block","code":"chittumala","district":"KLM","lgd_code":6001}},{"type":"Feature","geometry":{"type":"Polygon","coordinates":[[[76.76786,8.85522],[76.76533,8.85479],[76.76477,8.85772],[76.76252,8.86069],[76.75856,8.85832],[76.75292,8.86116],[76.75212,8.86303],[76.75368,8.86596],[76.74915,8.8711],[76.74768,8.87531],[76.7443,8.87359],[76.74252,8.87583],[76.7426,8.87858],[76.74041,8.88359],[76.74438,8.88669],[76.74716,8.89506],[76.74721,8.9013],[76.73983,8.89757],[76.73584,8.89922],[76.73103,8.89934],[76.72624,8.90333],[76.72779,8.90669],[76.73015,8.90902],[76.73068,8.91165],[76.7302,8.91817],[76.71867,8.92861],[76.71071,8.93364],[76.7097,8.9363],[76.70721,8.93639],[76.70478,8.94149],[76.70293,8.94201],[76.70481,8.94801],[76.70431,8.95036],[76.69765,8.95201],[76.69541,8.94538],[76.69516,8.93648],[76.69342,8.92586],[76.68818,8.92335],[76.68182,8.92247],[76.68099,8.91604],[76.68291,8.91284],[76.6826,8.90917],[76.68407,8.90622],[76.68542,8.90032],[76.68711,8.89809],[76.68518,8.89151],[76.68761,8.88634],[76.68938,8.88501],[76.68921,8.88032],[76.69096,8.87722],[76.69088,8.87452],[76.6933,8.8708],[76.68984,8.86886],[76.68784,8.87201],[76.68364,8.8735],[76.67827,8.87221],[76.67536,8.87464],[76.67237,8.87081],[76.67225,8.86733],[76.67354,8.8641],[76.67168,8.85739],[76.67133,8.84912],[76.66981,8.84718],[76.66339,8.84284],[76.65892,8.83711],[76.65745,8.83286],[76.65827,8.83112],[76.65563,8.82639],[76.64531,8.81832],[76.65062,8.80875],[76.65279,8.80707],[76.65647,8.80174],[76.65992,8.79819],[76.66056,8.796],[76.66381,8.79343],[76.67293,8.78166],[76.67482,8.78215],[76.67833,8.78576],[76.68,8.78114],[76.68367,8.77632],[76.68447,8.77921],[76.69016,8.77933],[76.6922,8.78715],[76.69202,8.7907],[76.69816,8.79123],[76.70966,8.7911],[76.70936,8.79524],[76.71396,8.79635],[76.72091,8.80357],[76.72362,8.8034],[76.7276,8.80029],[76.73392,8.7996],[76.73854,8.79821],[76.74058,8.79601],[76.74454,8.79552],[76.74789,8.79644],[76.75842,8.79542],[76.7605,8.79137],[76.76175,8.79362],[76.76134,8.8003],[76.76882,8.79872],[76.77096,8.79988],[76.7683,8.80396],[76.77188,8.80606],[76.77116,8.8112],[76.77713,8.8097],[76.78395,8.81145],[76.78846,8.81188],[76.79043,8.81361],[76.78952,8.81834],[76.78303,8.81943],[76.78728,8.82266],[76.79133,8.82203],[76.79442,8.82805],[76.79069,8.83122],[76.78864,8.83502],[76.78514,8.8358],[76.78381,8.83884],[76.78138,8.83995],[76.78177,8.84265],[76.77541,8.84391],[76.77826,8.84871],[76.78216,8.85249],[76.78231,8.85557],[76.78087,8.8605],[76.77583,8.86095],[76.77178,8.85861],[76.76786,8.85522]]]},"properties":{"level":"block","code":"ithikkara","district":"KLM","lgd_code":6002}},{"type":"Feature","geometry":{"type":"Polygon","coordinates":[[[76.80776,8.93718],[76.80566,8.93856],[76.80546,8.94308],[76.80266,8.94533],[76.79723,8.94666],[76.79491,8.94961],[76.79105,8.9515],[76.78776,8.95037],[76.7867,8.94778],[76.78266,8.94807],[76.78116,8.94386],[76.77514,8.94538],[76.76955,8.94877],[76.76983,8.95525],[76.76746,8.96146],[76.76321,8.96651],[76.77228,8.96936],[76.7729,8.97232],[76.78297,8.97373],[76.79006,8.97632],[76.79004,8.98036],[76.79148,8.98469],[76.78896,8.98629],[76.78706,8.991],[76.7869,8.99365],[76.78947,9.00081],[76.79921,9.00416],[76.79339,9.00867],[76.78626,9.00731],[76.78467,9.0096],[76.78528,9.01351],[76.77587,9.0109],[76.77284,9.01298],[76.76287,9.01599],[76.75886,9.01972],[76.75346,9.02042],[76.74595,9.02334],[76.73862,9.0228],[76.73056,9.02496],[76.72912,9.02706],[76.71844,9.02647],[76.7149,9.02775],[76.70909,9.02763],[76.70601,9.02844],[76.70843,9.02328],[76.70877,9.01888],[76.71988,9.01451],[76.72845,9.00901],[76.727,9.00571],[76.71941,9.00539],[76.70823,9.00735],[76.70264,9.00448],[76.69696,9.00263],[76.69061,9.00216],[76.68403,9],[76.68399,8.99723],[76.68689,8.99312],[76.691,8.99178],[76.69422,8.98789],[76.69806,8.98591],[76.70041,8.98718],[76.70592,8.98623],[76.70735,8.98284],[76.70645,8.97953],[76.69825,8.97581],[76.69369,8.96986],[76.69542,8.96662],[76.69575,8.96147],[76.6978,8.96077],[76.69765,8.95201],[76.70431,8.95036],[76.70481,8.94801],[76.70293,8.94201],[76.70478,8.94149],[76.70721,8.93639],[76.7097,8.9363],[76.71071,8.93364],[76.71867,8.92861],[76.7302,8.91817],[76.73068,8.91165],[76.73015,8.90902],[76.72779,8.90669],[76.72624,8.90333],[76.73103,8.89934],[76.73584,8.89922],[76.73983,8.89757],[76.74721,8.9013],[76.74716,8.89506],[76.74438,8.88669],[76.74041,8.88359],[76.7426,8.87858],[76.74252,8.87583],[76.7443,8.87359],[76.74768,8.87531],[76.74915,8.8711],[76.75368,8.86596],[76.75212,8.86303],[76.75292,8.86116],[76.75856,8.85832],[76.76252,8.86069],[76.76477,8.85772],[76.76533,8.85479],[76.76786,8.85522],[76.76676,8.85933],[76.76807,8.86673],[76.77281,8.87495],[76.77501,8.87499],[76.77648,8.88176],[76.78039,8.88672],[76.78181,8.89055],[76.78733,8.89464],[76.78889,8.89856],[76.78516,8.9096],[76.78838,8.91364],[76.79089,8.91398],[76.7933,8.91751],[76.79283,8.92132],[76.79055,8.92519],[76.79123,8.93003],[76.79525,8.92923],[76.79732,8.92672],[76.79965,8.92829],[76.80061,8.93251],[76.80477,8.93257],[76.80776,8.93718]]]},"properties":{"level":"block","code":"kottarakkara","district":"KLM","lgd_code":6004}},{"type":"Feature","geometry":{"type":"Polygon","coordinates":[[[76.63053,8.83748],[76.64118,8.82435],[76.64531,8.81832],[76.65563,8.82639],[76.65827,8.83112],[76.65745,8.83286],[76.65892,8.83711],[76.66339,8.84284],[76.66981,8.84718],[76.67133,8.84912],[76.67168,8.85739],[76.67354,8.8641],[76.67225,8.86733],[76.67237,8.87081],[76.67536,8.87464],[76.67827,8.87221],[76.68364,8.8735],[76.68784,8.87201],[76.68984,8.86886],[76.6933,8.8708],[76.69088,8.87452],[76.69096,8.87722],[76.68921,8.88032],[76.68938,8.88501],[76.68761,8.88634],[76.68518,8.89151],[76.68711,8.89809],[76.68542,8.90032],[76.68407,8.90622],[76.6826,8.90917],[76.68291,8.91284],[76.68099,8.91604],[76.68182,8.92247],[76.68818,8.92335],[76.69342,8.92586],[76.69516,8.93648],[76.69541,8.94538],[76.69765,8.95201],[76.6978,8.96077],[76.69575,8.96147],[76.69542,8.96662],[76.69369,8.96986],[76.69825,8.97581],[76.69322,8.97052],[76.68963,8.96853],[76.68541,8.96356],[76.67118,8.95675],[76.66219,8.94977],[76.65783,8.94199],[76.6557,8.93933],[76.65152,8.93668],[76.64743,8.93223],[76.64474,8.93191],[76.64153,8.92929],[76.63381,8.91988],[76.63282,8.91421],[76.63606,8.91108],[76.63637,8.90382],[76.6394,8.90046],[76.63881,8.89743],[76.64226,8.89724],[76.64638,8.89556],[76.64608,8.88577],[76.64755,8.88395],[76.63979,8.87927],[76.63975,8.87297],[76.63697,8.86158],[76.63674,8.85802],[76.63492,8.84918],[76.63309,8.84402],[76.63479,8.8412],[76.63391,8.839],[76.63053,8.83748]]]},"properties":{"level":"block","code":"mukhathala","district":"KLM","lgd_code":6005}},{"type":"Feature","geometry":{"type":"Polygon","coordinates":[[[76.54161,9.13508],[76.52858,9.13488],[76.52618,9.13598],[76.51499,9.13751],[76.50857,9.1367],[76.50307,9.13497],[76.50565,9.12645],[76.49385,9.12542],[76.48483,9.1263],[76.47862,9.1248],[76.47618,9.11903],[76.47837,9.11507],[76.48759,9.09354],[76.48968,9.09008],[76.49807,9.09226],[76.49916,9.09533],[76.50248,9.09944],[76.50678,9.1035],[76.51333,9.10462],[76.51664,9.09873],[76.52216,9.09967],[76.52627,9.10229],[76.5263,9.1066],[76.5282,9.10836],[76.53217,9.1094],[76.5341,9.1118],[76.54069,9.11363],[76.53962,9.10675],[76.53753,9.10199],[76.5356,9.10076],[76.53327,9.09493],[76.53294,9.09041],[76.53367,9.08643],[76.53635,9.07834],[76.53318,9.07655],[76.53095,9.07726],[76.52196,9.07609],[76.52046,9.07684],[76.51575,9.07542],[76.50785,9.07397],[76.50257,9.07157],[76.49963,9.06909],[76.50127,9.06148],[76.50588,9.05401],[76.50799,9.04867],[76.50877,9.04096],[76.51019,9.03789],[76.5166,9.03604],[76.51963,9.02633],[76.51797,9.02524],[76.51905,9.01721],[76.52228,9.01805],[76.52429,9.01353],[76.5262,9.01599],[76.52799,9.01324],[76.53243,9.01913],[76.53403,9.02236],[76.53953,9.0284],[76.53977,9.0337],[76.5381,9.04145],[76.54198,9.04891],[76.54413,9.05124],[76.54908,9.05051],[76.55043,9.04933],[76.55318,9.04056],[76.55192,9.03835],[76.55443,9.03554],[76.5551,9.03102],[76.55796,9.03363],[76.56153,9.03128],[76.56646,9.03513],[76.57038,9.02844],[76.57221,9.02139],[76.57694,9.01906],[76.57848,9.01685],[76.58237,9.01659],[76.5854,9.01766],[76.58944,9.01719],[76.59402,9.02159],[76.59794,9.02034],[76.60334,9.0217],[76.60393,9.01891],[76.60456,9.02232],[76.60801,9.02604],[76.61133,9.02675],[76.61438,9.0319],[76.61406,9.03952],[76.60982,9.04226],[76.60107,9.04378],[76.59891,9.04998],[76.6004,9.05407],[76.59515,9.05506],[76.58934,9.0573],[76.58621,9.05712],[76.58698,9.06338],[76.58822,9.06508],[76.58553,9.06711],[76.57695,9.066],[76.57715,9.0693],[76.58126,9.07049],[76.58508,9.07576],[76.58807,9.07753],[76.59014,9.08104],[76.59445,9.08145],[76.59659,9.08281],[76.59635,9.08863],[76.5981,9.0901],[76.6009,9.0954],[76.60102,9.10091],[76.60198,9.10261],[76.59938,9.1047],[76.59906,9.11177],[76.6022,9.11705],[76.60092,9.12218],[76.60282,9.12522],[76.60335,9.13024],[76.5987,9.132],[76.59126,9.13162],[76.58879,9.12789],[76.58843,9.12318],[76.58511,9.12184],[76.58361,9.11822],[76.57952,9.1152],[76.57629,9.11751],[76.57249,9.11644],[76.56856,9.1118],[76.55788,9.1098],[76.55123,9.11072],[76.54973,9.11361],[76.54633,9.12612],[76.54322,9.12609],[76.54142,9.12841],[76.54161,9.13508]]]},"properties":{"level":"block","code":"oachira","district":"KLM","lgd_code":6006}},{"type":"Feature","geometry":{"type":"Polygon","coordinates":[[[76.92756,9.16355],[76.9277,9.16006],[76.92624,9.15436],[76.92632,9.14862],[76.92736,9.14629],[76.9264,9.13863],[76.93281,9.13779],[76.93631,9.13579],[76.93964,9.13872],[76.94563,9.13529],[76.94825,9.13131],[76.95408,9.13106],[76.96016,9.12996],[76.95967,9.12798],[76.95647,9.12649],[76.95569,9.12395],[76.94827,9.11724],[76.94385,9.1186],[76.93802,9.11724],[76.93094,9.1188],[76.92508,9.11873],[76.92385,9.12259],[76.91015,9.12575],[76.90158,9.12579],[76.89816,9.13042],[76.89696,9.12722],[76.89259,9.12276],[76.89017,9.12325],[76.88396,9.12195],[76.88371,9.12581],[76.8756,9.13089],[76.87467,9.12827],[76.86782,9.12174],[76.86598,9.1158],[76.86231,9.11555],[76.85936,9.11728],[76.85639,9.11697],[76.85562,9.11494],[76.85089,9.11038],[76.85172,9.10502],[76.84955,9.10234],[76.85191,9.09955],[76.8463,9.0988],[76.84563,9.09479],[76.84211,9.09207],[76.83294,9.09429],[76.82846,9.09388],[76.8277,9.09244],[76.82269,9.09338],[76.82222,9.09558],[76.81961,9.0968],[76.8186,9.09916],[76.81393,9.10492],[76.80927,9.10843],[76.80437,9.10931],[76.79938,9.1091],[76.79674,9.11051],[76.79329,9.10908],[76.7919,9.1108],[76.78663,9.11404],[76.78237,9.11347],[76.78108,9.10954],[76.77736,9.10934],[76.77643,9.10559],[76.77329,9.10432],[76.77366,9.10218],[76.76961,9.10113],[76.76562,9.09452],[76.76841,9.08682],[76.77093,9.08209],[76.77015,9.07786],[76.77094,9.07454],[76.77319,9.07072],[76.77213,9.06669],[76.77477,9.06689],[76.77866,9.0648],[76.78204,9.06066],[76.78533,9.06229],[76.78714,9.06041],[76.79059,9.05938],[76.79405,9.05609],[76.7962,9.05715],[76.7993,9.05554],[76.80385,9.05487],[76.80372,9.05061],[76.806,9.04393],[76.80275,9.0434],[76.79993,9.03855],[76.80475,9.03683],[76.804,9.02918],[76.80553,9.0271],[76.80157,9.02603],[76.79716,9.0231],[76.79962,9.02128],[76.80136,9.01745],[76.80993,9.01714],[76.8173,9.01895],[76.82104,9.02172],[76.82501,9.02192],[76.83046,9.02463],[76.83621,9.02203],[76.83894,9.01933],[76.84142,9.01981],[76.84828,9.01732],[76.85321,9.01707],[76.85596,9.01608],[76.86163,9.01752],[76.87119,9.01835],[76.87601,9.01521],[76.87621,9.01209],[76.88022,9.01142],[76.88213,9.00906],[76.88735,9.00876],[76.88833,9.00728],[76.89339,9.00835],[76.8931,9.00425],[76.89661,9.00141],[76.89675,8.99919],[76.89052,8.9951],[76.88667,8.99334],[76.88469,8.99069],[76.88149,8.98952],[76.88104,8.98364],[76.88186,8.98115],[76.88167,8.97514],[76.88604,8.97432],[76.88747,8.97033],[76.89501,8.96826],[76.90172,8.96982],[76.90456,8.96491],[76.90749,8.96414],[76.90997,8.96536],[76.91299,8.96421],[76.92003,8.96811],[76.92583,8.967],[76.93413,8.96776],[76.93701,8.96875],[76.94382,8.96924],[76.95038,8.96747],[76.95865,8.96949],[76.96131,8.97162],[76.96278,8.97681],[76.96322,8.98218],[76.96103,8.98514],[76.96397,8.99097],[76.97171,8.9898],[76.9729,8.99207],[76.97357,8.99758],[76.97209,9.00101],[76.96616,9.00815],[76.96681,9.01027],[76.96421,9.01317],[76.96637,9.01926],[76.96443,9.02339],[76.95819,9.03002],[76.96213,9.03066],[76.96385,9.03403],[76.95938,9.03833],[76.95582,9.04309],[76.95174,9.04083],[76.94853,9.04345],[76.95099,9.04603],[76.94706,9.05108],[76.94533,9.05094],[76.94411,9.05463],[76.94646,9.05945],[76.94851,9.06089],[76.95802,9.05858],[76.96422,9.05562],[76.96905,9.05851],[76.97175,9.05629],[76.9811,9.05732],[76.98434,9.05844],[76.98973,9.062],[76.99363,9.06728],[76.99566,9.07242],[76.99759,9.07238],[77.0005,9.06951],[77.00394,9.07038],[77.00754,9.06964],[77.01026,9.07217],[77.01433,9.07298],[77.0135,9.07706],[77.01931,9.09031],[77.02136,9.0922],[77.02017,9.10037],[77.02527,9.10649],[77.02532,9.11594],[77.02327,9.12054],[77.0242,9.1243],[77.02699,9.12712],[77.03222,9.12488],[77.0448,9.12207],[77.04668,9.12319],[77.04041,9.12396],[77.03212,9.127],[77.02869,9.1292],[77.02651,9.12811],[77.01819,9.13091],[77.01637,9.13644],[77.01329,9.13713],[77.00949,9.14032],[77.00466,9.1376],[76.99793,9.14016],[76.99415,9.13986],[76.99184,9.14121],[76.98855,9.1455],[76.98317,9.1466],[76.97924,9.14893],[76.97165,9.15009],[76.96722,9.15218],[76.965,9.15171],[76.95957,9.15356],[76.94488,9.16353],[76.93947,9.16898],[76.93543,9.17007],[76.93033,9.17379],[76.92818,9.1688],[76.92756,9.16355]]]},"properties":{"level":"block","code":"pathanapuram","district":"KLM","lgd_code":6007}},{"type":"Feature","geometry":{"type":"Polygon","coordinates":[[[76.60335,9.13024],[76.60282,9.12522],[76.60092,9.12218],[76.6022,9.11705],[76.59906,9.11177],[76.59938,9.1047],[76.60198,9.10261],[76.60102,9.10091],[76.6009,9.0954],[76.5981,9.0901],[76.59635,9.08863],[76.59659,9.08281],[76.59445,9.08145],[76.59014,9.08104],[76.58807,9.07753],[76.58508,9.07576],[76.58126,9.07049],[76.57715,9.0693],[76.57695,9.066],[76.58553,9.06711],[76.58822,9.06508],[76.58698,9.06338],[76.58621,9.05712],[76.58934,9.0573],[76.59515,9.05506],[76.6004,9.05407],[76.59891,9.04998],[76.60107,9.04378],[76.60982,9.04226],[76.61406,9.03952],[76.61438,9.0319],[76.61133,9.02675],[76.60801,9.02604],[76.60456,9.02232],[76.60393,9.01891],[76.603,9.01607],[76.60521,9.01233],[76.60342,9.00962],[76.6055,9.0062],[76.60615,8.99854],[76.61208,9.00009],[76.61668,8.99888],[76.62115,9.00002],[76.62218,9.00138],[76.62823,9.0045],[76.6315,9.00524],[76.63461,9.00819],[76.63281,9.01387],[76.63639,9.01508],[76.63983,9.01804],[76.644,9.01492],[76.64653,9.01552],[76.64617,9.0245],[76.6488,9.02764],[76.65179,9.02663],[76.658,9.02636],[76.66109,9.02844],[76.6622,9.02583],[76.66477,9.02476],[76.66714,9.02639],[76.67449,9.02846],[76.67592,9.02658],[76.67812,9.02759],[76.67836,9.03548],[76.67769,9.04161],[76.68019,9.04294],[76.68464,9.04354],[76.68704,9.04919],[76.68988,9.05189],[76.68937,9.05802],[76.68566,9.05834],[76.68693,9.06194],[76.69228,9.06192],[76.70196,9.0637],[76.70577,9.05778],[76.71324,9.05905],[76.71605,9.06507],[76.71799,9.06574],[76.72376,9.06482],[76.72395,9.06703],[76.71859,9.07302],[76.71622,9.07763],[76.71188,9.08203],[76.71226,9.08431],[76.71056,9.08686],[76.7047,9.08687],[76.69994,9.08933],[76.6932,9.08978],[76.69023,9.09156],[76.68618,9.08869],[76.68446,9.08556],[76.68387,9.08091],[76.67867,9.08173],[76.67867,9.07806],[76.67423,9.07906],[76.67172,9.0824],[76.67599,9.08708],[76.67711,9.09017],[76.67447,9.10092],[76.6747,9.10546],[76.67222,9.11375],[76.66974,9.11668],[76.66583,9.11592],[76.66453,9.11417],[76.66088,9.11594],[76.65949,9.11477],[76.65407,9.11454],[76.65141,9.11691],[76.64774,9.11751],[76.64455,9.12232],[76.63969,9.12252],[76.63423,9.11987],[76.63347,9.12343],[76.63628,9.12858],[76.6355,9.13307],[76.6363,9.13618],[76.63529,9.14084],[76.63279,9.13814],[76.62639,9.13721],[76.62323,9.13854],[76.62021,9.13534],[76.61458,9.13101],[76.60335,9.13024]]]},"properties":{"level":"block","code":"sasthamcottah","district":"KLM","lgd_code":6008}},{"type":"Feature","geometry":{"type":"Polygon","coordinates":[[[76.71226,9.08431],[76.71188,9.08203],[76.71622,9.07763],[76.71859,9.07302],[76.72395,9.06703],[76.72376,9.06482],[76.71799,9.06574],[76.71605,9.06507],[76.71324,9.05905],[76.70577,9.05778],[76.70196,9.0637],[76.69228,9.06192],[76.68693,9.06194],[76.68566,9.05834],[76.68937,9.05802],[76.68988,9.05189],[76.68704,9.04919],[76.68464,9.04354],[76.68019,9.04294],[76.67769,9.04161],[76.67836,9.03548],[76.67812,9.02759],[76.67592,9.02658],[76.67528,9.01712],[76.67178,9.00947],[76.6725,9.00627],[76.67554,9.00265],[76.67892,9.00097],[76.68403,9],[76.69061,9.00216],[76.69696,9.00263],[76.70264,9.00448],[76.70823,9.00735],[76.71941,9.00539],[76.727,9.00571],[76.72845,9.00901],[76.71988,9.01451],[76.70877,9.01888],[76.70843,9.02328],[76.70601,9.02844],[76.70909,9.02763],[76.7149,9.02775],[76.71844,9.02647],[76.72912,9.02706],[76.73056,9.02496],[76.73862,9.0228],[76.74595,9.02334],[76.75346,9.02042],[76.75886,9.01972],[76.76287,9.01599],[76.77284,9.01298],[76.77587,9.0109],[76.78528,9.01351],[76.78467,9.0096],[76.78626,9.00731],[76.79339,9.00867],[76.79921,9.00416],[76.78947,9.00081],[76.7869,8.99365],[76.78706,8.991],[76.78896,8.98629],[76.79148,8.98469],[76.79004,8.98036],[76.79006,8.97632],[76.78297,8.97373],[76.7729,8.97232],[76.77228,8.96936],[76.76321,8.96651],[76.76746,8.96146],[76.76983,8.95525],[76.76955,8.94877],[76.77514,8.94538],[76.78116,8.94386],[76.78266,8.94807],[76.7867,8.94778],[76.78776,8.95037],[76.79105,8.9515],[76.79491,8.94961],[76.79723,8.94666],[76.80266,8.94533],[76.80546,8.94308],[76.80566,8.93856],[76.80776,8.93718],[76.81197,8.9369],[76.81503,8.93225],[76.82115,8.93118],[76.82681,8.92685],[76.83235,8.92373],[76.83412,8.91918],[76.83401,8.9146],[76.84003,8.9079],[76.84505,8.90786],[76.85571,8.90182],[76.856,8.90475],[76.85479,8.90823],[76.85845,8.91313],[76.85638,8.91689],[76.85477,8.92301],[76.85571,8.92638],[76.85508,8.93086],[76.8498,8.94141],[76.84752,8.94833],[76.84554,8.94898],[76.84383,8.95324],[76.84343,8.95787],[76.84438,8.96024],[76.84775,8.96401],[76.85403,8.96822],[76.85683,8.96779],[76.85991,8.97081],[76.8591,8.97441],[76.86012,8.97751],[76.86483,8.97578],[76.87538,8.97624],[76.88167,8.97514],[76.88186,8.98115],[76.88104,8.98364],[76.88149,8.98952],[76.88469,8.99069],[76.88667,8.99334],[76.89052,8.9951],[76.89675,8.99919],[76.89661,9.00141],[76.8931,9.00425],[76.89339,9.00835],[76.88833,9.00728],[76.88735,9.00876],[76.88213,9.00906],[76.88022,9.01142],[76.87621,9.01209],[76.87601,9.01521],[76.87119,9.01835],[76.86163,9.01752],[76.85596,9.01608],[76.85321,9.01707],[76.84828,9.01732],[76.84142,9.01981],[76.83894,9.01933],[76.83621,9.02203],[76.83046,9.02463],[76.82501,9.02192],[76.82104,9.02172],[76.8173,9.01895],[76.80993,9.01714],[76.80136,9.01745],[76.79962,9.02128],[76.79716,9.0231],[76.80157,9.02603],[76.80553,9.0271],[76.804,9.02918],[76.80475,9.03683],[76.79993,9.03855],[76.80275,9.0434],[76.806,9.04393],[76.80372,9.05061],[76.80385,9.05487],[76.7993,9.05554],[76.7962,9.05715],[76.79405,9.05609],[76.79059,9.05938],[76.78714,9.06041],[76.78533,9.06229],[76.78204,9.06066],[76.77866,9.0648],[76.77477,9.06689],[76.77213,9.06669],[76.77319,9.07072],[76.77094,9.07454],[76.76534,9.07488],[76.75934,9.07212],[76.75774,9.07396],[76.7581,9.07704],[76.75777,9.08589],[76.75595,9.08825],[76.75312,9.08824],[76.75029,9.08375],[76.74498,9.08009],[76.73932,9.08508],[76.73573,9.08597],[76.7334,9.08109],[76.72659,9.08403],[76.72204,9.08179],[76.71531,9.08492],[76.71226,9.08431]]]},"properties":{"level":"block","code":"vettikkavala","district":"KLM","lgd_code":6009}},{"type":"Feature","geometry":{"type":"Polygon","coordinates":[[[75.46198,11.93015],[75.46058,11.93146],[75.45918,11.93619],[75.45403,11.93518],[75.44539,11.93977],[75.44125,11.94377],[75.44002,11.94682],[75.43264,11.9452],[75.42961,11.94247],[75.42848,11.93818],[75.42896,11.93448],[75.43122,11.93242],[75.42868,11.92455],[75.42694,11.9233],[75.42547,11.92093],[75.42558,11.91516],[75.42776,11.91442],[75.43489,11.91451],[75.43744,11.9118],[75.43609,11.9062],[75.43035,11.90151],[75.42742,11.89654],[75.4186,11.90036],[75.41531,11.89903],[75.40845,11.89239],[75.40346,11.8965],[75.39947,11.89785],[75.39297,11.89674],[75.3881,11.89433],[75.38759,11.89191],[75.3903,11.88999],[75.38598,11.88698],[75.38915,11.88449],[75.38991,11.88218],[75.38529,11.8825],[75.3849,11.87733],[75.39009,11.87601],[75.38939,11.87418],[75.39494,11.87146],[75.39818,11.87186],[75.4021,11.87098],[75.40613,11.86781],[75.40489,11.86362],[75.403,11.86451],[75.39976,11.86266],[75.39623,11.86252],[75.39637,11.85602],[75.39227,11.85065],[75.39355,11.84616],[75.39609,11.84211],[75.39921,11.83942],[75.40245,11.83857],[75.40587,11.83552],[75.40777,11.8317],[75.41678,11.82183],[75.41773,11.81965],[75.42265,11.81359],[75.42557,11.81086],[75.43028,11.8083],[75.43239,11.80889],[75.43605,11.80536],[75.44502,11.79115],[75.44626,11.78837],[75.44644,11.78237],[75.45051,11.78121],[75.45518,11.77782],[75.45932,11.77822],[75.4615,11.78207],[75.46183,11.79005],[75.46049,11.79378],[75.46107,11.80093],[75.45869,11.80597],[75.46188,11.81209],[75.46466,11.819],[75.46845,11.82096],[75.47575,11.81731],[75.47791,11.81772],[75.47833,11.82461],[75.47308,11.83048],[75.47483,11.83387],[75.47469,11.83798],[75.47791,11.84232],[75.48085,11.85271],[75.48074,11.8564],[75.48307,11.86169],[75.48049,11.8655],[75.48135,11.86811],[75.48397,11.86797],[75.48722,11.86557],[75.4918,11.86403],[75.49609,11.86451],[75.49717,11.86653],[75.5,11.86681],[75.50401,11.86471],[75.5054,11.86817],[75.50414,11.87325],[75.50607,11.87594],[75.50565,11.88209],[75.50484,11.88355],[75.50903,11.88577],[75.50826,11.88991],[75.50924,11.89357],[75.51793,11.90049],[75.51971,11.89961],[75.52096,11.89492],[75.5277,11.89493],[75.52969,11.89323],[75.53218,11.89442],[75.53366,11.89196],[75.53644,11.89128],[75.54037,11.88862],[75.54681,11.88927],[75.54613,11.88706],[75.54276,11.8854],[75.54497,11.88133],[75.5484,11.88064],[75.55292,11.88175],[75.55469,11.88431],[75.55709,11.88512],[75.56114,11.88332],[75.56114,11.87924],[75.56428,11.88027],[75.56926,11.87789],[75.57095,11.88093],[75.57647,11.87869],[75.57828,11.88198],[75.58289,11.88418],[75.58302,11.88542],[75.58925,11.88934],[75.59075,11.89174],[75.59123,11.89862],[75.59288,11.90306],[75.59847,11.90358],[75.59962,11.90497],[75.59737,11.90702],[75.59402,11.90594],[75.58801,11.90851],[75.5854,11.91238],[75.59078,11.91621],[75.58835,11.91887],[75.58618,11.92721],[75.58607,11.93182],[75.58181,11.93109],[75.5795,11.92925],[75.57686,11.93279],[75.57327,11.93237],[75.56791,11.93325],[75.56716,11.93558],[75.56112,11.93986],[75.56121,11.94475],[75.55211,11.94638],[75.54923,11.94782],[75.54501,11.94377],[75.54324,11.94429],[75.53739,11.93811],[75.53517,11.94002],[75.52577,11.93677],[75.52251,11.93398],[75.51583,11.93423],[75.51212,11.93103],[75.50516,11.93182],[75.49867,11.92972],[75.50137,11.92681],[75.50064,11.92066],[75.49884,11.91477],[75.49271,11.91418],[75.48823,11.9093],[75.47989,11.90498],[75.47628,11.90718],[75.47563,11.91233],[75.4713,11.91906],[75.46835,11.92083],[75.46765,11.92282],[75.46453,11.92498],[75.46198,11.93015]]]},"properties":{"level":"block","code":"edakkad","district":"KNR","lgd_code":5984}},{"type":"Feature","geometry":{"type":"Polygon","coordinates":[[[75.46198,11.93015],[75.46807,11.93094],[75.47267,11.93685],[75.47739,11.93854],[75.47802,11.94072],[75.48591,11.9381],[75.49461,11.93865],[75.49513,11.945],[75.49667,11.94689],[75.49677,11.9527],[75.50456,11.95801],[75.5007,11.96945],[75.50136,11.97156],[75.50455,11.97432],[75.50689,11.9803],[75.50865,11.98137],[75.50579,11.98933],[75.51225,11.99213],[75.51529,11.99173],[75.51918,11.98958],[75.52309,11.98956],[75.52978,11.98544],[75.53172,11.98512],[75.53523,11.98848],[75.53827,11.99295],[75.54397,11.99496],[75.54772,11.99219],[75.54788,11.98016],[75.54331,11.97525],[75.54774,11.96812],[75.55119,11.96865],[75.55323,11.97178],[75.55402,11.97551],[75.55667,11.97835],[75.5638,11.98428],[75.56878,11.98267],[75.57313,11.9783],[75.57525,11.97725],[75.57778,11.97871],[75.57901,11.98288],[75.58055,11.98342],[75.58973,11.98168],[75.59552,11.98335],[75.59814,11.98194],[75.59758,11.97676],[75.60121,11.97426],[75.60553,11.97563],[75.60877,11.9799],[75.61162,11.98129],[75.61855,11.98116],[75.62162,11.98309],[75.62189,11.98539],[75.61882,11.99064],[75.62063,11.99201],[75.62434,11.99104],[75.62709,11.98849],[75.63172,11.98747],[75.63629,11.9882],[75.63833,11.99038],[75.64133,11.98806],[75.64334,11.98924],[75.64314,11.99231],[75.64566,11.99764],[75.65151,12.00335],[75.65518,12.00581],[75.65584,12.01122],[75.65752,12.01717],[75.65919,12.02005],[75.66436,12.02005],[75.66576,12.01821],[75.66844,12.01889],[75.67081,12.0239],[75.67654,12.02791],[75.67803,12.03422],[75.68075,12.03572],[75.68154,12.03809],[75.67791,12.03933],[75.67848,12.04268],[75.68234,12.04383],[75.68526,12.04708],[75.694,12.05288],[75.70235,12.05737],[75.70794,12.06241],[75.71011,12.06554],[75.71285,12.06712],[75.71473,12.07044],[75.71496,12.07619],[75.71769,12.08229],[75.71742,12.0863],[75.71503,12.08758],[75.71307,12.09048],[75.71083,12.09042],[75.70667,12.09229],[75.70211,12.0926],[75.70293,12.09593],[75.7026,12.09996],[75.70357,12.10521],[75.70326,12.10817],[75.69769,12.10902],[75.69554,12.11049],[75.68718,12.11025],[75.68293,12.10371],[75.67988,12.10273],[75.67687,12.0982],[75.66742,12.09731],[75.66061,12.10012],[75.65851,12.10365],[75.653,12.10791],[75.65276,12.11005],[75.64895,12.10961],[75.64897,12.11229],[75.64665,12.1153],[75.64778,12.11761],[75.64753,12.12192],[75.64408,12.12552],[75.64444,12.13307],[75.64205,12.1398],[75.63797,12.13948],[75.6392,12.14336],[75.63605,12.14917],[75.63133,12.14878],[75.62645,12.15295],[75.62085,12.15615],[75.61496,12.1556],[75.61093,12.15262],[75.60691,12.15549],[75.60197,12.15364],[75.59555,12.15416],[75.59353,12.14804],[75.59192,12.14848],[75.59046,12.15249],[75.58732,12.15536],[75.5843,12.15656],[75.58331,12.15912],[75.5772,12.15775],[75.57538,12.16281],[75.56938,12.17307],[75.56599,12.17368],[75.56566,12.16872],[75.56456,12.16709],[75.56523,12.16085],[75.56723,12.15897],[75.56603,12.15691],[75.56557,12.14976],[75.55964,12.1505],[75.55722,12.14965],[75.55575,12.14308],[75.54662,12.14329],[75.54424,12.13942],[75.54408,12.13643],[75.5401,12.13173],[75.53809,12.13135],[75.53902,12.12606],[75.54514,12.12345],[75.54621,12.12201],[75.55458,12.12493],[75.55758,12.12146],[75.55634,12.11825],[75.55252,12.113],[75.54485,12.11041],[75.5383,12.11043],[75.53403,12.10909],[75.53436,12.10541],[75.53214,12.09995],[75.52929,12.10234],[75.5204,12.10224],[75.51905,12.10458],[75.50811,12.10713],[75.5051,12.10882],[75.50192,12.10749],[75.49929,12.10929],[75.49698,12.10736],[75.49665,12.10338],[75.49413,12.10217],[75.49188,12.10445],[75.4905,12.1088],[75.48499,12.10827],[75.48613,12.10298],[75.48527,12.10146],[75.48539,12.09641],[75.48937,12.08476],[75.48921,12.08008],[75.48664,12.07577],[75.48633,12.07202],[75.4848,12.06929],[75.48123,12.06845],[75.48031,12.06665],[75.49197,12.05744],[75.5,12.05783],[75.50435,12.05251],[75.50744,12.05267],[75.50457,12.04697],[75.50119,12.04375],[75.50335,12.03962],[75.49928,12.03939],[75.49357,12.04096],[75.49072,12.0407],[75.48871,12.03699],[75.48539,12.03608],[75.48249,12.03163],[75.47807,12.02648],[75.47765,12.0224],[75.47162,12.02052],[75.46917,12.01594],[75.47009,12.01084],[75.47194,12.0065],[75.4693,12.00316],[75.4661,12.00339],[75.4602,12.00719],[75.45696,12.01171],[75.45089,12.01479],[75.44577,12.01987],[75.44226,12.02052],[75.43745,12.01706],[75.43381,12.0181],[75.42695,12.0172],[75.42187,12.0186],[75.41657,12.01808],[75.41326,12.01639],[75.40973,12.01316],[75.40524,12.00579],[75.40317,11.99875],[75.40253,11.99108],[75.40463,11.98632],[75.40498,11.98112],[75.40329,11.97682],[75.39956,11.97348],[75.39513,11.97193],[75.38452,11.97049],[75.37681,11.96145],[75.37697,11.95947],[75.38134,11.95855],[75.38388,11.96002],[75.38933,11.96614],[75.39373,11.97024],[75.39652,11.97135],[75.3985,11.96619],[75.39607,11.96205],[75.39676,11.95941],[75.40152,11.95822],[75.40076,11.94922],[75.40326,11.94735],[75.41016,11.94807],[75.41367,11.94644],[75.41427,11.93965],[75.41112,11.93244],[75.41048,11.92657],[75.4131,11.91975],[75.41649,11.92213],[75.41932,11.92598],[75.42331,11.92614],[75.42694,11.9233],[75.42868,11.92455],[75.43122,11.93242],[75.42896,11.93448],[75.42848,11.93818],[75.42961,11.94247],[75.43264,11.9452],[75.44002,11.94682],[75.44125,11.94377],[75.44539,11.93977],[75.45403,11.93518],[75.45918,11.93619],[75.46058,11.93146],[75.46198,11.93015]]]},"properties":{"level":"block","code":"irikkur","district":"KNR","lgd_code":5985}},{"type":"Feature","geometry":{"type":"Polygon","coordinates":[[[75.59962,11.90497],[75.60278,11.90874],[75.60258,11.91535],[75.60461,11.92043],[75.60932,11.92105],[75.6144,11.9203],[75.61985,11.92271],[75.6308,11.92039],[75.63113,11.91824],[75.62861,11.91598],[75.6258,11.91179],[75.6266,11.90671],[75.63509,11.90611],[75.63958,11.90633],[75.64293,11.90777],[75.64995,11.90776],[75.65495,11.90911],[75.66825,11.90871],[75.67195,11.90926],[75.67389,11.91427],[75.67314,11.91683],[75.67738,11.91609],[75.68023,11.91753],[75.67935,11.92465],[75.68277,11.92704],[75.68412,11.93461],[75.68258,11.93587],[75.68353,11.93973],[75.68238,11.94305],[75.67992,11.94418],[75.68126,11.94828],[75.68501,11.95179],[75.68728,11.95607],[75.68678,11.95758],[75.68995,11.96135],[75.69004,11.96488],[75.69453,11.96627],[75.6959,11.97046],[75.69851,11.97212],[75.70147,11.96886],[75.70466,11.96842],[75.71121,11.96261],[75.7295,11.95668],[75.73798,11.95642],[75.73939,11.95445],[75.73699,11.95251],[75.73148,11.95123],[75.73134,11.94915],[75.73463,11.9471],[75.73544,11.94162],[75.7353,11.93734],[75.73928,11.93125],[75.74247,11.93155],[75.74543,11.93363],[75.75009,11.9319],[75.75067,11.93031],[75.75546,11.93311],[75.76087,11.93285],[75.76316,11.93422],[75.764,11.93739],[75.76684,11.93661],[75.76802,11.93119],[75.76998,11.92818],[75.77263,11.92695],[75.77654,11.92701],[75.77615,11.92252],[75.77765,11.91637],[75.78044,11.91399],[75.78478,11.91728],[75.78734,11.92138],[75.79271,11.92168],[75.79624,11.92432],[75.79996,11.92542],[75.80389,11.92847],[75.80247,11.93172],[75.80338,11.93353],[75.80818,11.93286],[75.81078,11.93052],[75.81531,11.93034],[75.81771,11.93146],[75.82112,11.92737],[75.82326,11.92713],[75.82962,11.93042],[75.83271,11.92908],[75.83731,11.92929],[75.84081,11.93039],[75.84416,11.92801],[75.84692,11.92947],[75.85172,11.92965],[75.85433,11.9285],[75.85922,11.92824],[75.86187,11.92938],[75.86591,11.92853],[75.86695,11.93024],[75.87404,11.93227],[75.88215,11.93834],[75.88399,11.94171],[75.88406,11.94522],[75.88218,11.94752],[75.88179,11.95053],[75.88068,11.94971],[75.87254,11.9533],[75.87045,11.95258],[75.86784,11.95616],[75.86448,11.95829],[75.85886,11.95942],[75.85367,11.9659],[75.853,11.97159],[75.85011,11.97474],[75.84955,11.97804],[75.84691,11.98201],[75.84119,11.9811],[75.83971,11.98267],[75.83704,11.98093],[75.83003,11.984],[75.82726,11.98768],[75.82563,11.99187],[75.82501,11.99657],[75.82523,12.00273],[75.82038,12.00252],[75.82325,12.0098],[75.82248,12.01393],[75.81547,12.02051],[75.80993,12.02271],[75.81102,12.02857],[75.80107,12.03701],[75.8011,12.04272],[75.79865,12.04973],[75.79417,12.0546],[75.79881,12.05707],[75.79867,12.06327],[75.80088,12.0679],[75.80261,12.07382],[75.80383,12.07516],[75.80255,12.07856],[75.79824,12.07942],[75.79592,12.08169],[75.79019,12.08199],[75.78542,12.08426],[75.7812,12.08267],[75.77331,12.0827],[75.76763,12.08448],[75.76282,12.08325],[75.75207,12.08387],[75.74913,12.08191],[75.74745,12.07843],[75.74405,12.08002],[75.73611,12.07895],[75.72774,12.07255],[75.72537,12.07318],[75.72002,12.07086],[75.71473,12.07044],[75.71285,12.06712],[75.71011,12.06554],[75.70794,12.06241],[75.70235,12.05737],[75.694,12.05288],[75.68526,12.04708],[75.68234,12.04383],[75.67848,12.04268],[75.67791,12.03933],[75.68154,12.03809],[75.68075,12.03572],[75.67803,12.03422],[75.67654,12.02791],[75.67081,12.0239],[75.66844,12.01889],[75.66576,12.01821],[75.66436,12.02005],[75.65919,12.02005],[75.65752,12.01717],[75.65584,12.01122],[75.65518,12.00581],[75.65151,12.00335],[75.64566,11.99764],[75.64314,11.99231],[75.64334,11.98924],[75.64133,11.98806],[75.63833,11.99038],[75.63629,11.9882],[75.63172,11.98747],[75.62709,11.98849],[75.62434,11.99104],[75.62063,11.99201],[75.61882,11.99064],[75.62189,11.98539],[75.62162,11.98309],[75.61855,11.98116],[75.61162,11.98129],[75.60877,11.9799],[75.60553,11.97563],[75.60121,11.97426],[75.59758,11.97676],[75.59814,11.98194],[75.59552,11.98335],[75.58973,11.98168],[75.58055,11.98342],[75.57901,11.98288],[75.57778,11.97871],[75.57525,11.97725],[75.57313,11.9783],[75.56878,11.98267],[75.5638,11.98428],[75.55667,11.97835],[75.55402,11.97551],[75.55323,11.97178],[75.55119,11.96865],[75.54774,11.96812],[75.54331,11.97525],[75.54788,11.98016],[75.54772,11.99219],[75.54397,11.99496],[75.53827,11.99295],[75.53523,11.98848],[75.53172,11.98512],[75.52978,11.98544],[75.52309,11.98956],[75.51918,11.98958],[75.51529,11.99173],[75.51225,11.99213],[75.50579,11.98933],[75.50865,11.98137],[75.50689,11.9803],[75.50455,11.97432],[75.50136,11.97156],[75.5007,11.96945],[75.50456,11.95801],[75.49677,11.9527],[75.49667,11.94689],[75.49513,11.945],[75.49461,11.93865],[75.48591,11.9381],[75.47802,11.94072],[75.47739,11.93854],[75.47267,11.93685],[75.46807,11.93094],[75.46198,11.93015],[75.46453,11.92498],[75.46765,11.92282],[75.46835,11.92083],[75.4713,11.91906],[75.47563,11.91233],[75.47628,11.90718],[75.47989,11.90498],[75.48823,11.9093],[75.49271,11.91418],[75.49884,11.91477],[75.50064,11.92066],[75.50137,11.92681],[75.49867,11.92972],[75.50516,11.93182],[75.51212,11.93103],[75.51583,11.93423],[75.52251,11.93398],[75.52577,11.93677],[75.53517,11.94002],[75.53739,11.93811],[75.54324,11.94429],[75.54501,11.94377],[75.54923,11.94782],[75.55211,11.94638],[75.56121,11.94475],[75.56112,11.93986],[75.56716,11.93558],[75.56791,11.93325],[75.57327,11.93237],[75.57686,11.93279],[75.5795,11.92925],[75.58181,11.93109],[75.58607,11.93182],[75.58618,11.92721],[75.58835,11.91887],[75.59078,11.91621],[75.5854,11.91238],[75.58801,11.90851],[75.59402,11.90594],[75.59737,11.90702],[75.59962,11.90497]]]},"properties":{"level":"block","code":"iritty","district":"KNR","lgd_code":5986}},{"type":"Feature","geometry":{"type":"Polygon","coordinates":[[[75.38452,11.97049],[75.38113,11.975],[75.37814,11.97425],[75.37734,11.97671],[75.37774,11.9848],[75.37156,11.98631],[75.36335,11.98385],[75.36146,11.98453],[75.35249,11.97998],[75.34721,11.97621],[75.3401,11.97537],[75.33696,11.97608],[75.33877,11.9806],[75.33821,11.98401],[75.34014,11.98699],[75.33591,11.99046],[75.33312,11.9905],[75.3326,11.99347],[75.33523,12.00003],[75.33521,12.00464],[75.33351,12.00855],[75.32847,12.0075],[75.32978,12.01303],[75.32193,12.01166],[75.31852,12.01341],[75.31493,12.01323],[75.31216,12.01484],[75.31035,12.01344],[75.31139,12.00965],[75.30832,12.01006],[75.30504,12.01452],[75.29851,12.01587],[75.3027,12.02424],[75.30064,12.0305],[75.30613,12.03436],[75.31197,12.03613],[75.31307,12.04425],[75.31631,12.04671],[75.31979,12.04741],[75.3239,12.04451],[75.32702,12.03833],[75.3299,12.03716],[75.33297,12.04081],[75.33434,12.0464],[75.33562,12.04826],[75.33938,12.04848],[75.3397,12.05195],[75.33583,12.06103],[75.33293,12.06137],[75.32774,12.05835],[75.31934,12.05756],[75.31558,12.05386],[75.31078,12.05967],[75.30856,12.06056],[75.30526,12.0578],[75.30197,12.06334],[75.29724,12.06688],[75.28797,12.07164],[75.27889,12.07474],[75.27063,12.07569],[75.27076,12.07937],[75.27332,12.08483],[75.27163,12.08769],[75.27408,12.09523],[75.27138,12.0985],[75.2727,12.1046],[75.26869,12.10545],[75.26382,12.10799],[75.26354,12.11085],[75.26068,12.11293],[75.25325,12.11304],[75.25156,12.11023],[75.24389,12.10753],[75.24143,12.10464],[75.24298,12.09741],[75.24098,12.09554],[75.24435,12.08854],[75.24302,12.08409],[75.2455,12.08135],[75.24976,12.07493],[75.24801,12.07069],[75.24883,12.06811],[75.24708,12.06116],[75.24278,12.06235],[75.23455,12.06048],[75.23457,12.05786],[75.23136,12.05736],[75.23068,12.05464],[75.22685,12.0527],[75.22826,12.04916],[75.22749,12.04628],[75.22482,12.04337],[75.2251,12.0366],[75.22683,12.03333],[75.23081,12.03207],[75.23143,12.02967],[75.22862,12.02729],[75.22516,12.02609],[75.22838,12.02224],[75.23371,12.02065],[75.24275,12.01454],[75.25033,12.00819],[75.25431,12.00329],[75.25501,12.00123],[75.26719,11.98555],[75.27296,11.97775],[75.2885,11.95538],[75.29485,11.94571],[75.29585,11.94767],[75.30085,11.947],[75.30618,11.94889],[75.30949,11.94912],[75.31951,11.94369],[75.33306,11.93946],[75.34322,11.93376],[75.34926,11.93232],[75.35239,11.93331],[75.35952,11.93048],[75.36511,11.9358],[75.36716,11.94205],[75.36937,11.94483],[75.37589,11.93899],[75.37821,11.93472],[75.37763,11.93177],[75.3796,11.92686],[75.38622,11.92918],[75.38857,11.92735],[75.38869,11.92466],[75.38599,11.91848],[75.39148,11.91704],[75.39563,11.91903],[75.39888,11.91743],[75.4077,11.91679],[75.4131,11.91975],[75.41048,11.92657],[75.41112,11.93244],[75.41427,11.93965],[75.41367,11.94644],[75.41016,11.94807],[75.40326,11.94735],[75.40076,11.94922],[75.40152,11.95822],[75.39676,11.95941],[75.39607,11.96205],[75.3985,11.96619],[75.39652,11.97135],[75.39373,11.97024],[75.38933,11.96614],[75.38388,11.96002],[75.38134,11.95855],[75.37697,11.95947],[75.37681,11.96145],[75.38452,11.97049]]]},"properties":{"level":"block","code":"kalliasseri","district":"KNR","lgd_code":6695}},{"type":"Feature","geometry":{"type":"Polygon","coordinates":[[[75.42694,11.9233],[75.42331,11.92614],[75.41932,11.92598],[75.41649,11.92213],[75.4131,11.91975],[75.4077,11.91679],[75.39888,11.91743],[75.39563,11.91903],[75.39148,11.91704],[75.38599,11.91848],[75.38869,11.92466],[75.38857,11.92735],[75.38622,11.92918],[75.3796,11.92686],[75.37763,11.93177],[75.37821,11.93472],[75.37589,11.93899],[75.36937,11.94483],[75.36716,11.94205],[75.36511,11.9358],[75.35952,11.93048],[75.35239,11.93331],[75.34926,11.93232],[75.34322,11.93376],[75.33306,11.93946],[75.31951,11.94369],[75.30949,11.94912],[75.30618,11.94889],[75.30085,11.947],[75.2994,11.94468],[75.29527,11.94198],[75.29829,11.94098],[75.30667,11.93277],[75.31395,11.92196],[75.32056,11.91309],[75.31842,11.90903],[75.31945,11.9046],[75.32317,11.90382],[75.33425,11.89256],[75.3441,11.88098],[75.353,11.86898],[75.35296,11.86654],[75.35491,11.86411],[75.35568,11.8598],[75.35871,11.8588],[75.36525,11.85283],[75.36817,11.85217],[75.37085,11.8531],[75.37419,11.85804],[75.38129,11.85853],[75.38558,11.85555],[75.39355,11.84616],[75.39227,11.85065],[75.39637,11.85602],[75.39623,11.86252],[75.39976,11.86266],[75.403,11.86451],[75.40489,11.86362],[75.40613,11.86781],[75.4021,11.87098],[75.39818,11.87186],[75.39494,11.87146],[75.38939,11.87418],[75.39009,11.87601],[75.3849,11.87733],[75.38529,11.8825],[75.38991,11.88218],[75.38915,11.88449],[75.38598,11.88698],[75.3903,11.88999],[75.38759,11.89191],[75.3881,11.89433],[75.39297,11.89674],[75.39947,11.89785],[75.40346,11.8965],[75.40845,11.89239],[75.41531,11.89903],[75.4186,11.90036],[75.42742,11.89654],[75.43035,11.90151],[75.43609,11.9062],[75.43744,11.9118],[75.43489,11.91451],[75.42776,11.91442],[75.42558,11.91516],[75.42547,11.92093],[75.42694,11.9233]]]},"properties":{"level":"block","code":"kannur","district":"KNR","lgd_code":5987}},{"type":"Feature","geometry":{"type":"Polygon","coordinates":[[[75.54497,11.88133],[75.54719,11.87432],[75.54182,11.87172],[75.5358,11.87161],[75.53569,11.86932],[75.53334,11.86689],[75.52954,11.86874],[75.52915,11.87068],[75.52479,11.87161],[75.52738,11.8606],[75.52685,11.85781],[75.5272,11.85105],[75.52021,11.85732],[75.51536,11.85768],[75.50695,11.85247],[75.50665,11.85018],[75.50361,11.85012],[75.50115,11.84835],[75.49458,11.84802],[75.48931,11.84598],[75.48952,11.83881],[75.48769,11.83339],[75.49071,11.83173],[75.49344,11.83225],[75.49415,11.83531],[75.49631,11.83724],[75.49905,11.83676],[75.50044,11.83476],[75.50374,11.82639],[75.50215,11.81985],[75.50001,11.81767],[75.50322,11.81442],[75.51212,11.81961],[75.51359,11.82281],[75.51872,11.823],[75.5247,11.82495],[75.52919,11.82843],[75.53134,11.83336],[75.52895,11.8359],[75.53289,11.83942],[75.54084,11.83806],[75.54411,11.8361],[75.5481,11.8361],[75.54996,11.83295],[75.55176,11.83306],[75.55565,11.82545],[75.5578,11.825],[75.55918,11.82217],[75.55689,11.8174],[75.55824,11.81368],[75.55596,11.81058],[75.55228,11.80975],[75.54979,11.80711],[75.54926,11.80472],[75.54655,11.8014],[75.54554,11.79843],[75.5469,11.79421],[75.54694,11.78985],[75.54281,11.78393],[75.5454,11.77895],[75.5514,11.77954],[75.5533,11.78138],[75.55815,11.78028],[75.56124,11.78097],[75.56809,11.78608],[75.56879,11.79084],[75.57396,11.7977],[75.57917,11.79926],[75.57822,11.80105],[75.58483,11.80502],[75.5897,11.80507],[75.59336,11.80738],[75.60048,11.80783],[75.60054,11.80583],[75.59227,11.79913],[75.58464,11.79506],[75.58518,11.79395],[75.58113,11.78828],[75.58043,11.78617],[75.58278,11.78209],[75.58375,11.77805],[75.58005,11.76767],[75.57649,11.76503],[75.57115,11.76388],[75.57237,11.75803],[75.57245,11.7513],[75.574,11.74866],[75.57735,11.75133],[75.58475,11.75317],[75.58741,11.75131],[75.58797,11.74613],[75.5904,11.74213],[75.59277,11.74035],[75.59525,11.74074],[75.60039,11.73619],[75.60032,11.73304],[75.60214,11.73036],[75.60209,11.72541],[75.6031,11.71883],[75.60619,11.7226],[75.60859,11.72112],[75.61099,11.72524],[75.61494,11.72437],[75.61961,11.72782],[75.62421,11.7322],[75.62262,11.73328],[75.6273,11.73812],[75.62969,11.73877],[75.63387,11.73634],[75.63799,11.73854],[75.64131,11.74418],[75.64347,11.74337],[75.64851,11.74678],[75.64837,11.74982],[75.65441,11.75381],[75.6581,11.75536],[75.6592,11.75826],[75.66507,11.75828],[75.66698,11.76083],[75.66705,11.76597],[75.6692,11.77043],[75.67478,11.77172],[75.67841,11.77357],[75.68297,11.77459],[75.68571,11.77884],[75.68774,11.7851],[75.68807,11.78882],[75.69141,11.79432],[75.69149,11.79954],[75.69913,11.79944],[75.707,11.79722],[75.71315,11.79611],[75.71657,11.79684],[75.72301,11.79241],[75.72679,11.78741],[75.72892,11.78048],[75.73729,11.78141],[75.73723,11.78676],[75.7418,11.78604],[75.74593,11.78664],[75.75008,11.78209],[75.75763,11.78913],[75.7534,11.79231],[75.75319,11.79491],[75.74703,11.79796],[75.74988,11.8039],[75.75733,11.80587],[75.76293,11.80395],[75.76909,11.80366],[75.77205,11.80275],[75.77608,11.80368],[75.78079,11.80713],[75.78153,11.81023],[75.7878,11.81276],[75.7954,11.81664],[75.79881,11.81937],[75.79774,11.82735],[75.79301,11.83078],[75.78994,11.83588],[75.78994,11.84055],[75.79349,11.84585],[75.80075,11.84533],[75.80517,11.8483],[75.80515,11.85079],[75.79261,11.84845],[75.79248,11.85077],[75.78845,11.85118],[75.786,11.84712],[75.78555,11.84429],[75.78129,11.84146],[75.77834,11.84174],[75.77701,11.84003],[75.77344,11.841],[75.77083,11.84524],[75.76783,11.84444],[75.76478,11.84808],[75.76064,11.85021],[75.75607,11.84961],[75.75391,11.84766],[75.75,11.85468],[75.74649,11.85365],[75.74016,11.84857],[75.73969,11.85162],[75.73618,11.85041],[75.73204,11.85097],[75.73295,11.84735],[75.73764,11.84642],[75.739,11.84421],[75.73865,11.83993],[75.73706,11.83922],[75.73418,11.84329],[75.72741,11.84656],[75.72038,11.85164],[75.71305,11.849],[75.70851,11.84513],[75.70682,11.84805],[75.70621,11.85261],[75.70179,11.85217],[75.70168,11.84963],[75.69946,11.84769],[75.6973,11.85228],[75.69456,11.85222],[75.68904,11.84495],[75.68552,11.84301],[75.67942,11.84159],[75.67527,11.8441],[75.67383,11.84285],[75.66873,11.84271],[75.6704,11.83968],[75.67411,11.83914],[75.67427,11.83595],[75.6715,11.83434],[75.66854,11.83906],[75.66596,11.83824],[75.66129,11.84486],[75.66117,11.84774],[75.66706,11.85383],[75.67202,11.85344],[75.67558,11.85407],[75.67527,11.8585],[75.67237,11.86189],[75.66831,11.86197],[75.66467,11.86564],[75.66523,11.86711],[75.66245,11.87051],[75.66471,11.8741],[75.6683,11.87744],[75.66193,11.87929],[75.65309,11.87809],[75.64754,11.87994],[75.64619,11.87765],[75.64351,11.87833],[75.64147,11.88082],[75.63719,11.8762],[75.63543,11.8726],[75.63585,11.86984],[75.63372,11.86455],[75.63133,11.86539],[75.62811,11.86295],[75.62566,11.86742],[75.62191,11.86887],[75.62071,11.87153],[75.61585,11.87084],[75.61357,11.87428],[75.61124,11.87379],[75.60947,11.87567],[75.61111,11.88009],[75.60153,11.87863],[75.59555,11.87817],[75.59487,11.87947],[75.58612,11.87914],[75.58289,11.88418],[75.57828,11.88198],[75.57647,11.87869],[75.57095,11.88093],[75.56926,11.87789],[75.56428,11.88027],[75.56114,11.87924],[75.56114,11.88332],[75.55709,11.88512],[75.55469,11.88431],[75.55292,11.88175],[75.5484,11.88064],[75.54497,11.88133]]]},"properties":{"level":"block","code":"kuthuparamba","district":"KNR","lgd_code":5988}},{"type":"Feature","geometry":{"type":"Polygon","coordinates":[[[75.54655,11.8014],[75.54478,11.80126],[75.54118,11.79404],[75.5373,11.79264],[75.53206,11.79461],[75.53117,11.79975],[75.52632,11.79772],[75.52278,11.79778],[75.51974,11.79584],[75.51414,11.79758],[75.51242,11.79299],[75.51395,11.78974],[75.51719,11.78982],[75.51991,11.78381],[75.52157,11.77538],[75.5188,11.77234],[75.51681,11.76809],[75.51778,11.76546],[75.5155,11.76165],[75.52034,11.75843],[75.52455,11.75986],[75.52774,11.75825],[75.53123,11.75871],[75.53843,11.76254],[75.54136,11.75937],[75.5441,11.7591],[75.54643,11.75598],[75.54472,11.75353],[75.54449,11.74646],[75.54298,11.74294],[75.54207,11.73719],[75.54475,11.73267],[75.5515,11.7304],[75.55562,11.7276],[75.55534,11.72147],[75.55399,11.71936],[75.55135,11.71905],[75.54744,11.71552],[75.54404,11.71751],[75.54092,11.71562],[75.5376,11.71607],[75.53653,11.7193],[75.5325,11.71621],[75.5359,11.71126],[75.53235,11.71011],[75.531,11.70826],[75.53361,11.70727],[75.53567,11.70967],[75.5393,11.70901],[75.54423,11.70454],[75.54999,11.7047],[75.55318,11.70338],[75.55684,11.69837],[75.56356,11.6943],[75.56402,11.69261],[75.56163,11.68347],[75.56274,11.68052],[75.56618,11.67997],[75.56999,11.67508],[75.57913,11.67981],[75.58373,11.68475],[75.58724,11.68726],[75.59398,11.6884],[75.60032,11.6867],[75.60389,11.69048],[75.60112,11.69628],[75.59487,11.69643],[75.59236,11.69974],[75.59386,11.70528],[75.59319,11.70844],[75.5875,11.71133],[75.58899,11.71328],[75.59322,11.71254],[75.59615,11.71374],[75.59944,11.71922],[75.6031,11.71883],[75.60209,11.72541],[75.60214,11.73036],[75.60032,11.73304],[75.60039,11.73619],[75.59525,11.74074],[75.59277,11.74035],[75.5904,11.74213],[75.58797,11.74613],[75.58741,11.75131],[75.58475,11.75317],[75.57735,11.75133],[75.574,11.74866],[75.57245,11.7513],[75.57237,11.75803],[75.57115,11.76388],[75.57649,11.76503],[75.58005,11.76767],[75.58375,11.77805],[75.58278,11.78209],[75.58043,11.78617],[75.58113,11.78828],[75.58518,11.79395],[75.58464,11.79506],[75.59227,11.79913],[75.60054,11.80583],[75.60048,11.80783],[75.59336,11.80738],[75.5897,11.80507],[75.58483,11.80502],[75.57822,11.80105],[75.57917,11.79926],[75.57396,11.7977],[75.56879,11.79084],[75.56809,11.78608],[75.56124,11.78097],[75.55815,11.78028],[75.5533,11.78138],[75.5514,11.77954],[75.5454,11.77895],[75.54281,11.78393],[75.54694,11.78985],[75.5469,11.79421],[75.54554,11.79843],[75.54655,11.8014]]]},"properties":{"level":"block","code":"panoor","district":"KNR","lgd_code":6694}},{"type":"Feature","geometry":{"type":"Polygon","coordinates":[[[75.18393,12.04421],[75.20114,12.00914],[75.20106,12.00609],[75.20401,12.00533],[75.20739,12.00756],[75.20948,12.01142],[75.21718,12.01058],[75.22105,12.01235],[75.22289,12.01513],[75.22276,12.01895],[75.22838,12.02224],[75.22516,12.02609],[75.22862,12.02729],[75.23143,12.02967],[75.23081,12.03207],[75.22683,12.03333],[75.2251,12.0366],[75.22482,12.04337],[75.22749,12.04628],[75.22826,12.04916],[75.22685,12.0527],[75.23068,12.05464],[75.23136,12.05736],[75.23457,12.05786],[75.23455,12.06048],[75.24278,12.06235],[75.24708,12.06116],[75.24883,12.06811],[75.24801,12.07069],[75.24976,12.07493],[75.2455,12.08135],[75.24302,12.08409],[75.24435,12.08854],[75.24098,12.09554],[75.24298,12.09741],[75.24143,12.10464],[75.24389,12.10753],[75.25156,12.11023],[75.25325,12.11304],[75.26068,12.11293],[75.26354,12.11085],[75.26382,12.10799],[75.26869,12.10545],[75.2727,12.1046],[75.27138,12.0985],[75.27408,12.09523],[75.27163,12.08769],[75.27332,12.08483],[75.27076,12.07937],[75.27063,12.07569],[75.27889,12.07474],[75.28797,12.07164],[75.29724,12.06688],[75.29979,12.07271],[75.30755,12.08086],[75.31271,12.08769],[75.31539,12.09275],[75.31113,12.09416],[75.31085,12.09781],[75.31215,12.1003],[75.3111,12.10528],[75.31165,12.10844],[75.31722,12.11128],[75.32824,12.11255],[75.33065,12.10577],[75.33997,12.10602],[75.34299,12.10758],[75.35096,12.1157],[75.3576,12.11776],[75.35836,12.12132],[75.36107,12.12458],[75.36556,12.12342],[75.369,12.12733],[75.37232,12.12807],[75.37412,12.13048],[75.38016,12.12961],[75.38128,12.13375],[75.3835,12.13386],[75.38468,12.13097],[75.38928,12.13297],[75.39732,12.13507],[75.40164,12.13787],[75.40288,12.14217],[75.39927,12.14796],[75.39351,12.15041],[75.3947,12.15321],[75.39241,12.15754],[75.39209,12.16223],[75.38772,12.16438],[75.39209,12.17552],[75.3955,12.17782],[75.39223,12.17943],[75.38787,12.17828],[75.3849,12.17483],[75.37922,12.17735],[75.37782,12.18046],[75.37698,12.18539],[75.3751,12.18819],[75.37414,12.19454],[75.3729,12.19689],[75.37328,12.20549],[75.37516,12.21228],[75.37498,12.22164],[75.37339,12.22556],[75.37609,12.22733],[75.37493,12.23027],[75.36973,12.23495],[75.37058,12.24175],[75.37554,12.24509],[75.37631,12.24942],[75.37865,12.24802],[75.38397,12.25016],[75.38582,12.24612],[75.39211,12.24456],[75.39786,12.24397],[75.40311,12.2402],[75.40731,12.23925],[75.41027,12.23686],[75.41267,12.23692],[75.41291,12.23064],[75.41435,12.22943],[75.41397,12.22609],[75.41587,12.22438],[75.41999,12.22626],[75.41886,12.23343],[75.4227,12.23601],[75.4239,12.23799],[75.43278,12.23953],[75.43833,12.23828],[75.44175,12.24229],[75.44697,12.24622],[75.44771,12.24943],[75.44601,12.25227],[75.44807,12.25639],[75.45076,12.25834],[75.45109,12.26522],[75.4554,12.26887],[75.46187,12.26803],[75.46581,12.26963],[75.46875,12.27262],[75.47071,12.27621],[75.47393,12.27894],[75.47809,12.27966],[75.48132,12.2791],[75.48283,12.27728],[75.48625,12.27704],[75.48887,12.27485],[75.49272,12.2748],[75.49136,12.27816],[75.48692,12.28428],[75.4858,12.28942],[75.48066,12.29253],[75.4794,12.29541],[75.47547,12.29596],[75.46954,12.30066],[75.46374,12.2983],[75.4599,12.29404],[75.44573,12.29763],[75.43968,12.29682],[75.43635,12.29845],[75.43255,12.2975],[75.43009,12.29901],[75.42688,12.29589],[75.42365,12.2955],[75.4211,12.29171],[75.41444,12.29058],[75.41373,12.29236],[75.40951,12.29516],[75.40704,12.29382],[75.40054,12.29326],[75.39635,12.29374],[75.39286,12.29022],[75.39112,12.29127],[75.39075,12.29671],[75.38694,12.29479],[75.38622,12.29055],[75.38734,12.28832],[75.38382,12.28758],[75.38203,12.28536],[75.37638,12.28334],[75.37179,12.28568],[75.3687,12.28429],[75.36532,12.27781],[75.36062,12.2765],[75.35654,12.27367],[75.34775,12.26916],[75.34546,12.26724],[75.3395,12.26917],[75.33273,12.26658],[75.3292,12.26651],[75.3272,12.27081],[75.32327,12.27305],[75.31906,12.27428],[75.31311,12.27096],[75.30784,12.27165],[75.30468,12.27039],[75.30016,12.27014],[75.29013,12.26258],[75.28829,12.26224],[75.28712,12.26051],[75.2872,12.25611],[75.28866,12.25364],[75.28907,12.2494],[75.29149,12.24352],[75.29061,12.23592],[75.28721,12.23306],[75.28183,12.23313],[75.27585,12.23174],[75.27229,12.22785],[75.26475,12.22482],[75.26114,12.22527],[75.25821,12.22207],[75.2534,12.2205],[75.25064,12.22071],[75.24598,12.21885],[75.23712,12.21815],[75.23158,12.22202],[75.22791,12.21751],[75.22314,12.21366],[75.22069,12.20793],[75.21535,12.20264],[75.20859,12.19909],[75.2039,12.19135],[75.19992,12.19102],[75.19409,12.19328],[75.18776,12.19273],[75.1821,12.19077],[75.17983,12.1915],[75.17282,12.18898],[75.17426,12.18739],[75.17969,12.17651],[75.18153,12.1757],[75.18767,12.16602],[75.18849,12.16074],[75.19042,12.15571],[75.19122,12.14721],[75.19342,12.14665],[75.194,12.14304],[75.19647,12.14038],[75.19519,12.13622],[75.19081,12.13463],[75.18823,12.12996],[75.19158,12.12422],[75.19382,12.11899],[75.19104,12.11488],[75.19214,12.10624],[75.19311,12.104],[75.18947,12.09643],[75.1862,12.09551],[75.18201,12.09596],[75.17914,12.09956],[75.17462,12.10037],[75.17146,12.09562],[75.16808,12.09187],[75.16933,12.08787],[75.17396,12.08178],[75.17552,12.07828],[75.17646,12.06981],[75.18173,12.0584],[75.18432,12.04928],[75.18588,12.04553],[75.18393,12.04421]]]},"properties":{"level":"block","code":"payyannur","district":"KNR","lgd_code":5989}},{"type":"Feature","geometry":{"type":"Polygon","coordinates":[[[75.58289,11.88418],[75.58612,11.87914],[75.59487,11.87947],[75.59555,11.87817],[75.60153,11.87863],[75.61111,11.88009],[75.60947,11.87567],[75.61124,11.87379],[75.61357,11.87428],[75.61585,11.87084],[75.62071,11.87153],[75.62191,11.86887],[75.62566,11.86742],[75.62811,11.86295],[75.63133,11.86539],[75.63372,11.86455],[75.63585,11.86984],[75.63543,11.8726],[75.63719,11.8762],[75.64147,11.88082],[75.64351,11.87833],[75.64619,11.87765],[75.64754,11.87994],[75.65309,11.87809],[75.66193,11.87929],[75.6683,11.87744],[75.66471,11.8741],[75.66245,11.87051],[75.66523,11.86711],[75.66467,11.86564],[75.66831,11.86197],[75.67237,11.86189],[75.67527,11.8585],[75.67558,11.85407],[75.67202,11.85344],[75.66706,11.85383],[75.66117,11.84774],[75.66129,11.84486],[75.66596,11.83824],[75.66854,11.83906],[75.6715,11.83434],[75.67427,11.83595],[75.67411,11.83914],[75.6704,11.83968],[75.66873,11.84271],[75.67383,11.84285],[75.67527,11.8441],[75.67942,11.84159],[75.68552,11.84301],[75.68904,11.84495],[75.69456,11.85222],[75.6973,11.85228],[75.69946,11.84769],[75.70168,11.84963],[75.70179,11.85217],[75.70621,11.85261],[75.70682,11.84805],[75.70851,11.84513],[75.71305,11.849],[75.72038,11.85164],[75.72741,11.84656],[75.73418,11.84329],[75.73706,11.83922],[75.73865,11.83993],[75.739,11.84421],[75.73764,11.84642],[75.73295,11.84735],[75.73204,11.85097],[75.73618,11.85041],[75.73969,11.85162],[75.74016,11.84857],[75.74649,11.85365],[75.75,11.85468],[75.75391,11.84766],[75.75607,11.84961],[75.76064,11.85021],[75.76478,11.84808],[75.76783,11.84444],[75.77083,11.84524],[75.77344,11.841],[75.77701,11.84003],[75.77834,11.84174],[75.78129,11.84146],[75.78555,11.84429],[75.786,11.84712],[75.78845,11.85118],[75.79248,11.85077],[75.79261,11.84845],[75.80515,11.85079],[75.80543,11.85387],[75.80936,11.85682],[75.81746,11.8563],[75.82005,11.85865],[75.82294,11.85349],[75.82868,11.85124],[75.83753,11.85326],[75.84096,11.85597],[75.84696,11.85487],[75.84761,11.85143],[75.85398,11.84779],[75.85712,11.84787],[75.86128,11.84991],[75.86521,11.84906],[75.87195,11.84891],[75.8795,11.84704],[75.88203,11.84505],[75.88783,11.84671],[75.89167,11.84258],[75.89778,11.8426],[75.91214,11.84559],[75.91776,11.8446],[75.92535,11.84818],[75.92932,11.85781],[75.93135,11.85812],[75.92807,11.86268],[75.9256,11.86361],[75.91936,11.87068],[75.91753,11.87045],[75.91427,11.87313],[75.91263,11.87614],[75.91578,11.87736],[75.91909,11.8802],[75.92496,11.88016],[75.92979,11.88199],[75.93374,11.88635],[75.93635,11.89069],[75.93647,11.90056],[75.93925,11.90325],[75.93733,11.9048],[75.93535,11.91184],[75.93153,11.91396],[75.93028,11.91662],[75.92532,11.91957],[75.92624,11.92459],[75.92519,11.92941],[75.92664,11.93327],[75.93063,11.93524],[75.93602,11.93452],[75.9396,11.941],[75.93078,11.9397],[75.92719,11.94337],[75.91747,11.94488],[75.91399,11.94692],[75.9086,11.94717],[75.90556,11.94614],[75.89703,11.94547],[75.89307,11.94889],[75.88602,11.95203],[75.88179,11.95053],[75.88218,11.94752],[75.88406,11.94522],[75.88399,11.94171],[75.88215,11.93834],[75.87404,11.93227],[75.86695,11.93024],[75.86591,11.92853],[75.86187,11.92938],[75.85922,11.92824],[75.85433,11.9285],[75.85172,11.92965],[75.84692,11.92947],[75.84416,11.92801],[75.84081,11.93039],[75.83731,11.92929],[75.83271,11.92908],[75.82962,11.93042],[75.82326,11.92713],[75.82112,11.92737],[75.81771,11.93146],[75.81531,11.93034],[75.81078,11.93052],[75.80818,11.93286],[75.80338,11.93353],[75.80247,11.93172],[75.80389,11.92847],[75.79996,11.92542],[75.79624,11.92432],[75.79271,11.92168],[75.78734,11.92138],[75.78478,11.91728],[75.78044,11.91399],[75.77765,11.91637],[75.77615,11.92252],[75.77654,11.92701],[75.77263,11.92695],[75.76998,11.92818],[75.76802,11.93119],[75.76684,11.93661],[75.764,11.93739],[75.76316,11.93422],[75.76087,11.93285],[75.75546,11.93311],[75.75067,11.93031],[75.75009,11.9319],[75.74543,11.93363],[75.74247,11.93155],[75.73928,11.93125],[75.7353,11.93734],[75.73544,11.94162],[75.73463,11.9471],[75.73134,11.94915],[75.73148,11.95123],[75.73699,11.95251],[75.73939,11.95445],[75.73798,11.95642],[75.7295,11.95668],[75.71121,11.96261],[75.70466,11.96842],[75.70147,11.96886],[75.69851,11.97212],[75.6959,11.97046],[75.69453,11.96627],[75.69004,11.96488],[75.68995,11.96135],[75.68678,11.95758],[75.68728,11.95607],[75.68501,11.95179],[75.68126,11.94828],[75.67992,11.94418],[75.68238,11.94305],[75.68353,11.93973],[75.68258,11.93587],[75.68412,11.93461],[75.68277,11.92704],[75.67935,11.92465],[75.68023,11.91753],[75.67738,11.91609],[75.67314,11.91683],[75.67389,11.91427],[75.67195,11.90926],[75.66825,11.90871],[75.65495,11.90911],[75.64995,11.90776],[75.64293,11.90777],[75.63958,11.90633],[75.63509,11.90611],[75.6266,11.90671],[75.6258,11.91179],[75.62861,11.91598],[75.63113,11.91824],[75.6308,11.92039],[75.61985,11.92271],[75.6144,11.9203],[75.60932,11.92105],[75.60461,11.92043],[75.60258,11.91535],[75.60278,11.90874],[75.59962,11.90497],[75.59847,11.90358],[75.59288,11.90306],[75.59123,11.89862],[75.59075,11.89174],[75.58925,11.88934],[75.58302,11.88542],[75.58289,11.88418]]]},"properties":{"level":"block","code":"peravoor","district":"KNR","lgd_code":5990}},{"type":"Feature","geometry":{"type":"Polygon","coordinates":[[[75.56599,12.17368],[75.56159,12.17505],[75.55935,12.1775],[75.55851,12.18207],[75.55497,12.18318],[75.55262,12.19285],[75.54859,12.19263],[75.54657,12.19766],[75.54085,12.19824],[75.54071,12.20203],[75.53649,12.20128],[75.53194,12.20567],[75.53512,12.20624],[75.53731,12.20868],[75.53927,12.21343],[75.53969,12.21681],[75.53714,12.21918],[75.53172,12.22164],[75.5268,12.22602],[75.52833,12.23159],[75.52486,12.23482],[75.52111,12.23613],[75.52067,12.24023],[75.51861,12.24351],[75.51945,12.24676],[75.51159,12.25306],[75.51151,12.26028],[75.50583,12.26458],[75.50654,12.26749],[75.5054,12.27074],[75.49815,12.27244],[75.49387,12.27279],[75.49272,12.2748],[75.48887,12.27485],[75.48625,12.27704],[75.48283,12.27728],[75.48132,12.2791],[75.47809,12.27966],[75.47393,12.27894],[75.47071,12.27621],[75.46875,12.27262],[75.46581,12.26963],[75.46187,12.26803],[75.4554,12.26887],[75.45109,12.26522],[75.45076,12.25834],[75.44807,12.25639],[75.44601,12.25227],[75.44771,12.24943],[75.44697,12.24622],[75.44175,12.24229],[75.43833,12.23828],[75.43278,12.23953],[75.4239,12.23799],[75.4227,12.23601],[75.41886,12.23343],[75.41999,12.22626],[75.41587,12.22438],[75.41397,12.22609],[75.41435,12.22943],[75.41291,12.23064],[75.41267,12.23692],[75.41027,12.23686],[75.40731,12.23925],[75.40311,12.2402],[75.39786,12.24397],[75.39211,12.24456],[75.38582,12.24612],[75.38397,12.25016],[75.37865,12.24802],[75.37631,12.24942],[75.37554,12.24509],[75.37058,12.24175],[75.36973,12.23495],[75.37493,12.23027],[75.37609,12.22733],[75.37339,12.22556],[75.37498,12.22164],[75.37516,12.21228],[75.37328,12.20549],[75.3729,12.19689],[75.37414,12.19454],[75.3751,12.18819],[75.37698,12.18539],[75.37782,12.18046],[75.37922,12.17735],[75.3849,12.17483],[75.38787,12.17828],[75.39223,12.17943],[75.3955,12.17782],[75.39209,12.17552],[75.38772,12.16438],[75.39209,12.16223],[75.39241,12.15754],[75.3947,12.15321],[75.39351,12.15041],[75.39927,12.14796],[75.40288,12.14217],[75.40164,12.13787],[75.39732,12.13507],[75.38928,12.13297],[75.38468,12.13097],[75.3835,12.13386],[75.38128,12.13375],[75.38016,12.12961],[75.37412,12.13048],[75.37232,12.12807],[75.369,12.12733],[75.36556,12.12342],[75.36107,12.12458],[75.35836,12.12132],[75.3576,12.11776],[75.35096,12.1157],[75.34299,12.10758],[75.33997,12.10602],[75.33065,12.10577],[75.32824,12.11255],[75.31722,12.11128],[75.31165,12.10844],[75.3111,12.10528],[75.31215,12.1003],[75.31085,12.09781],[75.31113,12.09416],[75.31539,12.09275],[75.31271,12.08769],[75.30755,12.08086],[75.29979,12.07271],[75.29724,12.06688],[75.30197,12.06334],[75.30526,12.0578],[75.30856,12.06056],[75.31078,12.05967],[75.31558,12.05386],[75.31934,12.05756],[75.32774,12.05835],[75.33293,12.06137],[75.33583,12.06103],[75.3397,12.05195],[75.33938,12.04848],[75.33562,12.04826],[75.33434,12.0464],[75.33297,12.04081],[75.3299,12.03716],[75.32702,12.03833],[75.3239,12.04451],[75.31979,12.04741],[75.31631,12.04671],[75.31307,12.04425],[75.31197,12.03613],[75.30613,12.03436],[75.30064,12.0305],[75.3027,12.02424],[75.29851,12.01587],[75.30504,12.01452],[75.30832,12.01006],[75.31139,12.00965],[75.31035,12.01344],[75.31216,12.01484],[75.31493,12.01323],[75.31852,12.01341],[75.32193,12.01166],[75.32978,12.01303],[75.32847,12.0075],[75.33351,12.00855],[75.33521,12.00464],[75.33523,12.00003],[75.3326,11.99347],[75.33312,11.9905],[75.33591,11.99046],[75.34014,11.98699],[75.33821,11.98401],[75.33877,11.9806],[75.33696,11.97608],[75.3401,11.97537],[75.34721,11.97621],[75.35249,11.97998],[75.36146,11.98453],[75.36335,11.98385],[75.37156,11.98631],[75.37774,11.9848],[75.37734,11.97671],[75.37814,11.97425],[75.38113,11.975],[75.38452,11.97049],[75.39513,11.97193],[75.39956,11.97348],[75.40329,11.97682],[75.40498,11.98112],[75.40463,11.98632],[75.40253,11.99108],[75.40317,11.99875],[75.40524,12.00579],[75.40973,12.01316],[75.41326,12.01639],[75.41657,12.01808],[75.42187,12.0186],[75.42695,12.0172],[75.43381,12.0181],[75.43745,12.01706],[75.44226,12.02052],[75.44577,12.01987],[75.45089,12.01479],[75.45696,12.01171],[75.4602,12.00719],[75.4661,12.00339],[75.4693,12.00316],[75.47194,12.0065],[75.47009,12.01084],[75.46917,12.01594],[75.47162,12.02052],[75.47765,12.0224],[75.47807,12.02648],[75.48249,12.03163],[75.48539,12.03608],[75.48871,12.03699],[75.49072,12.0407],[75.49357,12.04096],[75.49928,12.03939],[75.50335,12.03962],[75.50119,12.04375],[75.50457,12.04697],[75.50744,12.05267],[75.50435,12.05251],[75.5,12.05783],[75.49197,12.05744],[75.48031,12.06665],[75.48123,12.06845],[75.4848,12.06929],[75.48633,12.07202],[75.48664,12.07577],[75.48921,12.08008],[75.48937,12.08476],[75.48539,12.09641],[75.48527,12.10146],[75.48613,12.10298],[75.48499,12.10827],[75.4905,12.1088],[75.49188,12.10445],[75.49413,12.10217],[75.49665,12.10338],[75.49698,12.10736],[75.49929,12.10929],[75.50192,12.10749],[75.5051,12.10882],[75.50811,12.10713],[75.51905,12.10458],[75.5204,12.10224],[75.52929,12.10234],[75.53214,12.09995],[75.53436,12.10541],[75.53403,12.10909],[75.5383,12.11043],[75.54485,12.11041],[75.55252,12.113],[75.55634,12.11825],[75.55758,12.12146],[75.55458,12.12493],[75.54621,12.12201],[75.54514,12.12345],[75.53902,12.12606],[75.53809,12.13135],[75.5401,12.13173],[75.54408,12.13643],[75.54424,12.13942],[75.54662,12.14329],[75.55575,12.14308],[75.55722,12.14965],[75.55964,12.1505],[75.56557,12.14976],[75.56603,12.15691],[75.56723,12.15897],[75.56523,12.16085],[75.56456,12.16709],[75.56566,12.16872],[75.56599,12.17368]]]},"properties":{"level":"block","code":"taliparamba","district":"KNR","lgd_code":5991}},{"type":"Feature","geometry":{"type":"Polygon","coordinates":[[[75.45518,11.77782],[75.45421,11.77748],[75.45281,11.77138],[75.46061,11.76549],[75.46553,11.76718],[75.46819,11.76458],[75.47274,11.76434],[75.47564,11.75937],[75.48322,11.75309],[75.48527,11.74808],[75.49025,11.74487],[75.49552,11.73888],[75.49749,11.73498],[75.5044,11.73478],[75.50778,11.73232],[75.51468,11.72184],[75.51665,11.71743],[75.51966,11.71571],[75.52439,11.70803],[75.52764,11.70642],[75.53004,11.70357],[75.53361,11.70727],[75.531,11.70826],[75.53079,11.71362],[75.52708,11.72057],[75.52669,11.72663],[75.52827,11.7295],[75.53082,11.73096],[75.53172,11.73466],[75.54011,11.73491],[75.54169,11.74295],[75.54026,11.74847],[75.53566,11.75122],[75.53388,11.75693],[75.53123,11.75871],[75.52774,11.75825],[75.52455,11.75986],[75.52034,11.75843],[75.5155,11.76165],[75.51778,11.76546],[75.51681,11.76809],[75.5188,11.77234],[75.52157,11.77538],[75.51991,11.78381],[75.51719,11.78982],[75.51395,11.78974],[75.51242,11.79299],[75.51414,11.79758],[75.51974,11.79584],[75.52278,11.79778],[75.52632,11.79772],[75.53117,11.79975],[75.53206,11.79461],[75.5373,11.79264],[75.54118,11.79404],[75.54478,11.80126],[75.54655,11.8014],[75.54926,11.80472],[75.54979,11.80711],[75.55228,11.80975],[75.55596,11.81058],[75.55824,11.81368],[75.55689,11.8174],[75.55918,11.82217],[75.5578,11.825],[75.55565,11.82545],[75.55176,11.83306],[75.54996,11.83295],[75.5481,11.8361],[75.54411,11.8361],[75.54084,11.83806],[75.53289,11.83942],[75.52895,11.8359],[75.53134,11.83336],[75.52919,11.82843],[75.5247,11.82495],[75.51872,11.823],[75.51359,11.82281],[75.51212,11.81961],[75.50322,11.81442],[75.50001,11.81767],[75.50215,11.81985],[75.50374,11.82639],[75.50044,11.83476],[75.49905,11.83676],[75.49631,11.83724],[75.49415,11.83531],[75.49344,11.83225],[75.49071,11.83173],[75.48769,11.83339],[75.48952,11.83881],[75.48931,11.84598],[75.49458,11.84802],[75.50115,11.84835],[75.50361,11.85012],[75.50665,11.85018],[75.50695,11.85247],[75.51536,11.85768],[75.52021,11.85732],[75.5272,11.85105],[75.52685,11.85781],[75.52738,11.8606],[75.52479,11.87161],[75.52915,11.87068],[75.52954,11.86874],[75.53334,11.86689],[75.53569,11.86932],[75.5358,11.87161],[75.54182,11.87172],[75.54719,11.87432],[75.54497,11.88133],[75.54276,11.8854],[75.54613,11.88706],[75.54681,11.88927],[75.54037,11.88862],[75.53644,11.89128],[75.53366,11.89196],[75.53218,11.89442],[75.52969,11.89323],[75.5277,11.89493],[75.52096,11.89492],[75.51971,11.89961],[75.51793,11.90049],[75.50924,11.89357],[75.50826,11.88991],[75.50903,11.88577],[75.50484,11.88355],[75.50565,11.88209],[75.50607,11.87594],[75.50414,11.87325],[75.5054,11.86817],[75.50401,11.86471],[75.5,11.86681],[75.49717,11.86653],[75.49609,11.86451],[75.4918,11.86403],[75.48722,11.86557],[75.48397,11.86797],[75.48135,11.86811],[75.48049,11.8655],[75.48307,11.86169],[75.48074,11.8564],[75.48085,11.85271],[75.47791,11.84232],[75.47469,11.83798],[75.47483,11.83387],[75.47308,11.83048],[75.47833,11.82461],[75.47791,11.81772],[75.47575,11.81731],[75.46845,11.82096],[75.46466,11.819],[75.46188,11.81209],[75.45869,11.80597],[75.46107,11.80093],[75.46049,11.79378],[75.46183,11.79005],[75.4615,11.78207],[75.45932,11.77822],[75.45518,11.77782]]]},"properties":{"level":"block","code":"thalassery","district":"KNR","lgd_code":5992}},{"type":"Feature","geometry":{"type":"Polygon","coordinates":[[[75.08542,12.47241],[75.08164,12.46998],[75.07668,12.46391],[75.06902,12.45737],[75.06582,12.45699],[75.06002,12.4544],[75.04996,12.46096],[75.04702,12.46337],[75.04276,12.46249],[75.04067,12.46664],[75.03399,12.46798],[75.03001,12.46991],[75.02892,12.47544],[75.0271,12.47877],[75.02258,12.47134],[75.01852,12.4674],[75.01956,12.46365],[75.02522,12.4632],[75.0253,12.46029],[75.03032,12.4554],[75.02955,12.4522],[75.02464,12.44543],[75.0197,12.44341],[75.01292,12.44729],[75.01082,12.44453],[75.00736,12.44524],[75.0028,12.44331],[75.00879,12.43115],[75.01303,12.42149],[75.01444,12.41704],[75.01876,12.41628],[75.02382,12.40679],[75.0274,12.39874],[75.03232,12.39028],[75.03606,12.39168],[75.03944,12.38992],[75.04359,12.38256],[75.04752,12.37208],[75.0587,12.34997],[75.0609,12.34297],[75.06371,12.33744],[75.06592,12.33106],[75.06874,12.32658],[75.07282,12.31749],[75.07395,12.31326],[75.07811,12.30507],[75.08775,12.28281],[75.09212,12.27205],[75.09319,12.26777],[75.09654,12.26177],[75.09869,12.25426],[75.10188,12.24555],[75.10438,12.24007],[75.10826,12.24214],[75.10851,12.24401],[75.11164,12.24521],[75.11415,12.24895],[75.11381,12.25264],[75.11976,12.25392],[75.11921,12.26009],[75.12188,12.26955],[75.12009,12.27176],[75.11319,12.27576],[75.11254,12.27933],[75.11717,12.28445],[75.11274,12.28873],[75.11271,12.29304],[75.11881,12.29332],[75.12222,12.30041],[75.13017,12.29009],[75.13209,12.28676],[75.13918,12.27975],[75.1455,12.28061],[75.1494,12.27604],[75.15679,12.27677],[75.1645,12.28113],[75.16822,12.28101],[75.17101,12.28208],[75.17216,12.28444],[75.1759,12.28589],[75.17553,12.29207],[75.17641,12.29578],[75.18068,12.29747],[75.18403,12.29602],[75.18928,12.29882],[75.19305,12.30541],[75.19721,12.30938],[75.19772,12.31767],[75.1944,12.32052],[75.1918,12.3211],[75.19064,12.32383],[75.19208,12.32794],[75.19047,12.32993],[75.18717,12.33125],[75.19038,12.33482],[75.18937,12.33816],[75.18352,12.33916],[75.18149,12.33653],[75.17192,12.33651],[75.16709,12.33954],[75.16212,12.34],[75.15578,12.34472],[75.1536,12.34884],[75.15152,12.34906],[75.14714,12.35231],[75.145,12.3515],[75.14488,12.35591],[75.14188,12.35884],[75.13646,12.359],[75.13263,12.35761],[75.13378,12.36359],[75.13572,12.36784],[75.13513,12.37378],[75.14008,12.3801],[75.1398,12.38301],[75.14453,12.38792],[75.14865,12.38998],[75.15894,12.39372],[75.1633,12.39366],[75.16592,12.38772],[75.1658,12.38512],[75.17107,12.38739],[75.17011,12.39051],[75.17162,12.40061],[75.16836,12.4018],[75.16572,12.40781],[75.17089,12.4126],[75.16994,12.41455],[75.17035,12.42531],[75.17138,12.42701],[75.16836,12.42855],[75.1649,12.42728],[75.16289,12.42311],[75.15907,12.42058],[75.15693,12.42129],[75.15641,12.4248],[75.15136,12.41914],[75.14758,12.41915],[75.14495,12.42317],[75.13965,12.42177],[75.13568,12.42472],[75.13003,12.42523],[75.12868,12.42709],[75.12948,12.43136],[75.12717,12.43333],[75.11651,12.4339],[75.11433,12.43978],[75.11227,12.44045],[75.10671,12.43942],[75.10272,12.44151],[75.09932,12.43973],[75.09203,12.43936],[75.09164,12.44202],[75.09297,12.44459],[75.09046,12.44616],[75.08627,12.44452],[75.08386,12.44782],[75.08651,12.45071],[75.08415,12.45348],[75.08162,12.45891],[75.08253,12.46038],[75.08666,12.45975],[75.08999,12.46283],[75.08909,12.46719],[75.08629,12.46852],[75.08542,12.47241]]]},"properties":{"level":"block","code":"kanhangad","district":"KSD","lgd_code":5993}},{"type":"Feature","geometry":{"type":"Polygon","coordinates":[[[75.17138,12.42701],[75.17369,12.42716],[75.17591,12.43081],[75.17879,12.42978],[75.1825,12.43489],[75.18566,12.43146],[75.18854,12.43285],[75.19283,12.43246],[75.19462,12.42715],[75.19803,12.42627],[75.20241,12.42886],[75.20616,12.42927],[75.20907,12.43411],[75.21457,12.43557],[75.21973,12.43507],[75.21985,12.43823],[75.22376,12.4396],[75.22376,12.44633],[75.22268,12.45176],[75.22342,12.45706],[75.22132,12.46401],[75.2249,12.46743],[75.2259,12.46957],[75.23094,12.471],[75.23508,12.46794],[75.23271,12.46458],[75.23525,12.46218],[75.24003,12.46431],[75.24273,12.46221],[75.2446,12.46649],[75.24731,12.46743],[75.24648,12.4605],[75.25,12.45976],[75.2528,12.45764],[75.26053,12.45678],[75.2605,12.46051],[75.25667,12.46181],[75.25844,12.4652],[75.26316,12.46428],[75.26453,12.46167],[75.2649,12.45718],[75.2726,12.45812],[75.27263,12.46208],[75.27575,12.4666],[75.27851,12.46856],[75.27939,12.47088],[75.29251,12.46878],[75.29371,12.47286],[75.29284,12.47473],[75.29634,12.4825],[75.30209,12.48901],[75.30374,12.49274],[75.30812,12.4958],[75.31503,12.49711],[75.31399,12.5032],[75.30701,12.50327],[75.30393,12.50474],[75.30474,12.50767],[75.30321,12.51426],[75.3041,12.52328],[75.30238,12.52408],[75.29652,12.52319],[75.29554,12.52525],[75.29135,12.52685],[75.28907,12.52619],[75.27994,12.52599],[75.27864,12.53146],[75.27396,12.5356],[75.27449,12.54022],[75.2723,12.54598],[75.27056,12.54834],[75.27216,12.55484],[75.27006,12.55845],[75.27191,12.56369],[75.27289,12.56897],[75.27855,12.5716],[75.28467,12.56957],[75.29054,12.58261],[75.294,12.58156],[75.29982,12.58119],[75.31173,12.5766],[75.31262,12.57393],[75.31625,12.57305],[75.31869,12.57749],[75.32643,12.58139],[75.328,12.5843],[75.32804,12.59098],[75.32701,12.59239],[75.32354,12.59093],[75.31418,12.59103],[75.31216,12.58972],[75.30711,12.59599],[75.30558,12.60106],[75.30189,12.60541],[75.29907,12.6059],[75.29541,12.60311],[75.29156,12.60195],[75.28958,12.6104],[75.28598,12.61121],[75.2817,12.61644],[75.27635,12.61851],[75.27039,12.61466],[75.26716,12.61466],[75.26513,12.61117],[75.266,12.60719],[75.2634,12.6032],[75.26126,12.59817],[75.25714,12.59674],[75.25448,12.59054],[75.25226,12.58946],[75.2497,12.58457],[75.24158,12.58003],[75.23867,12.58071],[75.2375,12.56976],[75.23015,12.56856],[75.22393,12.57036],[75.22032,12.5691],[75.21777,12.57636],[75.21262,12.57816],[75.21213,12.58182],[75.21016,12.58642],[75.2099,12.5903],[75.20803,12.59099],[75.20114,12.58773],[75.20173,12.59336],[75.20786,12.59573],[75.20998,12.60023],[75.20775,12.60269],[75.20674,12.60801],[75.20095,12.60961],[75.19877,12.61443],[75.20101,12.61957],[75.20281,12.62759],[75.20174,12.63002],[75.19374,12.63031],[75.19316,12.6316],[75.18822,12.63314],[75.18555,12.63185],[75.1829,12.6328],[75.18005,12.6312],[75.17284,12.62436],[75.16996,12.62227],[75.16417,12.62407],[75.16068,12.62213],[75.15392,12.62497],[75.14823,12.63411],[75.14407,12.63438],[75.14442,12.63056],[75.1464,12.62976],[75.14721,12.62616],[75.15087,12.62484],[75.15145,12.62079],[75.15455,12.61877],[75.15364,12.61156],[75.15417,12.60601],[75.15161,12.60648],[75.14696,12.60485],[75.14146,12.60173],[75.1412,12.60355],[75.13653,12.60373],[75.13294,12.60293],[75.13174,12.60693],[75.12805,12.61175],[75.12713,12.61586],[75.11909,12.61487],[75.11088,12.61487],[75.11054,12.6097],[75.10103,12.60156],[75.09727,12.59763],[75.09818,12.59407],[75.10276,12.59396],[75.10551,12.59145],[75.1029,12.58494],[75.09699,12.57929],[75.09312,12.57903],[75.09548,12.57515],[75.09171,12.56907],[75.09396,12.56592],[75.09839,12.56178],[75.10062,12.55672],[75.11549,12.55611],[75.11015,12.56651],[75.11655,12.56921],[75.11874,12.5691],[75.12314,12.56495],[75.12482,12.56508],[75.12547,12.55977],[75.12065,12.55771],[75.11937,12.55435],[75.12212,12.55231],[75.1257,12.55154],[75.12429,12.54897],[75.12099,12.5474],[75.12187,12.54553],[75.12563,12.54346],[75.12521,12.54031],[75.12122,12.53997],[75.11903,12.53495],[75.11313,12.53802],[75.1067,12.53537],[75.1054,12.53227],[75.10058,12.52995],[75.09882,12.53219],[75.09649,12.53155],[75.09465,12.52863],[75.08858,12.53113],[75.08682,12.52674],[75.08968,12.52413],[75.08486,12.52237],[75.08467,12.51899],[75.08068,12.51563],[75.07541,12.51701],[75.07552,12.51898],[75.07124,12.51914],[75.06759,12.52223],[75.06567,12.52231],[75.06173,12.51595],[75.06523,12.51455],[75.06608,12.512],[75.07244,12.50517],[75.07304,12.50298],[75.06674,12.49941],[75.06659,12.49537],[75.07114,12.49544],[75.07565,12.49161],[75.07536,12.48559],[75.07835,12.48262],[75.0803,12.47879],[75.07918,12.47422],[75.08494,12.47347],[75.08542,12.47241],[75.08629,12.46852],[75.08909,12.46719],[75.08999,12.46283],[75.08666,12.45975],[75.08253,12.46038],[75.08162,12.45891],[75.08415,12.45348],[75.08651,12.45071],[75.08386,12.44782],[75.08627,12.44452],[75.09046,12.44616],[75.09297,12.44459],[75.09164,12.44202],[75.09203,12.43936],[75.09932,12.43973],[75.10272,12.44151],[75.10671,12.43942],[75.11227,12.44045],[75.11433,12.43978],[75.11651,12.4339],[75.12717,12.43333],[75.12948,12.43136],[75.12868,12.42709],[75.13003,12.42523],[75.13568,12.42472],[75.13965,12.42177],[75.14495,12.42317],[75.14758,12.41915],[75.15136,12.41914],[75.15641,12.4248],[75.15693,12.42129],[75.15907,12.42058],[75.16289,12.42311],[75.1649,12.42728],[75.16836,12.42855],[75.17138,12.42701]]]},"properties":{"level":"block","code":"karadka","district":"KSD","lgd_code":6697}},{"type":"Feature","geometry":{"type":"Polygon","coordinates":[[[75.08542,12.47241],[75.08494,12.47347],[75.07918,12.47422],[75.0803,12.47879],[75.07835,12.48262],[75.07536,12.48559],[75.07565,12.49161],[75.07114,12.49544],[75.06659,12.49537],[75.06674,12.49941],[75.07304,12.50298],[75.07244,12.50517],[75.06608,12.512],[75.06523,12.51455],[75.06173,12.51595],[75.06567,12.52231],[75.06759,12.52223],[75.07124,12.51914],[75.07552,12.51898],[75.07541,12.51701],[75.08068,12.51563],[75.08467,12.51899],[75.08486,12.52237],[75.08968,12.52413],[75.08682,12.52674],[75.08858,12.53113],[75.09465,12.52863],[75.09649,12.53155],[75.09882,12.53219],[75.10058,12.52995],[75.1054,12.53227],[75.1067,12.53537],[75.11313,12.53802],[75.11903,12.53495],[75.12122,12.53997],[75.12521,12.54031],[75.12563,12.54346],[75.12187,12.54553],[75.12099,12.5474],[75.12429,12.54897],[75.1257,12.55154],[75.12212,12.55231],[75.11937,12.55435],[75.12065,12.55771],[75.12547,12.55977],[75.12482,12.56508],[75.12314,12.56495],[75.11874,12.5691],[75.11655,12.56921],[75.11015,12.56651],[75.11549,12.55611],[75.10062,12.55672],[75.09839,12.56178],[75.09396,12.56592],[75.09171,12.56907],[75.08558,12.57383],[75.07995,12.57388],[75.07449,12.56791],[75.07133,12.56839],[75.07203,12.56251],[75.07359,12.55957],[75.07254,12.55695],[75.0676,12.55391],[75.06529,12.54814],[75.05867,12.54634],[75.05566,12.54699],[75.05117,12.5452],[75.0484,12.55161],[75.0444,12.55546],[75.03602,12.55562],[75.03169,12.55729],[75.02639,12.55818],[75.02368,12.56172],[75.0222,12.56635],[75.01988,12.56861],[75.01443,12.57017],[75.01198,12.57516],[75.0087,12.57764],[75.00484,12.57515],[74.99941,12.58023],[74.99235,12.57513],[74.98799,12.57029],[74.98758,12.56463],[74.98395,12.56252],[74.98066,12.56374],[74.97554,12.57066],[74.97458,12.57093],[74.96598,12.56651],[74.96126,12.56651],[74.95441,12.55828],[74.95135,12.55625],[74.96166,12.53091],[74.9635,12.52573],[74.97381,12.50039],[74.97711,12.49524],[74.98184,12.48449],[74.9843,12.48252],[74.98398,12.47987],[74.98906,12.47114],[74.99224,12.4646],[74.99807,12.45016],[75.0028,12.44331],[75.00736,12.44524],[75.01082,12.44453],[75.01292,12.44729],[75.0197,12.44341],[75.02464,12.44543],[75.02955,12.4522],[75.03032,12.4554],[75.0253,12.46029],[75.02522,12.4632],[75.01956,12.46365],[75.01852,12.4674],[75.02258,12.47134],[75.0271,12.47877],[75.02892,12.47544],[75.03001,12.46991],[75.03399,12.46798],[75.04067,12.46664],[75.04276,12.46249],[75.04702,12.46337],[75.04996,12.46096],[75.06002,12.4544],[75.06582,12.45699],[75.06902,12.45737],[75.07668,12.46391],[75.08164,12.46998],[75.08542,12.47241]]]},"properties":{"level":"block","code":"kasaragod","district":"KSD","lgd_code":5994}},{"type":"Feature","geometry":{"type":"Polygon","coordinates":[[[75.09171,12.56907],[75.09548,12.57515],[75.09312,12.57903],[75.09699,12.57929],[75.1029,12.58494],[75.10551,12.59145],[75.10276,12.59396],[75.09818,12.59407],[75.09727,12.59763],[75.10103,12.60156],[75.11054,12.6097],[75.11088,12.61487],[75.11909,12.61487],[75.12713,12.61586],[75.12805,12.61175],[75.13174,12.60693],[75.13294,12.60293],[75.13653,12.60373],[75.1412,12.60355],[75.14146,12.60173],[75.14696,12.60485],[75.15161,12.60648],[75.15417,12.60601],[75.15364,12.61156],[75.15455,12.61877],[75.15145,12.62079],[75.15087,12.62484],[75.14721,12.62616],[75.1464,12.62976],[75.14442,12.63056],[75.14407,12.63438],[75.14823,12.63411],[75.14444,12.64049],[75.1433,12.63966],[75.13851,12.64344],[75.14292,12.64652],[75.15043,12.64968],[75.15212,12.65611],[75.15488,12.65894],[75.15886,12.66531],[75.16203,12.67196],[75.14988,12.67333],[75.14903,12.67616],[75.152,12.68324],[75.14639,12.68219],[75.14401,12.67874],[75.13982,12.68059],[75.13816,12.67722],[75.13434,12.6779],[75.13251,12.67614],[75.12841,12.67694],[75.12492,12.68148],[75.12213,12.67891],[75.11919,12.68077],[75.11146,12.68182],[75.11259,12.68522],[75.11018,12.68845],[75.11062,12.69058],[75.10762,12.69304],[75.10585,12.69712],[75.10023,12.69966],[75.0936,12.70058],[75.09232,12.69981],[75.08601,12.70403],[75.08095,12.69907],[75.08115,12.69738],[75.08508,12.69544],[75.0831,12.69333],[75.08558,12.69022],[75.0855,12.68247],[75.08744,12.6792],[75.08639,12.67609],[75.07327,12.67171],[75.07016,12.66554],[75.06525,12.66483],[75.06352,12.66781],[75.05831,12.67025],[75.05813,12.66694],[75.05319,12.67014],[75.04897,12.66888],[75.04609,12.66934],[75.0433,12.67168],[75.04146,12.67873],[75.043,12.68147],[75.04047,12.68496],[75.04268,12.68813],[75.04337,12.69224],[75.04855,12.69404],[75.05271,12.69247],[75.05559,12.69346],[75.0504,12.70344],[75.05189,12.7069],[75.0543,12.70713],[75.05389,12.71112],[75.05071,12.71518],[75.05048,12.71732],[75.05246,12.72008],[75.04792,12.7206],[75.04431,12.72311],[75.04268,12.72077],[75.03905,12.72382],[75.03358,12.72351],[75.0312,12.72094],[75.02658,12.71931],[75.01864,12.72111],[75.01504,12.71423],[75.00099,12.71639],[75.00096,12.71956],[75.00494,12.72028],[75.0134,12.72795],[75.00543,12.73092],[75,12.73205],[74.99248,12.73989],[74.99002,12.73608],[74.98724,12.73657],[74.98559,12.7336],[74.98327,12.7372],[74.98424,12.74251],[74.98671,12.74137],[74.99257,12.74693],[74.99379,12.74961],[74.9966,12.75208],[74.99922,12.75742],[75.00311,12.75916],[75.00499,12.76152],[75.00606,12.76612],[75.00945,12.76751],[75.00621,12.77084],[75.00339,12.77798],[75.00297,12.78438],[75.00509,12.79031],[75.00316,12.79167],[75.00018,12.79022],[74.99566,12.78963],[74.99122,12.79553],[74.98741,12.79359],[74.99209,12.78821],[74.98731,12.78296],[74.98514,12.78155],[74.98244,12.78231],[74.98193,12.77963],[74.97589,12.77913],[74.96836,12.77636],[74.96654,12.77648],[74.96633,12.78079],[74.96378,12.78151],[74.96293,12.77868],[74.95999,12.77889],[74.95819,12.78467],[74.95069,12.78429],[74.94992,12.78323],[74.94173,12.77998],[74.93713,12.7796],[74.93541,12.78085],[74.93135,12.77913],[74.9275,12.77867],[74.91626,12.77201],[74.91267,12.7715],[74.90292,12.76597],[74.90031,12.76294],[74.89303,12.76243],[74.88231,12.75405],[74.87959,12.75531],[74.87414,12.75494],[74.87224,12.76106],[74.86459,12.76019],[74.86481,12.75828],[74.87113,12.74063],[74.87468,12.73475],[74.87654,12.72821],[74.87975,12.72057],[74.88428,12.7082],[74.88675,12.70713],[74.89901,12.67961],[74.90532,12.66472],[74.90798,12.65966],[74.91343,12.64686],[74.91604,12.6418],[74.9219,12.62565],[74.9227,12.62466],[74.92765,12.61149],[74.92819,12.60695],[74.93191,12.6039],[74.93244,12.6013],[74.94473,12.57257],[74.9486,12.56228],[74.95135,12.55625],[74.95441,12.55828],[74.96126,12.56651],[74.96598,12.56651],[74.97458,12.57093],[74.97554,12.57066],[74.98066,12.56374],[74.98395,12.56252],[74.98758,12.56463],[74.98799,12.57029],[74.99235,12.57513],[74.99941,12.58023],[75.00484,12.57515],[75.0087,12.57764],[75.01198,12.57516],[75.01443,12.57017],[75.01988,12.56861],[75.0222,12.56635],[75.02368,12.56172],[75.02639,12.55818],[75.03169,12.55729],[75.03602,12.55562],[75.0444,12.55546],[75.0484,12.55161],[75.05117,12.5452],[75.05566,12.54699],[75.05867,12.54634],[75.06529,12.54814],[75.0676,12.55391],[75.07254,12.55695],[75.07359,12.55957],[75.07203,12.56251],[75.07133,12.56839],[75.07449,12.56791],[75.07995,12.57388],[75.08558,12.57383],[75.09171,12.56907]]]},"properties":{"level":"block","code":"manjeshwar","district":"KSD","lgd_code":5995}},{"type":"Feature","geometry":{"type":"Polygon","coordinates":[[[75.10438,12.24007],[75.10867,12.22886],[75.11318,12.2183],[75.11431,12.21337],[75.11893,12.2036],[75.12335,12.20361],[75.12219,12.19596],[75.12466,12.18818],[75.12749,12.18334],[75.12928,12.17798],[75.13822,12.15651],[75.14021,12.15003],[75.1414,12.14886],[75.14339,12.14218],[75.14618,12.13585],[75.15349,12.11683],[75.1586,12.10273],[75.16489,12.08911],[75.16958,12.07962],[75.17521,12.0661],[75.18393,12.04421],[75.18588,12.04553],[75.18432,12.04928],[75.18173,12.0584],[75.17646,12.06981],[75.17552,12.07828],[75.17396,12.08178],[75.16933,12.08787],[75.16808,12.09187],[75.17146,12.09562],[75.17462,12.10037],[75.17914,12.09956],[75.18201,12.09596],[75.1862,12.09551],[75.18947,12.09643],[75.19311,12.104],[75.19214,12.10624],[75.19104,12.11488],[75.19382,12.11899],[75.19158,12.12422],[75.18823,12.12996],[75.19081,12.13463],[75.19519,12.13622],[75.19647,12.14038],[75.194,12.14304],[75.19342,12.14665],[75.19122,12.14721],[75.19042,12.15571],[75.18849,12.16074],[75.18767,12.16602],[75.18153,12.1757],[75.17969,12.17651],[75.17426,12.18739],[75.17282,12.18898],[75.17983,12.1915],[75.1821,12.19077],[75.18776,12.19273],[75.19409,12.19328],[75.19992,12.19102],[75.2039,12.19135],[75.20859,12.19909],[75.21535,12.20264],[75.22069,12.20793],[75.22314,12.21366],[75.22791,12.21751],[75.23158,12.22202],[75.23712,12.21815],[75.24598,12.21885],[75.25064,12.22071],[75.2534,12.2205],[75.25821,12.22207],[75.26114,12.22527],[75.26475,12.22482],[75.27229,12.22785],[75.27585,12.23174],[75.28183,12.23313],[75.28721,12.23306],[75.29061,12.23592],[75.29149,12.24352],[75.28907,12.2494],[75.28866,12.25364],[75.2872,12.25611],[75.28712,12.26051],[75.28829,12.26224],[75.28786,12.26684],[75.2804,12.26808],[75.27615,12.27188],[75.27542,12.27802],[75.27275,12.28031],[75.26645,12.27893],[75.26514,12.28203],[75.26058,12.28048],[75.25746,12.27834],[75.25274,12.27029],[75.24337,12.27193],[75.23863,12.26767],[75.2269,12.26725],[75.22354,12.26936],[75.22524,12.27333],[75.2256,12.27738],[75.22189,12.2805],[75.21749,12.27534],[75.2132,12.27643],[75.20746,12.28038],[75.20456,12.28073],[75.19791,12.27558],[75.18351,12.27344],[75.17817,12.27038],[75.17625,12.27029],[75.17512,12.27374],[75.1645,12.28113],[75.15679,12.27677],[75.1494,12.27604],[75.1455,12.28061],[75.13918,12.27975],[75.13209,12.28676],[75.13017,12.29009],[75.12222,12.30041],[75.11881,12.29332],[75.11271,12.29304],[75.11274,12.28873],[75.11717,12.28445],[75.11254,12.27933],[75.11319,12.27576],[75.12009,12.27176],[75.12188,12.26955],[75.11921,12.26009],[75.11976,12.25392],[75.11381,12.25264],[75.11415,12.24895],[75.11164,12.24521],[75.10851,12.24401],[75.10826,12.24214],[75.10438,12.24007]]]},"properties":{"level":"block","code":"nileshwara","district":"KSD","lgd_code":5996}},{"type":"Feature","geometry":{"type":"Polygon","coordinates":[[[75.1645,12.28113],[75.17512,12.27374],[75.17625,12.27029],[75.17817,12.27038],[75.18351,12.27344],[75.19791,12.27558],[75.20456,12.28073],[75.20746,12.28038],[75.2132,12.27643],[75.21749,12.27534],[75.22189,12.2805],[75.2256,12.27738],[75.22524,12.27333],[75.22354,12.26936],[75.2269,12.26725],[75.23863,12.26767],[75.24337,12.27193],[75.25274,12.27029],[75.25746,12.27834],[75.26058,12.28048],[75.26514,12.28203],[75.26645,12.27893],[75.27275,12.28031],[75.27542,12.27802],[75.27615,12.27188],[75.2804,12.26808],[75.28786,12.26684],[75.28829,12.26224],[75.29013,12.26258],[75.30016,12.27014],[75.30468,12.27039],[75.30784,12.27165],[75.31311,12.27096],[75.31906,12.27428],[75.32327,12.27305],[75.3272,12.27081],[75.3292,12.26651],[75.33273,12.26658],[75.3395,12.26917],[75.34546,12.26724],[75.34775,12.26916],[75.35654,12.27367],[75.36062,12.2765],[75.36532,12.27781],[75.3687,12.28429],[75.37179,12.28568],[75.37638,12.28334],[75.38203,12.28536],[75.38382,12.28758],[75.38734,12.28832],[75.38622,12.29055],[75.38694,12.29479],[75.39075,12.29671],[75.39112,12.29127],[75.39286,12.29022],[75.39635,12.29374],[75.40054,12.29326],[75.40704,12.29382],[75.40951,12.29516],[75.41373,12.29236],[75.42035,12.29612],[75.42451,12.29993],[75.42488,12.30333],[75.42776,12.30405],[75.42829,12.30699],[75.43122,12.30796],[75.43109,12.31059],[75.42716,12.31072],[75.42365,12.31393],[75.42028,12.31899],[75.41864,12.32917],[75.41619,12.32993],[75.41526,12.33629],[75.41539,12.34006],[75.41087,12.34596],[75.41168,12.34914],[75.41544,12.34961],[75.41964,12.35694],[75.42076,12.36493],[75.42187,12.36772],[75.42153,12.37358],[75.41312,12.38029],[75.40623,12.37904],[75.40154,12.38252],[75.39857,12.38143],[75.39596,12.38449],[75.39465,12.38765],[75.39229,12.38999],[75.38606,12.39236],[75.38394,12.39091],[75.37924,12.39236],[75.37974,12.39404],[75.37711,12.39904],[75.3724,12.40077],[75.37258,12.40321],[75.37086,12.40876],[75.36695,12.41255],[75.36698,12.41707],[75.36998,12.42643],[75.36908,12.42946],[75.3713,12.43652],[75.37132,12.43891],[75.36883,12.44285],[75.37042,12.44562],[75.37029,12.44887],[75.36563,12.45675],[75.36833,12.45807],[75.37053,12.45655],[75.37502,12.45961],[75.38125,12.45676],[75.38687,12.45809],[75.38989,12.45536],[75.39267,12.45465],[75.3934,12.45137],[75.39962,12.45493],[75.40398,12.45494],[75.41332,12.45857],[75.41565,12.46216],[75.41572,12.46598],[75.42326,12.46678],[75.42487,12.46892],[75.42455,12.47484],[75.4203,12.47976],[75.42058,12.48852],[75.41733,12.49337],[75.41843,12.49494],[75.41613,12.50003],[75.41154,12.50189],[75.40806,12.49864],[75.403,12.49774],[75.40073,12.49911],[75.39797,12.50374],[75.3946,12.50277],[75.39169,12.49936],[75.38741,12.5019],[75.38223,12.50202],[75.38206,12.5006],[75.37779,12.4951],[75.37416,12.4933],[75.3685,12.49178],[75.369,12.48697],[75.3717,12.48658],[75.37155,12.48333],[75.373,12.48047],[75.3726,12.47703],[75.371,12.4748],[75.36751,12.47533],[75.36676,12.4727],[75.35849,12.464],[75.35173,12.46488],[75.34611,12.46298],[75.3366,12.46408],[75.34154,12.46912],[75.33869,12.4716],[75.33602,12.47787],[75.33742,12.48852],[75.33353,12.49205],[75.33437,12.4961],[75.33234,12.49908],[75.32451,12.49673],[75.32149,12.49777],[75.31503,12.49711],[75.30812,12.4958],[75.30374,12.49274],[75.30209,12.48901],[75.29634,12.4825],[75.29284,12.47473],[75.29371,12.47286],[75.29251,12.46878],[75.27939,12.47088],[75.27851,12.46856],[75.27575,12.4666],[75.27263,12.46208],[75.2726,12.45812],[75.2649,12.45718],[75.26453,12.46167],[75.26316,12.46428],[75.25844,12.4652],[75.25667,12.46181],[75.2605,12.46051],[75.26053,12.45678],[75.2528,12.45764],[75.25,12.45976],[75.24648,12.4605],[75.24731,12.46743],[75.2446,12.46649],[75.24273,12.46221],[75.24003,12.46431],[75.23525,12.46218],[75.23271,12.46458],[75.23508,12.46794],[75.23094,12.471],[75.2259,12.46957],[75.2249,12.46743],[75.22132,12.46401],[75.22342,12.45706],[75.22268,12.45176],[75.22376,12.44633],[75.22376,12.4396],[75.21985,12.43823],[75.21973,12.43507],[75.21457,12.43557],[75.20907,12.43411],[75.20616,12.42927],[75.20241,12.42886],[75.19803,12.42627],[75.19462,12.42715],[75.19283,12.43246],[75.18854,12.43285],[75.18566,12.43146],[75.1825,12.43489],[75.17879,12.42978],[75.17591,12.43081],[75.17369,12.42716],[75.17138,12.42701],[75.17035,12.42531],[75.16994,12.41455],[75.17089,12.4126],[75.16572,12.40781],[75.16836,12.4018],[75.17162,12.40061],[75.17011,12.39051],[75.17107,12.38739],[75.1658,12.38512],[75.16592,12.38772],[75.1633,12.39366],[75.15894,12.39372],[75.14865,12.38998],[75.14453,12.38792],[75.1398,12.38301],[75.14008,12.3801],[75.13513,12.37378],[75.13572,12.36784],[75.13378,12.36359],[75.13263,12.35761],[75.13646,12.359],[75.14188,12.35884],[75.14488,12.35591],[75.145,12.3515],[75.14714,12.35231],[75.15152,12.34906],[75.1536,12.34884],[75.15578,12.34472],[75.16212,12.34],[75.16709,12.33954],[75.17192,12.33651],[75.18149,12.33653],[75.18352,12.33916],[75.18937,12.33816],[75.19038,12.33482],[75.18717,12.33125],[75.19047,12.32993],[75.19208,12.32794],[75.19064,12.32383],[75.1918,12.3211],[75.1944,12.32052],[75.19772,12.31767],[75.19721,12.30938],[75.19305,12.30541],[75.18928,12.29882],[75.18403,12.29602],[75.18068,12.29747],[75.17641,12.29578],[75.17553,12.29207],[75.1759,12.28589],[75.17216,12.28444],[75.17101,12.28208],[75.16822,12.28101],[75.1645,12.28113]]]},"properties":{"level":"block","code":"parappa","district":"KSD","lgd_code":6696}},{"type":"Feature","geometry":{"type":"Polygon","coordinates":[[[76.8672,9.73588],[76.86048,9.73049],[76.84871,9.74042],[76.8451,9.74608],[76.84313,9.75173],[76.8407,9.75294],[76.83898,9.75605],[76.83535,9.75807],[76.82737,9.76391],[76.82769,9.77012],[76.81471,9.78018],[76.81142,9.78491],[76.80813,9.78962],[76.79488,9.79827],[76.77862,9.80833],[76.77004,9.80962],[76.76538,9.81173],[76.75748,9.81551],[76.75441,9.81763],[76.74967,9.81462],[76.75053,9.80627],[76.74644,9.80494],[76.74872,9.79745],[76.74621,9.79184],[76.74624,9.78787],[76.74879,9.78389],[76.74986,9.77891],[76.75025,9.77132],[76.7532,9.76382],[76.75624,9.76014],[76.7581,9.7593],[76.75817,9.75604],[76.76077,9.75],[76.76112,9.7449],[76.75667,9.74493],[76.75415,9.74092],[76.75122,9.74252],[76.74724,9.73954],[76.73266,9.73324],[76.73178,9.72806],[76.72744,9.71843],[76.7271,9.71203],[76.73398,9.70534],[76.73403,9.70234],[76.73114,9.7008],[76.73017,9.69859],[76.73355,9.69481],[76.73725,9.69195],[76.73667,9.68633],[76.74279,9.68024],[76.74902,9.67786],[76.75218,9.67449],[76.75019,9.67018],[76.75224,9.66602],[76.75597,9.66073],[76.75723,9.65561],[76.7568,9.65188],[76.76002,9.64872],[76.75866,9.64283],[76.76248,9.63987],[76.75845,9.6374],[76.76137,9.62826],[76.75998,9.62607],[76.76287,9.6219],[76.76556,9.62128],[76.76971,9.6221],[76.77492,9.62066],[76.78456,9.60459],[76.78776,9.60218],[76.79015,9.59863],[76.79314,9.60047],[76.79844,9.60057],[76.79946,9.59584],[76.80767,9.59839],[76.81008,9.59718],[76.81266,9.59827],[76.81374,9.60079],[76.81231,9.60299],[76.81281,9.606],[76.8165,9.60891],[76.8087,9.61849],[76.80695,9.62193],[76.80917,9.62676],[76.81223,9.62547],[76.8194,9.61948],[76.82115,9.62057],[76.82596,9.61959],[76.82873,9.62173],[76.82637,9.62792],[76.83051,9.62863],[76.83509,9.62364],[76.838,9.62672],[76.83842,9.62972],[76.84205,9.62691],[76.84868,9.62967],[76.8528,9.63055],[76.85738,9.63041],[76.86453,9.63259],[76.86043,9.643],[76.8682,9.64223],[76.86916,9.64336],[76.86684,9.64716],[76.86986,9.64749],[76.8738,9.64181],[76.87778,9.64271],[76.88409,9.64001],[76.88641,9.64211],[76.88481,9.64718],[76.87953,9.65519],[76.87377,9.65957],[76.87401,9.66276],[76.87604,9.66526],[76.88159,9.66569],[76.8865,9.66438],[76.89648,9.66405],[76.90429,9.66432],[76.90861,9.66254],[76.90925,9.66585],[76.91179,9.67005],[76.90814,9.67178],[76.903,9.6763],[76.90245,9.67819],[76.90388,9.68327],[76.90204,9.68877],[76.89744,9.69704],[76.89697,9.70093],[76.89053,9.71027],[76.88987,9.71572],[76.88526,9.72016],[76.88153,9.72046],[76.87407,9.72461],[76.86776,9.73001],[76.8672,9.73588]]]},"properties":{"level":"block","code":"erattupetta","district":"KTM","lgd_code":6010}},{"type":"Feature","geometry":{"type":"Polygon","coordinates":[[[76.52389,9.70309],[76.52429,9.70603],[76.52035,9.7044],[76.51777,9.70801],[76.51405,9.70527],[76.51094,9.70537],[76.5086,9.70354],[76.50333,9.70409],[76.50068,9.70054],[76.49948,9.69453],[76.49188,9.69509],[76.48956,9.69113],[76.48072,9.68845],[76.4791,9.68625],[76.47845,9.67585],[76.47369,9.67568],[76.47127,9.67353],[76.467,9.67682],[76.46517,9.67692],[76.45616,9.67645],[76.45413,9.6563],[76.45205,9.65635],[76.44712,9.65861],[76.44253,9.65517],[76.44004,9.65627],[76.43464,9.65313],[76.42748,9.64645],[76.42127,9.64664],[76.39728,9.64902],[76.39965,9.63981],[76.39853,9.62693],[76.41307,9.62986],[76.42173,9.63237],[76.4274,9.63065],[76.43272,9.62709],[76.44222,9.62339],[76.44137,9.61838],[76.45031,9.61692],[76.45452,9.61421],[76.45863,9.61765],[76.46714,9.61732],[76.46856,9.61382],[76.4687,9.60913],[76.47544,9.60893],[76.47614,9.60405],[76.47976,9.60345],[76.48593,9.60463],[76.4955,9.60087],[76.49911,9.60277],[76.50609,9.59989],[76.50824,9.60476],[76.51227,9.60438],[76.51814,9.60155],[76.52337,9.60346],[76.52559,9.60216],[76.5287,9.59783],[76.53302,9.5981],[76.53436,9.60454],[76.53798,9.60366],[76.54087,9.60435],[76.5448,9.60945],[76.54771,9.61001],[76.55307,9.60958],[76.55627,9.61163],[76.55789,9.61632],[76.56138,9.61714],[76.56146,9.62165],[76.55847,9.62413],[76.55721,9.62676],[76.56178,9.62725],[76.5664,9.63127],[76.56721,9.6343],[76.57271,9.63452],[76.57448,9.63744],[76.57747,9.6382],[76.58095,9.65021],[76.58702,9.65003],[76.58882,9.64787],[76.59134,9.65029],[76.59381,9.6497],[76.59283,9.65647],[76.59132,9.66165],[76.59334,9.66257],[76.59625,9.66673],[76.59894,9.66916],[76.59909,9.67477],[76.59731,9.67717],[76.60005,9.68118],[76.5982,9.68527],[76.59573,9.68717],[76.59122,9.68757],[76.58489,9.68424],[76.58311,9.68158],[76.58071,9.68064],[76.57827,9.68291],[76.57751,9.68705],[76.57547,9.68977],[76.56539,9.69154],[76.55949,9.69342],[76.55882,9.69017],[76.5556,9.69008],[76.54955,9.68611],[76.54543,9.69037],[76.54273,9.6913],[76.53711,9.69108],[76.53563,9.69257],[76.52881,9.69036],[76.52763,9.68797],[76.52849,9.68166],[76.52523,9.6822],[76.5202,9.68891],[76.51546,9.69036],[76.51372,9.69434],[76.52389,9.70309]]]},"properties":{"level":"block","code":"ettumanoor","district":"KTM","lgd_code":6011}},{"type":"Feature","geometry":{"type":"Polygon","coordinates":[[[76.4298,9.8256],[76.43191,9.82226],[76.43585,9.81405],[76.43729,9.8086],[76.43397,9.80759],[76.43238,9.80534],[76.43272,9.80287],[76.43076,9.79983],[76.42619,9.79718],[76.42751,9.795],[76.43486,9.79403],[76.43972,9.79581],[76.44272,9.79799],[76.44914,9.79862],[76.44602,9.79363],[76.44387,9.79362],[76.43775,9.79156],[76.43486,9.78852],[76.43289,9.78312],[76.43266,9.77985],[76.43023,9.77757],[76.42636,9.77745],[76.42593,9.77544],[76.42827,9.77031],[76.42648,9.76705],[76.42833,9.76435],[76.42809,9.7597],[76.43104,9.75763],[76.42832,9.75344],[76.43053,9.75069],[76.4285,9.74328],[76.43638,9.72775],[76.44028,9.71897],[76.45318,9.69419],[76.45879,9.68717],[76.46506,9.67837],[76.46517,9.67692],[76.467,9.67682],[76.47127,9.67353],[76.47369,9.67568],[76.47845,9.67585],[76.4791,9.68625],[76.48072,9.68845],[76.48956,9.69113],[76.49188,9.69509],[76.49948,9.69453],[76.50068,9.70054],[76.50333,9.70409],[76.5086,9.70354],[76.51094,9.70537],[76.51405,9.70527],[76.51777,9.70801],[76.52035,9.7044],[76.52429,9.70603],[76.52389,9.70309],[76.52871,9.70516],[76.53035,9.70708],[76.53407,9.70806],[76.53994,9.71129],[76.54098,9.71607],[76.53997,9.71903],[76.54103,9.72345],[76.53826,9.72681],[76.53776,9.73921],[76.5331,9.74489],[76.53284,9.75],[76.52827,9.75],[76.53271,9.75969],[76.53008,9.76188],[76.53392,9.76572],[76.53888,9.76441],[76.53796,9.77003],[76.54497,9.77205],[76.54619,9.7759],[76.54826,9.77785],[76.55003,9.77613],[76.55268,9.77712],[76.55522,9.77437],[76.55659,9.77709],[76.56088,9.7706],[76.56241,9.77376],[76.56592,9.77448],[76.56334,9.78136],[76.56662,9.78039],[76.56541,9.78528],[76.56548,9.78914],[76.56334,9.79511],[76.55498,9.80226],[76.54443,9.80116],[76.54251,9.80888],[76.54469,9.81307],[76.53918,9.81458],[76.53895,9.82309],[76.52897,9.82589],[76.52724,9.82511],[76.52428,9.82702],[76.51986,9.82422],[76.51953,9.82771],[76.51719,9.83324],[76.51947,9.83454],[76.51798,9.83868],[76.51596,9.83998],[76.51427,9.84398],[76.5153,9.84664],[76.5144,9.84912],[76.5096,9.85113],[76.50295,9.85095],[76.4981,9.85144],[76.49213,9.84948],[76.48589,9.84597],[76.4829,9.84282],[76.47778,9.84403],[76.47443,9.84214],[76.46033,9.847],[76.46133,9.85088],[76.45696,9.84666],[76.45396,9.84142],[76.44962,9.84089],[76.44756,9.83578],[76.44452,9.83379],[76.43585,9.82968],[76.4298,9.8256]]]},"properties":{"level":"block","code":"kaduthuruthy","district":"KTM","lgd_code":6012}},{"type":"Feature","geometry":{"type":"Polygon","coordinates":[[[76.91179,9.67005],[76.90925,9.66585],[76.90861,9.66254],[76.90429,9.66432],[76.89648,9.66405],[76.8865,9.66438],[76.88159,9.66569],[76.87604,9.66526],[76.87401,9.66276],[76.87377,9.65957],[76.87953,9.65519],[76.88481,9.64718],[76.88641,9.64211],[76.88409,9.64001],[76.87778,9.64271],[76.8738,9.64181],[76.86986,9.64749],[76.86684,9.64716],[76.86916,9.64336],[76.8682,9.64223],[76.86043,9.643],[76.86453,9.63259],[76.85738,9.63041],[76.8528,9.63055],[76.84868,9.62967],[76.84205,9.62691],[76.83842,9.62972],[76.838,9.62672],[76.83509,9.62364],[76.83051,9.62863],[76.82637,9.62792],[76.82873,9.62173],[76.82596,9.61959],[76.82115,9.62057],[76.8194,9.61948],[76.81223,9.62547],[76.80917,9.62676],[76.80695,9.62193],[76.8087,9.61849],[76.8165,9.60891],[76.81281,9.606],[76.81231,9.60299],[76.81374,9.60079],[76.81266,9.59827],[76.81008,9.59718],[76.80767,9.59839],[76.79946,9.59584],[76.79844,9.60057],[76.79314,9.60047],[76.79015,9.59863],[76.78776,9.60218],[76.78456,9.60459],[76.77492,9.62066],[76.76971,9.6221],[76.76556,9.62128],[76.76287,9.6219],[76.75927,9.62137],[76.75797,9.61941],[76.76337,9.61184],[76.76112,9.60797],[76.75513,9.6102],[76.75283,9.60845],[76.75196,9.60505],[76.75009,9.6033],[76.75557,9.5971],[76.75463,9.59178],[76.75656,9.58728],[76.75436,9.58507],[76.75611,9.58442],[76.75696,9.58089],[76.75891,9.58062],[76.76181,9.57747],[76.76324,9.57351],[76.76641,9.57085],[76.76816,9.57186],[76.77181,9.56795],[76.77328,9.56467],[76.77839,9.56107],[76.77956,9.55776],[76.78204,9.55473],[76.78703,9.55194],[76.79131,9.54624],[76.793,9.54604],[76.79226,9.54097],[76.78865,9.53695],[76.79038,9.53356],[76.78551,9.53166],[76.78258,9.52605],[76.78609,9.52382],[76.78656,9.51869],[76.7898,9.51674],[76.78535,9.51115],[76.78254,9.50964],[76.77999,9.50625],[76.77566,9.50507],[76.76903,9.50864],[76.76036,9.50724],[76.75669,9.50392],[76.75162,9.50499],[76.75071,9.50245],[76.75207,9.49616],[76.75134,9.49373],[76.74734,9.49209],[76.74218,9.49219],[76.74102,9.49042],[76.74201,9.48656],[76.7461,9.48283],[76.74653,9.48079],[76.7457,9.47475],[76.74872,9.46905],[76.7489,9.4631],[76.75213,9.45832],[76.75129,9.45513],[76.7544,9.45391],[76.76162,9.44495],[76.7614,9.44208],[76.76523,9.43669],[76.76687,9.437],[76.76842,9.4415],[76.77884,9.44605],[76.78293,9.44871],[76.78756,9.44887],[76.78933,9.44675],[76.79273,9.44668],[76.79195,9.45102],[76.79415,9.4539],[76.79777,9.4517],[76.79997,9.45374],[76.80003,9.45687],[76.80404,9.45501],[76.81623,9.45612],[76.81871,9.4553],[76.82338,9.44578],[76.82625,9.44663],[76.82897,9.45239],[76.83287,9.45238],[76.83467,9.45002],[76.84111,9.45036],[76.84516,9.44953],[76.84797,9.44567],[76.85283,9.44967],[76.85363,9.45299],[76.85311,9.45652],[76.85526,9.45663],[76.85699,9.45367],[76.861,9.45322],[76.86412,9.45085],[76.86922,9.44843],[76.87662,9.44669],[76.88525,9.4431],[76.88901,9.44013],[76.89907,9.43368],[76.90459,9.43164],[76.90482,9.42975],[76.90999,9.42653],[76.91116,9.42341],[76.91444,9.42539],[76.9199,9.42583],[76.92434,9.42218],[76.92256,9.41649],[76.92709,9.41578],[76.93259,9.41831],[76.93624,9.42131],[76.94086,9.42067],[76.94399,9.41917],[76.94946,9.41967],[76.95078,9.42072],[76.959,9.4205],[76.96001,9.42272],[76.96472,9.42323],[76.96804,9.42517],[76.97134,9.42447],[76.9771,9.42496],[76.97801,9.42689],[76.97204,9.42705],[76.97309,9.42948],[76.97143,9.43147],[76.96863,9.43117],[76.96632,9.43315],[76.9638,9.42705],[76.96032,9.4275],[76.95405,9.43034],[76.95496,9.43381],[76.95018,9.43534],[76.94754,9.43433],[76.9483,9.43113],[76.94577,9.43092],[76.9437,9.42854],[76.94111,9.43282],[76.9448,9.43516],[76.94177,9.43961],[76.94196,9.44184],[76.94005,9.44516],[76.94771,9.44757],[76.95184,9.45032],[76.95554,9.45777],[76.95856,9.45832],[76.95843,9.46144],[76.9635,9.46486],[76.96891,9.46463],[76.97173,9.46721],[76.97479,9.46632],[76.97786,9.4674],[76.98204,9.46699],[76.98463,9.47058],[76.98412,9.47975],[76.98179,9.48339],[76.98407,9.48635],[76.98312,9.4901],[76.97803,9.49804],[76.97428,9.50162],[76.96967,9.50111],[76.96929,9.5043],[76.96458,9.50854],[76.96081,9.50799],[76.96124,9.5057],[76.95706,9.50329],[76.95893,9.50058],[76.95644,9.49816],[76.95476,9.49191],[76.95006,9.49001],[76.938,9.50271],[76.93577,9.50448],[76.92977,9.50184],[76.92751,9.50503],[76.92462,9.50482],[76.92394,9.50703],[76.91188,9.51552],[76.90452,9.52152],[76.90578,9.52419],[76.90293,9.52742],[76.90349,9.53116],[76.90288,9.53653],[76.89629,9.53769],[76.88766,9.53771],[76.89081,9.54598],[76.88819,9.55084],[76.88886,9.55412],[76.88538,9.56272],[76.88701,9.56476],[76.88611,9.56864],[76.88592,9.57728],[76.883,9.58089],[76.88426,9.5833],[76.89146,9.58638],[76.89466,9.58572],[76.8951,9.58877],[76.89393,9.59454],[76.89176,9.59992],[76.89213,9.60451],[76.88985,9.60574],[76.88764,9.6108],[76.89104,9.61523],[76.88727,9.62082],[76.89243,9.62198],[76.89118,9.62955],[76.89455,9.63334],[76.89833,9.63404],[76.90335,9.63383],[76.9068,9.63082],[76.90967,9.62656],[76.91375,9.62493],[76.91737,9.62126],[76.9201,9.62096],[76.92613,9.6178],[76.9283,9.61532],[76.93254,9.61958],[76.93466,9.62047],[76.93159,9.62813],[76.92988,9.6303],[76.92246,9.63625],[76.91831,9.64318],[76.91948,9.64722],[76.92225,9.64987],[76.92519,9.64958],[76.92734,9.65281],[76.92515,9.65644],[76.9146,9.66359],[76.91221,9.66606],[76.91179,9.67005]]]},"properties":{"level":"block","code":"kanjirappally","district":"KTM","lgd_code":6013}},{"type":"Feature","geometry":{"type":"Polygon","coordinates":[[[76.69171,9.83375],[76.69181,9.83081],[76.69395,9.83026],[76.69557,9.82624],[76.69907,9.82227],[76.69634,9.81906],[76.69775,9.81636],[76.69797,9.81106],[76.70177,9.80861],[76.70335,9.80539],[76.6935,9.80138],[76.68838,9.80036],[76.68603,9.79748],[76.68437,9.80069],[76.67869,9.80246],[76.67302,9.80525],[76.67042,9.80381],[76.66905,9.80635],[76.66538,9.80694],[76.66372,9.80503],[76.66616,9.79776],[76.66927,9.79362],[76.6668,9.79205],[76.66262,9.79454],[76.65716,9.79635],[76.64745,9.79664],[76.64595,9.79782],[76.6416,9.79812],[76.64049,9.8004],[76.63592,9.80235],[76.63229,9.80069],[76.63165,9.80687],[76.63339,9.81113],[76.63057,9.81261],[76.62823,9.81058],[76.62711,9.81833],[76.62566,9.82235],[76.62412,9.82328],[76.61986,9.82151],[76.61946,9.81834],[76.62313,9.81542],[76.62526,9.81133],[76.62459,9.80951],[76.61734,9.80769],[76.6133,9.8044],[76.61211,9.80025],[76.61346,9.79849],[76.61757,9.80064],[76.61991,9.79557],[76.63604,9.78632],[76.63641,9.78413],[76.63965,9.78027],[76.63508,9.7772],[76.63301,9.77441],[76.62784,9.77443],[76.62219,9.77555],[76.6211,9.7777],[76.61826,9.77743],[76.61096,9.76694],[76.61264,9.76232],[76.61848,9.75773],[76.62017,9.75772],[76.62378,9.75202],[76.62855,9.75],[76.63098,9.74764],[76.63146,9.74464],[76.63452,9.73985],[76.6335,9.73617],[76.6313,9.7346],[76.63326,9.72778],[76.62848,9.72605],[76.62602,9.72279],[76.62768,9.71997],[76.62742,9.71407],[76.62935,9.71163],[76.63237,9.71068],[76.63811,9.71057],[76.63865,9.70926],[76.6365,9.70485],[76.63825,9.70306],[76.63986,9.69827],[76.64306,9.69256],[76.63902,9.68891],[76.64083,9.68647],[76.64077,9.68345],[76.63924,9.68066],[76.63658,9.67881],[76.63876,9.67622],[76.63514,9.67322],[76.63698,9.67059],[76.63669,9.66781],[76.63847,9.66669],[76.64168,9.66875],[76.64354,9.66554],[76.64614,9.66625],[76.64715,9.662],[76.65183,9.66235],[76.65622,9.65686],[76.66503,9.64723],[76.66724,9.64718],[76.67042,9.63959],[76.67762,9.64283],[76.67932,9.63752],[76.68326,9.63729],[76.68555,9.63562],[76.68789,9.6391],[76.68865,9.64241],[76.68808,9.64576],[76.6947,9.64495],[76.6981,9.64708],[76.70115,9.64647],[76.70226,9.65051],[76.70836,9.64578],[76.71087,9.64729],[76.71399,9.64676],[76.71519,9.64897],[76.7193,9.65229],[76.7232,9.65375],[76.72865,9.65376],[76.72959,9.65625],[76.73855,9.65757],[76.74047,9.653],[76.7449,9.65317],[76.74506,9.65715],[76.74332,9.65921],[76.74477,9.6616],[76.75184,9.65935],[76.75126,9.6549],[76.75554,9.65661],[76.75723,9.65561],[76.75597,9.66073],[76.75224,9.66602],[76.75019,9.67018],[76.75218,9.67449],[76.74902,9.67786],[76.74279,9.68024],[76.73667,9.68633],[76.73725,9.69195],[76.73355,9.69481],[76.73017,9.69859],[76.73114,9.7008],[76.73403,9.70234],[76.73398,9.70534],[76.7271,9.71203],[76.72744,9.71843],[76.73178,9.72806],[76.73266,9.73324],[76.74724,9.73954],[76.75122,9.74252],[76.75415,9.74092],[76.75667,9.74493],[76.76112,9.7449],[76.76077,9.75],[76.75817,9.75604],[76.7581,9.7593],[76.75624,9.76014],[76.7532,9.76382],[76.75025,9.77132],[76.74986,9.77891],[76.74879,9.78389],[76.74624,9.78787],[76.74621,9.79184],[76.74872,9.79745],[76.74644,9.80494],[76.74218,9.80368],[76.73886,9.80688],[76.734,9.80855],[76.72997,9.81238],[76.72786,9.81119],[76.72058,9.81398],[76.71549,9.81818],[76.7103,9.81984],[76.71027,9.82208],[76.69904,9.82558],[76.6956,9.83379],[76.69171,9.83375]]]},"properties":{"level":"block","code":"lalam","district":"KTM","lgd_code":6014}},{"type":"Feature","geometry":{"type":"Polygon","coordinates":[[[76.62138,9.53761],[76.61912,9.53742],[76.61523,9.53408],[76.60642,9.53368],[76.59943,9.53094],[76.59556,9.53728],[76.5905,9.53818],[76.58362,9.53724],[76.57923,9.53807],[76.5763,9.54279],[76.57374,9.54484],[76.5667,9.54392],[76.56522,9.54574],[76.56231,9.54562],[76.56443,9.5421],[76.5647,9.53742],[76.56362,9.53476],[76.56133,9.53501],[76.56015,9.5313],[76.56196,9.52529],[76.56152,9.52188],[76.55915,9.52046],[76.55696,9.51579],[76.56009,9.51428],[76.55489,9.50266],[76.55438,9.49835],[76.55252,9.49749],[76.5485,9.49875],[76.54601,9.50097],[76.54603,9.50439],[76.54382,9.50642],[76.54133,9.5062],[76.53814,9.50992],[76.53167,9.51078],[76.51841,9.51107],[76.51588,9.51552],[76.50989,9.51467],[76.50931,9.51829],[76.4975,9.51769],[76.49337,9.51698],[76.49298,9.5114],[76.49001,9.50793],[76.49539,9.50715],[76.49813,9.50373],[76.50295,9.50342],[76.50785,9.50437],[76.51077,9.49992],[76.50898,9.49874],[76.50695,9.48982],[76.50703,9.48568],[76.50878,9.48085],[76.50879,9.47786],[76.50594,9.47618],[76.50645,9.47088],[76.50566,9.46747],[76.50234,9.46257],[76.50089,9.45825],[76.49742,9.45289],[76.49789,9.44896],[76.49515,9.44461],[76.49791,9.44027],[76.50262,9.44016],[76.50282,9.43853],[76.50843,9.43843],[76.51143,9.43671],[76.50747,9.43207],[76.50549,9.42547],[76.5097,9.41848],[76.50598,9.41239],[76.50726,9.40796],[76.50603,9.40484],[76.51329,9.40072],[76.51644,9.40057],[76.51589,9.40756],[76.51749,9.40886],[76.52561,9.40883],[76.52624,9.41262],[76.53075,9.41298],[76.53109,9.4168],[76.53589,9.41717],[76.53724,9.41448],[76.54018,9.41825],[76.54031,9.42071],[76.54349,9.42093],[76.54344,9.42312],[76.5481,9.42261],[76.55376,9.42496],[76.55546,9.41315],[76.55943,9.41144],[76.5645,9.41075],[76.57012,9.41566],[76.57471,9.41801],[76.5791,9.42234],[76.58753,9.42012],[76.59097,9.41833],[76.59336,9.41288],[76.59673,9.42143],[76.59214,9.42411],[76.5916,9.4276],[76.59272,9.43897],[76.59068,9.44404],[76.59155,9.44875],[76.59412,9.44702],[76.59724,9.45052],[76.60435,9.45044],[76.60281,9.45447],[76.60295,9.45778],[76.60964,9.45586],[76.60906,9.45999],[76.61655,9.46136],[76.62021,9.4598],[76.62375,9.46203],[76.62599,9.46181],[76.6259,9.46756],[76.62698,9.47146],[76.63109,9.47226],[76.63389,9.46811],[76.63601,9.46322],[76.64106,9.46841],[76.64156,9.47619],[76.64319,9.47932],[76.64302,9.48195],[76.64469,9.48664],[76.64504,9.49023],[76.6426,9.49592],[76.64283,9.49873],[76.64108,9.50167],[76.63882,9.51049],[76.63971,9.51464],[76.64211,9.51766],[76.64452,9.5259],[76.6439,9.52693],[76.64117,9.52746],[76.63876,9.52961],[76.63675,9.52873],[76.63292,9.5296],[76.63009,9.53445],[76.62138,9.53761]]]},"properties":{"level":"block","code":"madappally","district":"KTM","lgd_code":6015}},{"type":"Feature","geometry":{"type":"Polygon","coordinates":[[[76.39853,9.62693],[76.39534,9.58912],[76.39308,9.56259],[76.3922,9.5477],[76.40465,9.55389],[76.40444,9.55946],[76.41411,9.56334],[76.41527,9.55839],[76.42273,9.55585],[76.4265,9.54963],[76.43554,9.55198],[76.43855,9.55421],[76.44856,9.55751],[76.46618,9.56165],[76.46548,9.54216],[76.47936,9.5376],[76.48032,9.50736],[76.48172,9.50869],[76.49001,9.50793],[76.49298,9.5114],[76.49337,9.51698],[76.4975,9.51769],[76.50931,9.51829],[76.50989,9.51467],[76.51588,9.51552],[76.51841,9.51107],[76.53167,9.51078],[76.53814,9.50992],[76.54133,9.5062],[76.54382,9.50642],[76.54603,9.50439],[76.54601,9.50097],[76.5485,9.49875],[76.55252,9.49749],[76.55438,9.49835],[76.55489,9.50266],[76.56009,9.51428],[76.55696,9.51579],[76.55915,9.52046],[76.56152,9.52188],[76.56196,9.52529],[76.56015,9.5313],[76.56133,9.53501],[76.56362,9.53476],[76.5647,9.53742],[76.56443,9.5421],[76.56231,9.54562],[76.56522,9.54574],[76.5667,9.54392],[76.57374,9.54484],[76.5763,9.54279],[76.57923,9.53807],[76.58362,9.53724],[76.5905,9.53818],[76.59556,9.53728],[76.59943,9.53094],[76.60642,9.53368],[76.61523,9.53408],[76.61912,9.53742],[76.62138,9.53761],[76.62097,9.53986],[76.61464,9.54021],[76.61174,9.54213],[76.60756,9.54157],[76.60486,9.54457],[76.59864,9.54417],[76.59544,9.54262],[76.58941,9.54472],[76.59256,9.5506],[76.59138,9.55472],[76.58534,9.55789],[76.58637,9.56076],[76.59102,9.55934],[76.59518,9.55925],[76.59995,9.56031],[76.60307,9.562],[76.60807,9.55978],[76.61227,9.56512],[76.61078,9.56725],[76.61209,9.57297],[76.60749,9.57768],[76.60316,9.57742],[76.5998,9.57495],[76.59691,9.57774],[76.58237,9.57815],[76.57819,9.57941],[76.5757,9.58157],[76.56556,9.57692],[76.56742,9.57186],[76.5664,9.56882],[76.56373,9.56594],[76.56326,9.56337],[76.55897,9.56005],[76.55606,9.56083],[76.55618,9.56631],[76.54963,9.57132],[76.54717,9.56946],[76.54384,9.56987],[76.54729,9.57645],[76.55261,9.58107],[76.54925,9.58504],[76.54722,9.59461],[76.5449,9.59434],[76.53858,9.59721],[76.53302,9.5981],[76.5287,9.59783],[76.52559,9.60216],[76.52337,9.60346],[76.51814,9.60155],[76.51227,9.60438],[76.50824,9.60476],[76.50609,9.59989],[76.49911,9.60277],[76.4955,9.60087],[76.48593,9.60463],[76.47976,9.60345],[76.47614,9.60405],[76.47544,9.60893],[76.4687,9.60913],[76.46856,9.61382],[76.46714,9.61732],[76.45863,9.61765],[76.45452,9.61421],[76.45031,9.61692],[76.44137,9.61838],[76.44222,9.62339],[76.43272,9.62709],[76.4274,9.63065],[76.42173,9.63237],[76.41307,9.62986],[76.39853,9.62693]]]},"properties":{"level":"block","code":"pallom","district":"KTM","lgd_code":6016}},{"type":"Feature","geometry":{"type":"Polygon","coordinates":[[[76.75723,9.65561],[76.75554,9.65661],[76.75126,9.6549],[76.75184,9.65935],[76.74477,9.6616],[76.74332,9.65921],[76.74506,9.65715],[76.7449,9.65317],[76.74047,9.653],[76.73855,9.65757],[76.72959,9.65625],[76.72865,9.65376],[76.7232,9.65375],[76.7193,9.65229],[76.71519,9.64897],[76.71399,9.64676],[76.71087,9.64729],[76.70836,9.64578],[76.70226,9.65051],[76.70115,9.64647],[76.6981,9.64708],[76.6947,9.64495],[76.68808,9.64576],[76.68865,9.64241],[76.68789,9.6391],[76.68555,9.63562],[76.68326,9.63729],[76.67932,9.63752],[76.67762,9.64283],[76.67042,9.63959],[76.66724,9.64718],[76.66503,9.64723],[76.65622,9.65686],[76.65183,9.66235],[76.64715,9.662],[76.64614,9.66625],[76.64354,9.66554],[76.64168,9.66875],[76.63847,9.66669],[76.63669,9.66781],[76.62804,9.66826],[76.62667,9.66572],[76.6284,9.66398],[76.62741,9.65947],[76.62218,9.6575],[76.61508,9.65762],[76.61126,9.66075],[76.60843,9.66629],[76.60516,9.67103],[76.60126,9.66733],[76.59625,9.66673],[76.59334,9.66257],[76.59132,9.66165],[76.59283,9.65647],[76.59381,9.6497],[76.59134,9.65029],[76.58882,9.64787],[76.58702,9.65003],[76.58095,9.65021],[76.57747,9.6382],[76.57448,9.63744],[76.57271,9.63452],[76.56721,9.6343],[76.5664,9.63127],[76.56178,9.62725],[76.55721,9.62676],[76.55847,9.62413],[76.56146,9.62165],[76.56138,9.61714],[76.55789,9.61632],[76.55627,9.61163],[76.55307,9.60958],[76.54771,9.61001],[76.5448,9.60945],[76.54087,9.60435],[76.53798,9.60366],[76.53436,9.60454],[76.53302,9.5981],[76.53858,9.59721],[76.5449,9.59434],[76.54722,9.59461],[76.54925,9.58504],[76.55261,9.58107],[76.54729,9.57645],[76.54384,9.56987],[76.54717,9.56946],[76.54963,9.57132],[76.55618,9.56631],[76.55606,9.56083],[76.55897,9.56005],[76.56326,9.56337],[76.56373,9.56594],[76.5664,9.56882],[76.56742,9.57186],[76.56556,9.57692],[76.5757,9.58157],[76.57819,9.57941],[76.58237,9.57815],[76.59691,9.57774],[76.5998,9.57495],[76.60316,9.57742],[76.60749,9.57768],[76.61209,9.57297],[76.61078,9.56725],[76.61227,9.56512],[76.60807,9.55978],[76.60307,9.562],[76.59995,9.56031],[76.59518,9.55925],[76.59102,9.55934],[76.58637,9.56076],[76.58534,9.55789],[76.59138,9.55472],[76.59256,9.5506],[76.58941,9.54472],[76.59544,9.54262],[76.59864,9.54417],[76.60486,9.54457],[76.60756,9.54157],[76.61174,9.54213],[76.61464,9.54021],[76.62097,9.53986],[76.62138,9.53761],[76.63009,9.53445],[76.63292,9.5296],[76.63675,9.52873],[76.63876,9.52961],[76.64117,9.52746],[76.6439,9.52693],[76.64855,9.53078],[76.65083,9.53038],[76.65843,9.53285],[76.66135,9.53005],[76.66451,9.53329],[76.6648,9.53584],[76.67324,9.53745],[76.6726,9.54302],[76.67427,9.54418],[76.67582,9.54977],[76.67406,9.55399],[76.67769,9.56023],[76.6783,9.56599],[76.68068,9.56954],[76.67982,9.57211],[76.6852,9.57422],[76.68557,9.57253],[76.6904,9.57501],[76.69399,9.57295],[76.69803,9.57522],[76.69807,9.57723],[76.70762,9.57567],[76.70942,9.57907],[76.71505,9.57725],[76.71689,9.57566],[76.72045,9.5765],[76.72593,9.57578],[76.73259,9.57773],[76.73658,9.57635],[76.74526,9.57747],[76.74897,9.58394],[76.74647,9.58614],[76.753,9.58723],[76.75436,9.58507],[76.75656,9.58728],[76.75463,9.59178],[76.75557,9.5971],[76.75009,9.6033],[76.75196,9.60505],[76.75283,9.60845],[76.75513,9.6102],[76.76112,9.60797],[76.76337,9.61184],[76.75797,9.61941],[76.75927,9.62137],[76.76287,9.6219],[76.75998,9.62607],[76.76137,9.62826],[76.75845,9.6374],[76.76248,9.63987],[76.75866,9.64283],[76.76002,9.64872],[76.7568,9.65188],[76.75723,9.65561]]]},"properties":{"level":"block","code":"pampady","district":"KTM","lgd_code":6017}},{"type":"Feature","geometry":{"type":"Polygon","coordinates":[[[76.55498,9.80226],[76.56334,9.79511],[76.56548,9.78914],[76.56541,9.78528],[76.56662,9.78039],[76.56334,9.78136],[76.56592,9.77448],[76.56241,9.77376],[76.56088,9.7706],[76.55659,9.77709],[76.55522,9.77437],[76.55268,9.77712],[76.55003,9.77613],[76.54826,9.77785],[76.54619,9.7759],[76.54497,9.77205],[76.53796,9.77003],[76.53888,9.76441],[76.53392,9.76572],[76.53008,9.76188],[76.53271,9.75969],[76.52827,9.75],[76.53284,9.75],[76.5331,9.74489],[76.53776,9.73921],[76.53826,9.72681],[76.54103,9.72345],[76.53997,9.71903],[76.54098,9.71607],[76.53994,9.71129],[76.53407,9.70806],[76.53035,9.70708],[76.52871,9.70516],[76.52389,9.70309],[76.51372,9.69434],[76.51546,9.69036],[76.5202,9.68891],[76.52523,9.6822],[76.52849,9.68166],[76.52763,9.68797],[76.52881,9.69036],[76.53563,9.69257],[76.53711,9.69108],[76.54273,9.6913],[76.54543,9.69037],[76.54955,9.68611],[76.5556,9.69008],[76.55882,9.69017],[76.55949,9.69342],[76.56539,9.69154],[76.57547,9.68977],[76.57751,9.68705],[76.57827,9.68291],[76.58071,9.68064],[76.58311,9.68158],[76.58489,9.68424],[76.59122,9.68757],[76.59573,9.68717],[76.5982,9.68527],[76.60005,9.68118],[76.59731,9.67717],[76.59909,9.67477],[76.59894,9.66916],[76.59625,9.66673],[76.60126,9.66733],[76.60516,9.67103],[76.60843,9.66629],[76.61126,9.66075],[76.61508,9.65762],[76.62218,9.6575],[76.62741,9.65947],[76.6284,9.66398],[76.62667,9.66572],[76.62804,9.66826],[76.63669,9.66781],[76.63698,9.67059],[76.63514,9.67322],[76.63876,9.67622],[76.63658,9.67881],[76.63924,9.68066],[76.64077,9.68345],[76.64083,9.68647],[76.63902,9.68891],[76.64306,9.69256],[76.63986,9.69827],[76.63825,9.70306],[76.6365,9.70485],[76.63865,9.70926],[76.63811,9.71057],[76.63237,9.71068],[76.62935,9.71163],[76.62742,9.71407],[76.62768,9.71997],[76.62602,9.72279],[76.62848,9.72605],[76.63326,9.72778],[76.6313,9.7346],[76.6335,9.73617],[76.63452,9.73985],[76.63146,9.74464],[76.63098,9.74764],[76.62855,9.75],[76.62378,9.75202],[76.62017,9.75772],[76.61848,9.75773],[76.61264,9.76232],[76.61096,9.76694],[76.61826,9.77743],[76.6211,9.7777],[76.62219,9.77555],[76.62784,9.77443],[76.63301,9.77441],[76.63508,9.7772],[76.63965,9.78027],[76.63641,9.78413],[76.63604,9.78632],[76.61991,9.79557],[76.61757,9.80064],[76.61346,9.79849],[76.61211,9.80025],[76.6133,9.8044],[76.61734,9.80769],[76.62459,9.80951],[76.62526,9.81133],[76.62313,9.81542],[76.61946,9.81834],[76.61986,9.82151],[76.62412,9.82328],[76.62566,9.82235],[76.62711,9.81833],[76.62823,9.81058],[76.63057,9.81261],[76.63339,9.81113],[76.63165,9.80687],[76.63229,9.80069],[76.63592,9.80235],[76.64049,9.8004],[76.6416,9.79812],[76.64595,9.79782],[76.64745,9.79664],[76.65716,9.79635],[76.66262,9.79454],[76.6668,9.79205],[76.66927,9.79362],[76.66616,9.79776],[76.66372,9.80503],[76.66538,9.80694],[76.66905,9.80635],[76.67042,9.80381],[76.67302,9.80525],[76.67869,9.80246],[76.68437,9.80069],[76.68603,9.79748],[76.68838,9.80036],[76.6935,9.80138],[76.70335,9.80539],[76.70177,9.80861],[76.69797,9.81106],[76.69775,9.81636],[76.69634,9.81906],[76.69907,9.82227],[76.69557,9.82624],[76.69395,9.83026],[76.69181,9.83081],[76.69171,9.83375],[76.69068,9.83461],[76.68491,9.83336],[76.6824,9.83917],[76.67936,9.8382],[76.67614,9.83919],[76.67473,9.84281],[76.66789,9.84388],[76.66321,9.83919],[76.66126,9.84029],[76.65017,9.84122],[76.64622,9.84076],[76.63871,9.8451],[76.63353,9.84608],[76.62855,9.84864],[76.6271,9.85093],[76.62886,9.85558],[76.62488,9.85717],[76.61906,9.85622],[76.61559,9.8521],[76.61224,9.85288],[76.60957,9.85134],[76.60913,9.84917],[76.61342,9.84396],[76.61635,9.8389],[76.611,9.83893],[76.60494,9.8407],[76.60365,9.84505],[76.59886,9.84639],[76.5965,9.84533],[76.59421,9.84632],[76.59121,9.84229],[76.58942,9.84492],[76.58694,9.84188],[76.58017,9.8431],[76.58205,9.83676],[76.5809,9.83587],[76.58199,9.82707],[76.58069,9.82243],[76.57544,9.82011],[76.57244,9.82247],[76.56697,9.82516],[76.56453,9.82324],[76.56366,9.81953],[76.55889,9.81538],[76.55902,9.81044],[76.55683,9.80709],[76.55707,9.80477],[76.55498,9.80226]]]},"properties":{"level":"block","code":"uzhavoor","district":"KTM","lgd_code":6018}},{"type":"Feature","geometry":{"type":"Polygon","coordinates":[[[76.3728,9.83672],[76.37769,9.83203],[76.37914,9.8265],[76.38122,9.82173],[76.38122,9.81728],[76.37929,9.81387],[76.37654,9.81168],[76.36731,9.79997],[76.3652,9.7948],[76.36501,9.7923],[76.36646,9.78652],[76.36918,9.78204],[76.37092,9.77717],[76.37176,9.77037],[76.37661,9.76219],[76.3807,9.75144],[76.38024,9.72782],[76.37749,9.71249],[76.3757,9.69738],[76.3958,9.6883],[76.40264,9.68592],[76.40138,9.67774],[76.39889,9.67166],[76.39648,9.65267],[76.39728,9.64902],[76.42127,9.64664],[76.42748,9.64645],[76.43464,9.65313],[76.44004,9.65627],[76.44253,9.65517],[76.44712,9.65861],[76.45205,9.65635],[76.45413,9.6563],[76.45616,9.67645],[76.46517,9.67692],[76.46506,9.67837],[76.45879,9.68717],[76.45318,9.69419],[76.44028,9.71897],[76.43638,9.72775],[76.4285,9.74328],[76.43053,9.75069],[76.42832,9.75344],[76.43104,9.75763],[76.42809,9.7597],[76.42833,9.76435],[76.42648,9.76705],[76.42827,9.77031],[76.42593,9.77544],[76.42636,9.77745],[76.43023,9.77757],[76.43266,9.77985],[76.43289,9.78312],[76.43486,9.78852],[76.43775,9.79156],[76.44387,9.79362],[76.44602,9.79363],[76.44914,9.79862],[76.44272,9.79799],[76.43972,9.79581],[76.43486,9.79403],[76.42751,9.795],[76.42619,9.79718],[76.43076,9.79983],[76.43272,9.80287],[76.43238,9.80534],[76.43397,9.80759],[76.43729,9.8086],[76.43585,9.81405],[76.43191,9.82226],[76.4298,9.8256],[76.42137,9.82339],[76.4143,9.82234],[76.41128,9.82811],[76.40819,9.82739],[76.40647,9.83011],[76.40371,9.83043],[76.39592,9.82983],[76.39407,9.83128],[76.38879,9.84383],[76.3869,9.84457],[76.38041,9.84303],[76.37539,9.83792],[76.3728,9.83672]]]},"properties":{"level":"block","code":"vaikom","district":"KTM","lgd_code":6019}},{"type":"Feature","geometry":{"type":"Polygon","coordinates":[[[76.75436,9.58507],[76.753,9.58723],[76.74647,9.58614],[76.74897,9.58394],[76.74526,9.57747],[76.73658,9.57635],[76.73259,9.57773],[76.72593,9.57578],[76.72045,9.5765],[76.71689,9.57566],[76.71505,9.57725],[76.70942,9.57907],[76.70762,9.57567],[76.69807,9.57723],[76.69803,9.57522],[76.69399,9.57295],[76.6904,9.57501],[76.68557,9.57253],[76.6852,9.57422],[76.67982,9.57211],[76.68068,9.56954],[76.6783,9.56599],[76.67769,9.56023],[76.67406,9.55399],[76.67582,9.54977],[76.67427,9.54418],[76.6726,9.54302],[76.67324,9.53745],[76.6648,9.53584],[76.66451,9.53329],[76.66135,9.53005],[76.65843,9.53285],[76.65083,9.53038],[76.64855,9.53078],[76.6439,9.52693],[76.64452,9.5259],[76.64211,9.51766],[76.63971,9.51464],[76.63882,9.51049],[76.64108,9.50167],[76.64283,9.49873],[76.6426,9.49592],[76.64504,9.49023],[76.64469,9.48664],[76.64302,9.48195],[76.64319,9.47932],[76.64833,9.47834],[76.65103,9.48138],[76.66027,9.48267],[76.66506,9.48166],[76.66661,9.48252],[76.67457,9.48019],[76.67478,9.48233],[76.68165,9.48113],[76.68675,9.47924],[76.68908,9.47732],[76.69493,9.47827],[76.70038,9.47689],[76.70087,9.47255],[76.70465,9.4631],[76.70673,9.46066],[76.70856,9.45456],[76.71343,9.45715],[76.71798,9.46213],[76.72184,9.46474],[76.72969,9.46583],[76.72983,9.46947],[76.73175,9.47385],[76.73487,9.47601],[76.74043,9.47595],[76.74384,9.47398],[76.7457,9.47475],[76.74653,9.48079],[76.7461,9.48283],[76.74201,9.48656],[76.74102,9.49042],[76.74218,9.49219],[76.74734,9.49209],[76.75134,9.49373],[76.75207,9.49616],[76.75071,9.50245],[76.75162,9.50499],[76.75669,9.50392],[76.76036,9.50724],[76.76903,9.50864],[76.77566,9.50507],[76.77999,9.50625],[76.78254,9.50964],[76.78535,9.51115],[76.7898,9.51674],[76.78656,9.51869],[76.78609,9.52382],[76.78258,9.52605],[76.78551,9.53166],[76.79038,9.53356],[76.78865,9.53695],[76.79226,9.54097],[76.793,9.54604],[76.79131,9.54624],[76.78703,9.55194],[76.78204,9.55473],[76.77956,9.55776],[76.77839,9.56107],[76.77328,9.56467],[76.77181,9.56795],[76.76816,9.57186],[76.76641,9.57085],[76.76324,9.57351],[76.76181,9.57747],[76.75891,9.58062],[76.75696,9.58089],[76.75611,9.58442],[76.75436,9.58507]]]},"properties":{"level":"block","code":"vazhoor","district":"KTM","lgd_code":6020}},{"type":"Feature","geometry":{"type":"Polygon","coordinates":[[[75.92434,11.50848],[75.92453,11.5143],[75.92237,11.51687],[75.92088,11.52308],[75.92179,11.52614],[75.92054,11.53073],[75.91808,11.5335],[75.92291,11.53822],[75.92387,11.54206],[75.92323,11.54621],[75.91791,11.54972],[75.91567,11.55508],[75.91085,11.555],[75.90505,11.55321],[75.90356,11.55173],[75.90087,11.55295],[75.89775,11.55004],[75.89868,11.54667],[75.8931,11.54811],[75.88463,11.54915],[75.88311,11.54719],[75.87781,11.55074],[75.8734,11.5486],[75.87679,11.54686],[75.88071,11.54314],[75.88165,11.53864],[75.87819,11.53809],[75.87445,11.54207],[75.86686,11.54749],[75.86014,11.55009],[75.85949,11.5487],[75.863,11.54087],[75.86151,11.53896],[75.85654,11.54338],[75.85423,11.54964],[75.85392,11.55269],[75.84886,11.55055],[75.84655,11.55471],[75.84295,11.55176],[75.84068,11.55476],[75.83573,11.55141],[75.82965,11.55204],[75.82504,11.55144],[75.82846,11.5405],[75.83077,11.53949],[75.83758,11.53926],[75.84059,11.5349],[75.84364,11.53363],[75.84899,11.53488],[75.8534,11.52962],[75.8509,11.52623],[75.84795,11.52043],[75.84467,11.52078],[75.84257,11.52277],[75.83932,11.52196],[75.83556,11.52302],[75.83147,11.51921],[75.82667,11.51577],[75.82492,11.51179],[75.82079,11.50893],[75.813,11.51153],[75.80929,11.51196],[75.80666,11.51716],[75.80614,11.51982],[75.8041,11.52141],[75.80006,11.51855],[75.79734,11.51867],[75.7919,11.51728],[75.78903,11.51522],[75.78716,11.51735],[75.78509,11.51177],[75.78211,11.50816],[75.77432,11.50732],[75.77084,11.51023],[75.76979,11.513],[75.76479,11.51355],[75.76312,11.51196],[75.75788,11.51499],[75.75503,11.51349],[75.75111,11.50983],[75.74625,11.50992],[75.73981,11.50746],[75.73478,11.50205],[75.73491,11.49816],[75.73234,11.49695],[75.73239,11.49383],[75.73439,11.49138],[75.73475,11.48522],[75.73171,11.47878],[75.73182,11.47629],[75.73457,11.4758],[75.73958,11.47232],[75.74138,11.4664],[75.73531,11.45656],[75.73432,11.45317],[75.73094,11.44759],[75.72882,11.44541],[75.72793,11.44032],[75.73159,11.43113],[75.73424,11.42954],[75.73828,11.42534],[75.74107,11.42398],[75.74638,11.42315],[75.75162,11.42112],[75.74641,11.41507],[75.74823,11.41084],[75.75053,11.40844],[75.74594,11.39805],[75.74419,11.38819],[75.74513,11.3806],[75.74297,11.37657],[75.74284,11.37379],[75.74733,11.36837],[75.75102,11.3694],[75.75708,11.36644],[75.76117,11.37034],[75.76176,11.37797],[75.76456,11.38029],[75.76802,11.37829],[75.77095,11.37948],[75.7736,11.37849],[75.78217,11.38486],[75.77879,11.39346],[75.78192,11.40209],[75.78173,11.41026],[75.78583,11.41189],[75.78327,11.41571],[75.78357,11.4182],[75.77988,11.42402],[75.78549,11.42252],[75.78575,11.41774],[75.78957,11.41959],[75.79195,11.41768],[75.79615,11.42018],[75.79822,11.4202],[75.80248,11.41202],[75.8038,11.42113],[75.80874,11.42064],[75.80983,11.4261],[75.81601,11.42397],[75.81858,11.4238],[75.82156,11.43323],[75.82491,11.43885],[75.83053,11.43947],[75.83343,11.44542],[75.83556,11.44448],[75.83997,11.44473],[75.84039,11.4404],[75.83751,11.43331],[75.83486,11.43188],[75.83636,11.42837],[75.8391,11.42889],[75.84465,11.425],[75.85044,11.42257],[75.85385,11.41955],[75.85062,11.41607],[75.84666,11.41492],[75.84815,11.41109],[75.85237,11.40981],[75.85575,11.40667],[75.85961,11.40724],[75.86296,11.40999],[75.86329,11.41434],[75.86731,11.41216],[75.86995,11.4096],[75.8755,11.40873],[75.87894,11.40686],[75.88232,11.40543],[75.88426,11.40882],[75.89292,11.41126],[75.89629,11.41615],[75.90232,11.41786],[75.90688,11.4172],[75.91249,11.41771],[75.91196,11.42222],[75.91013,11.42578],[75.90795,11.42747],[75.90633,11.43151],[75.90279,11.43341],[75.90393,11.43724],[75.90623,11.44011],[75.90643,11.44606],[75.90815,11.45027],[75.9043,11.45341],[75.90066,11.45785],[75.90264,11.45913],[75.89939,11.46233],[75.90299,11.46921],[75.90225,11.47226],[75.90325,11.47621],[75.90361,11.48184],[75.90697,11.48241],[75.90782,11.4894],[75.90551,11.48998],[75.90434,11.49343],[75.90242,11.49515],[75.89915,11.49575],[75.89552,11.49891],[75.89289,11.50339],[75.9025,11.50634],[75.90639,11.50873],[75.91561,11.51166],[75.92159,11.5104],[75.92434,11.50848]]]},"properties":{"level":"block","code":"balusseri","district":"KZD","lgd_code":6021}},{"type":"Feature","geometry":{"type":"Polygon","coordinates":[[[75.74733,11.36837],[75.74772,11.36358],[75.7414,11.3555],[75.73531,11.35739],[75.73298,11.35526],[75.73292,11.35152],[75.73528,11.34601],[75.73464,11.34297],[75.73578,11.33759],[75.73317,11.33447],[75.73589,11.33133],[75.73717,11.32382],[75.74103,11.32134],[75.74496,11.32151],[75.74749,11.31706],[75.75271,11.30279],[75.75424,11.29733],[75.75758,11.29044],[75.76273,11.2752],[75.76709,11.27786],[75.76237,11.28937],[75.76734,11.29019],[75.77312,11.29014],[75.77296,11.29319],[75.77663,11.29417],[75.77617,11.29806],[75.77918,11.30132],[75.7797,11.30936],[75.7805,11.31238],[75.78491,11.31246],[75.78641,11.31104],[75.79215,11.31059],[75.79798,11.31118],[75.79973,11.31554],[75.80632,11.31475],[75.80918,11.3137],[75.81381,11.30898],[75.81775,11.31221],[75.82143,11.31769],[75.82512,11.31795],[75.8271,11.31535],[75.82971,11.31415],[75.83327,11.31893],[75.83298,11.32848],[75.8335,11.3304],[75.83087,11.33746],[75.8375,11.34231],[75.83722,11.34741],[75.83286,11.35455],[75.82426,11.35437],[75.82262,11.35866],[75.82608,11.36312],[75.83056,11.3645],[75.83486,11.36098],[75.83835,11.36138],[75.84214,11.36419],[75.84824,11.36452],[75.84762,11.35703],[75.84928,11.35237],[75.8535,11.34872],[75.85687,11.34866],[75.86049,11.35123],[75.86301,11.35465],[75.86358,11.35875],[75.86968,11.36245],[75.87533,11.36369],[75.87998,11.37058],[75.87885,11.37546],[75.88114,11.38431],[75.88167,11.39011],[75.88398,11.39747],[75.88202,11.40092],[75.8787,11.40408],[75.87894,11.40686],[75.8755,11.40873],[75.86995,11.4096],[75.86731,11.41216],[75.86329,11.41434],[75.86296,11.40999],[75.85961,11.40724],[75.85575,11.40667],[75.85237,11.40981],[75.84815,11.41109],[75.84666,11.41492],[75.85062,11.41607],[75.85385,11.41955],[75.85044,11.42257],[75.84465,11.425],[75.8391,11.42889],[75.83636,11.42837],[75.83486,11.43188],[75.83751,11.43331],[75.84039,11.4404],[75.83997,11.44473],[75.83556,11.44448],[75.83343,11.44542],[75.83053,11.43947],[75.82491,11.43885],[75.82156,11.43323],[75.81858,11.4238],[75.81601,11.42397],[75.80983,11.4261],[75.80874,11.42064],[75.8038,11.42113],[75.80248,11.41202],[75.79822,11.4202],[75.79615,11.42018],[75.79195,11.41768],[75.78957,11.41959],[75.78575,11.41774],[75.78549,11.42252],[75.77988,11.42402],[75.78357,11.4182],[75.78327,11.41571],[75.78583,11.41189],[75.78173,11.41026],[75.78192,11.40209],[75.77879,11.39346],[75.78217,11.38486],[75.7736,11.37849],[75.77095,11.37948],[75.76802,11.37829],[75.76456,11.38029],[75.76176,11.37797],[75.76117,11.37034],[75.75708,11.36644],[75.75102,11.3694],[75.74733,11.36837]]]},"properties":{"level":"block","code":"chelannur","district":"KZD","lgd_code":6022}},{"type":"Feature","geometry":{"type":"MultiPolygon","coordinates":[[[[76.08824,11.48676],[76.08182,11.47773],[76.0728,11.46178],[76.07091,11.45964],[76.06223,11.45502],[76.05998,11.4533],[76.05716,11.44834],[76.05458,11.44724],[76.04961,11.44737],[76.0388,11.44505],[76.03479,11.45112],[76.03063,11.45291],[76.0306,11.4553],[76.02785,11.45885],[76.02135,11.46211],[76.01552,11.46121],[76.01257,11.46486],[76.0085,11.46507],[76.00499,11.46683],[76.00199,11.4599],[76.00372,11.4558],[76.00383,11.44734],[76.00737,11.44746],[76.00941,11.44492],[76.01206,11.44741],[76.01338,11.44463],[76.00928,11.44125],[76.00726,11.43511],[76.00602,11.42815],[76.00472,11.42617],[76.00436,11.42133],[76.00255,11.41766],[75.99855,11.41771],[75.99872,11.40619],[76.00171,11.40577],[76.00028,11.3998],[76.00089,11.39548],[75.99939,11.39349],[76.00233,11.39091],[76.00749,11.38827],[76.00612,11.38275],[76.00664,11.38025],[76.00341,11.37792],[76.00193,11.37272],[76.00362,11.36576],[75.99999,11.35674],[75.99735,11.35519],[75.99999,11.35189],[76,11.34993],[75.99477,11.34718],[75.9908,11.34052],[75.98876,11.33962],[75.9871,11.33398],[75.98932,11.32977],[75.99269,11.32911],[75.99808,11.33095],[76.00059,11.33611],[76.00648,11.33866],[76.01289,11.33598],[76.01497,11.33896],[76.01866,11.33615],[76.02422,11.33458],[76.02975,11.33623],[76.03692,11.33408],[76.0401,11.33408],[76.04709,11.33193],[76.04764,11.32785],[76.04955,11.32324],[76.04432,11.32021],[76.05056,11.30975],[76.04834,11.30294],[76.04933,11.2972],[76.06041,11.29849],[76.06946,11.29405],[76.07794,11.2994],[76.08448,11.30468],[76.08351,11.30744],[76.08705,11.31],[76.09212,11.31139],[76.09386,11.31021],[76.0972,11.31128],[76.1036,11.31123],[76.10697,11.31519],[76.11382,11.31446],[76.11869,11.32005],[76.11901,11.32468],[76.11814,11.32704],[76.11514,11.32952],[76.11755,11.33715],[76.11314,11.33861],[76.11134,11.33746],[76.1044,11.33937],[76.09874,11.34233],[76.09448,11.34727],[76.09206,11.35261],[76.09289,11.3564],[76.0959,11.36318],[76.10209,11.36844],[76.09924,11.37275],[76.09748,11.38293],[76.0998,11.38871],[76.09942,11.39589],[76.10646,11.403],[76.10544,11.41009],[76.11299,11.41097],[76.11786,11.40846],[76.1211,11.41066],[76.12248,11.41576],[76.12487,11.4165],[76.12921,11.42144],[76.13108,11.42702],[76.1363,11.42315],[76.13855,11.42025],[76.1418,11.42136],[76.14321,11.42568],[76.14595,11.42989],[76.1402,11.43791],[76.13982,11.44322],[76.14284,11.45163],[76.13563,11.46004],[76.1321,11.46113],[76.13066,11.46453],[76.12788,11.46494],[76.12405,11.46847],[76.12293,11.47382],[76.11536,11.47631],[76.11166,11.47613],[76.1078,11.47928],[76.1058,11.48246],[76.10204,11.48316],[76.09392,11.48229],[76.09174,11.48266],[76.08824,11.48676]]],[[[75.98041,11.54097],[75.96415,11.5267],[75.94322,11.5078],[75.93677,11.50175],[75.93579,11.50348],[75.92921,11.50701],[75.92585,11.50664],[75.92434,11.50848],[75.92159,11.5104],[75.91561,11.51166],[75.90639,11.50873],[75.9025,11.50634],[75.89289,11.50339],[75.89552,11.49891],[75.89915,11.49575],[75.90242,11.49515],[75.90434,11.49343],[75.90551,11.48998],[75.90782,11.4894],[75.90697,11.48241],[75.90361,11.48184],[75.90325,11.47621],[75.90225,11.47226],[75.90299,11.46921],[75.89939,11.46233],[75.90264,11.45913],[75.90066,11.45785],[75.9043,11.45341],[75.90815,11.45027],[75.90643,11.44606],[75.90623,11.44011],[75.90393,11.43724],[75.90279,11.43341],[75.90633,11.43151],[75.90795,11.42747],[75.91013,11.42578],[75.91196,11.42222],[75.91249,11.41771],[75.90688,11.4172],[75.90232,11.41786],[75.89629,11.41615],[75.89292,11.41126],[75.88426,11.40882],[75.88232,11.40543],[75.87894,11.40686],[75.8787,11.40408],[75.88202,11.40092],[75.88398,11.39747],[75.88167,11.39011],[75.88114,11.38431],[75.87885,11.37546],[75.87998,11.37058],[75.87533,11.36369],[75.86968,11.36245],[75.86358,11.35875],[75.86301,11.35465],[75.86049,11.35123],[75.85687,11.34866],[75.8535,11.34872],[75.84928,11.35237],[75.84762,11.35703],[75.84824,11.36452],[75.84214,11.36419],[75.83835,11.36138],[75.83486,11.36098],[75.83056,11.3645],[75.82608,11.36312],[75.82262,11.35866],[75.82426,11.35437],[75.83286,11.35455],[75.83722,11.34741],[75.8375,11.34231],[75.84204,11.34116],[75.84887,11.33654],[75.85476,11.33849],[75.86204,11.33201],[75.86269,11.32982],[75.87139,11.32829],[75.87397,11.32541],[75.8748,11.32976],[75.87991,11.33002],[75.8826,11.3317],[75.88823,11.33234],[75.89004,11.3368],[75.89757,11.33769],[75.90018,11.33701],[75.90373,11.33911],[75.90679,11.3384],[75.90943,11.33975],[75.91485,11.33806],[75.9178,11.33557],[75.92121,11.33654],[75.92414,11.33398],[75.92784,11.33548],[75.92899,11.34223],[75.93229,11.34629],[75.93676,11.34624],[75.93965,11.34434],[75.94432,11.34319],[75.94809,11.34607],[75.95029,11.34594],[75.95292,11.35157],[75.95717,11.34949],[75.96081,11.34936],[75.96356,11.35122],[75.96096,11.35421],[75.96391,11.35739],[75.96496,11.36077],[75.97055,11.36142],[75.97449,11.36527],[75.9718,11.36671],[75.97278,11.37316],[75.97844,11.37412],[75.97951,11.3757],[75.9836,11.37742],[75.98677,11.37756],[75.98943,11.3806],[75.98463,11.38646],[75.9848,11.39324],[75.98598,11.39596],[75.99252,11.39977],[75.99327,11.40111],[75.99064,11.40861],[75.99656,11.41362],[75.99636,11.41782],[75.98841,11.42536],[75.98764,11.42963],[75.9927,11.43158],[75.99316,11.42875],[75.99679,11.42791],[76.00133,11.43388],[76.00099,11.43838],[75.99847,11.44425],[75.99956,11.4483],[75.99948,11.45293],[75.99764,11.45584],[75.99838,11.45884],[75.99721,11.46447],[75.99387,11.46701],[75.99616,11.47213],[76.00002,11.47431],[76.00173,11.47891],[76.00464,11.47973],[76.00711,11.48387],[76.01467,11.48623],[76.01479,11.48329],[76.01735,11.47924],[76.0207,11.48161],[76.02373,11.48655],[76.02141,11.49411],[76.02288,11.501],[76.02612,11.50076],[76.0272,11.50402],[76.03014,11.50561],[76.02909,11.50795],[76.02585,11.51028],[76.0218,11.5116],[76.02115,11.51398],[76.01798,11.51463],[76.01697,11.51707],[76.00938,11.52179],[76.00619,11.5222],[76.00498,11.5239],[76,11.52683],[75.99758,11.53181],[75.99007,11.53675],[75.98158,11.53965],[75.98041,11.54097]]]]},"properties":{"level":"block","code":"koduvally","district":"KZD","lgd_code":6023}},{"type":"Feature","geometry":{"type":"Polygon","coordinates":[[[75.76273,11.2752],[75.76509,11.26825],[75.76995,11.25132],[75.77229,11.24815],[75.77492,11.2384],[75.77935,11.22836],[75.77976,11.22407],[75.78556,11.20905],[75.78733,11.20221],[75.79264,11.18923],[75.7974,11.17571],[75.80028,11.16892],[75.80084,11.16532],[75.80416,11.16235],[75.80255,11.1604],[75.80953,11.15122],[75.81286,11.14984],[75.81659,11.14344],[75.82434,11.12498],[75.82562,11.12383],[75.83049,11.12576],[75.83348,11.13172],[75.83914,11.13664],[75.84226,11.14023],[75.84612,11.14293],[75.85144,11.14252],[75.85724,11.13786],[75.85786,11.14412],[75.85509,11.148],[75.85521,11.1504],[75.85221,11.15343],[75.85388,11.15596],[75.85663,11.15612],[75.86073,11.16086],[75.86072,11.16649],[75.86496,11.1698],[75.8645,11.17098],[75.87053,11.17245],[75.87069,11.16938],[75.87794,11.16627],[75.88175,11.17104],[75.88766,11.17204],[75.88582,11.17505],[75.88588,11.18261],[75.88123,11.18493],[75.88054,11.18269],[75.87589,11.18239],[75.87459,11.18635],[75.87202,11.18769],[75.86502,11.18787],[75.86216,11.18976],[75.86,11.19505],[75.8598,11.20042],[75.85557,11.20156],[75.85737,11.20762],[75.85959,11.205],[75.86277,11.20491],[75.86821,11.20635],[75.87149,11.20972],[75.87594,11.21736],[75.87777,11.22314],[75.88879,11.2292],[75.89572,11.22932],[75.89718,11.22998],[75.89943,11.23491],[75.8993,11.2409],[75.9016,11.24283],[75.89961,11.24811],[75.89997,11.25003],[75.89538,11.25509],[75.89498,11.25913],[75.89296,11.26262],[75.88875,11.26307],[75.8839,11.26482],[75.88247,11.26133],[75.88457,11.25724],[75.88408,11.25491],[75.8814,11.2529],[75.87426,11.25547],[75.86569,11.25048],[75.86348,11.2536],[75.85171,11.25671],[75.85112,11.26238],[75.84927,11.26317],[75.84688,11.26845],[75.84915,11.27207],[75.85818,11.27256],[75.86246,11.27379],[75.86378,11.27748],[75.86163,11.27858],[75.86441,11.28471],[75.86873,11.28738],[75.8649,11.28827],[75.85785,11.29175],[75.85857,11.29764],[75.85497,11.30083],[75.8527,11.29918],[75.84976,11.3042],[75.84461,11.30326],[75.84247,11.30583],[75.83675,11.2999],[75.83267,11.29847],[75.82676,11.30057],[75.8252,11.30297],[75.82173,11.30374],[75.81902,11.30235],[75.81515,11.30315],[75.8171,11.30571],[75.81381,11.30898],[75.80918,11.3137],[75.80632,11.31475],[75.79973,11.31554],[75.79798,11.31118],[75.79215,11.31059],[75.78641,11.31104],[75.78491,11.31246],[75.7805,11.31238],[75.7797,11.30936],[75.77918,11.30132],[75.77617,11.29806],[75.77663,11.29417],[75.77296,11.29319],[75.77312,11.29014],[75.76734,11.29019],[75.76237,11.28937],[75.76709,11.27786],[75.76273,11.2752]]]},"properties":{"level":"block","code":"kozhikode","district":"KZD","lgd_code":6024}},{"type":"Feature","geometry":{"type":"MultiPolygon","coordinates":[[[[75.74641,11.41507],[75.74405,11.41376],[75.73663,11.40687],[75.73307,11.40977],[75.73034,11.41077],[75.72669,11.40747],[75.72148,11.40771],[75.71865,11.40934],[75.71633,11.40468],[75.71219,11.40261],[75.70888,11.40212],[75.7124,11.39535],[75.71433,11.39354],[75.71964,11.38259],[75.72379,11.3726],[75.72819,11.3641],[75.73185,11.35581],[75.73292,11.35152],[75.73298,11.35526],[75.73531,11.35739],[75.7414,11.3555],[75.74772,11.36358],[75.74733,11.36837],[75.74284,11.37379],[75.74297,11.37657],[75.74513,11.3806],[75.74419,11.38819],[75.74594,11.39805],[75.75053,11.40844],[75.74823,11.41084],[75.74641,11.41507]]],[[[76.02115,11.51398],[76.0218,11.5116],[76.02585,11.51028],[76.02909,11.50795],[76.03014,11.50561],[76.0272,11.50402],[76.02612,11.50076],[76.02288,11.501],[76.02141,11.49411],[76.02373,11.48655],[76.0207,11.48161],[76.01735,11.47924],[76.01479,11.48329],[76.01467,11.48623],[76.00711,11.48387],[76.00464,11.47973],[76.00173,11.47891],[76.00002,11.47431],[75.99616,11.47213],[75.99387,11.46701],[75.99721,11.46447],[75.99838,11.45884],[75.99764,11.45584],[75.99948,11.45293],[75.99956,11.4483],[75.99847,11.44425],[76.00099,11.43838],[76.00133,11.43388],[75.99679,11.42791],[75.99316,11.42875],[75.9927,11.43158],[75.98764,11.42963],[75.98841,11.42536],[75.99636,11.41782],[75.99656,11.41362],[75.99064,11.40861],[75.99327,11.40111],[75.99252,11.39977],[75.98598,11.39596],[75.9848,11.39324],[75.98463,11.38646],[75.98943,11.3806],[75.98677,11.37756],[75.9836,11.37742],[75.97951,11.3757],[75.97844,11.37412],[75.97278,11.37316],[75.9718,11.36671],[75.97449,11.36527],[75.97055,11.36142],[75.96496,11.36077],[75.96391,11.35739],[75.96096,11.35421],[75.96356,11.35122],[75.96081,11.34936],[75.95717,11.34949],[75.95292,11.35157],[75.95029,11.34594],[75.94809,11.34607],[75.94432,11.34319],[75.93965,11.34434],[75.93676,11.34624],[75.93229,11.34629],[75.92899,11.34223],[75.92784,11.33548],[75.92414,11.33398],[75.92121,11.33654],[75.9178,11.33557],[75.91485,11.33806],[75.90943,11.33975],[75.90679,11.3384],[75.90373,11.33911],[75.90018,11.33701],[75.89757,11.33769],[75.89004,11.3368],[75.88823,11.33234],[75.8826,11.3317],[75.87991,11.33002],[75.8748,11.32976],[75.87397,11.32541],[75.87139,11.32829],[75.86269,11.32982],[75.86204,11.33201],[75.85476,11.33849],[75.84887,11.33654],[75.84204,11.34116],[75.8375,11.34231],[75.83087,11.33746],[75.8335,11.3304],[75.83298,11.32848],[75.83327,11.31893],[75.82971,11.31415],[75.8271,11.31535],[75.82512,11.31795],[75.82143,11.31769],[75.81775,11.31221],[75.81381,11.30898],[75.8171,11.30571],[75.81515,11.30315],[75.81902,11.30235],[75.82173,11.30374],[75.8252,11.30297],[75.82676,11.30057],[75.83267,11.29847],[75.83675,11.2999],[75.84247,11.30583],[75.84461,11.30326],[75.84976,11.3042],[75.8527,11.29918],[75.85497,11.30083],[75.85857,11.29764],[75.85785,11.29175],[75.8649,11.28827],[75.86873,11.28738],[75.86441,11.28471],[75.86163,11.27858],[75.86378,11.27748],[75.86246,11.27379],[75.85818,11.27256],[75.84915,11.27207],[75.84688,11.26845],[75.84927,11.26317],[75.85112,11.26238],[75.85171,11.25671],[75.86348,11.2536],[75.86569,11.25048],[75.87426,11.25547],[75.8814,11.2529],[75.88408,11.25491],[75.88457,11.25724],[75.88247,11.26133],[75.8839,11.26482],[75.88875,11.26307],[75.89296,11.26262],[75.89498,11.25913],[75.89538,11.25509],[75.89997,11.25003],[75.89961,11.24811],[75.9016,11.24283],[75.90787,11.24002],[75.91174,11.23693],[75.91697,11.2362],[75.9194,11.2372],[75.92332,11.24338],[75.9252,11.2452],[75.93907,11.24911],[75.95192,11.25003],[75.95798,11.25237],[75.9603,11.25437],[75.9641,11.26083],[75.96988,11.26625],[75.97574,11.26897],[75.98169,11.26354],[75.98655,11.2616],[75.99546,11.2541],[75.99999,11.25877],[76.00725,11.25886],[76.00921,11.25975],[76.01162,11.26538],[76.01371,11.26801],[76.01781,11.26757],[76.01921,11.26866],[76.02391,11.26892],[76.03268,11.26608],[76.03615,11.26798],[76.04109,11.2669],[76.04909,11.26737],[76.05172,11.27174],[76.05836,11.27722],[76.06117,11.28242],[76.06636,11.28512],[76.06799,11.28469],[76.07257,11.28764],[76.07101,11.29237],[76.06946,11.29405],[76.06041,11.29849],[76.04933,11.2972],[76.04834,11.30294],[76.05056,11.30975],[76.04432,11.32021],[76.04955,11.32324],[76.04764,11.32785],[76.04709,11.33193],[76.0401,11.33408],[76.03692,11.33408],[76.02975,11.33623],[76.02422,11.33458],[76.01866,11.33615],[76.01497,11.33896],[76.01289,11.33598],[76.00648,11.33866],[76.00059,11.33611],[75.99808,11.33095],[75.99269,11.32911],[75.98932,11.32977],[75.9871,11.33398],[75.98876,11.33962],[75.9908,11.34052],[75.99477,11.34718],[76,11.34993],[75.99999,11.35189],[75.99735,11.35519],[75.99999,11.35674],[76.00362,11.36576],[76.00193,11.37272],[76.00341,11.37792],[76.00664,11.38025],[76.00612,11.38275],[76.00749,11.38827],[76.00233,11.39091],[75.99939,11.39349],[76.00089,11.39548],[76.00028,11.3998],[76.00171,11.40577],[75.99872,11.40619],[75.99855,11.41771],[76.00255,11.41766],[76.00436,11.42133],[76.00472,11.42617],[76.00602,11.42815],[76.00726,11.43511],[76.00928,11.44125],[76.01338,11.44463],[76.01206,11.44741],[76.00941,11.44492],[76.00737,11.44746],[76.00383,11.44734],[76.00372,11.4558],[76.00199,11.4599],[76.00499,11.46683],[76.0085,11.46507],[76.01257,11.46486],[76.01552,11.46121],[76.02135,11.46211],[76.02785,11.45885],[76.0306,11.4553],[76.03063,11.45291],[76.03479,11.45112],[76.0388,11.44505],[76.04961,11.44737],[76.05458,11.44724],[76.05716,11.44834],[76.05998,11.4533],[76.06223,11.45502],[76.07091,11.45964],[76.0728,11.46178],[76.08182,11.47773],[76.08824,11.48676],[76.08755,11.49043],[76.09302,11.49361],[76.08873,11.50609],[76.09053,11.51005],[76.08951,11.51253],[76.08304,11.51441],[76.07918,11.52107],[76.07566,11.52329],[76.07382,11.52288],[76.06764,11.51761],[76.06292,11.5103],[76.05701,11.50869],[76.05623,11.50592],[76.05181,11.50394],[76.04862,11.50374],[76.04523,11.50696],[76.04359,11.50457],[76.03785,11.50269],[76.03665,11.50351],[76.0357,11.50861],[76.03218,11.51127],[76.0274,11.51336],[76.02115,11.51398]]]]},"properties":{"level":"block","code":"kunnamangalam","district":"KZD","lgd_code":6025}},{"type":"Feature","geometry":{"type":"Polygon","coordinates":[[[75.91538,11.69047],[75.90844,11.6942],[75.90431,11.69552],[75.9002,11.69922],[75.89755,11.69856],[75.89112,11.69946],[75.88233,11.69911],[75.87534,11.70433],[75.87267,11.70139],[75.86799,11.70207],[75.86273,11.70433],[75.8567,11.70291],[75.85114,11.70284],[75.84865,11.70558],[75.84585,11.70654],[75.84561,11.71424],[75.83734,11.71911],[75.83367,11.71914],[75.83129,11.72089],[75.82905,11.72512],[75.82425,11.72745],[75.82151,11.73337],[75.81921,11.73406],[75.81426,11.73986],[75.81144,11.74003],[75.81011,11.74292],[75.80243,11.74354],[75.79679,11.74283],[75.79083,11.74347],[75.79687,11.74643],[75.7996,11.75002],[75.79911,11.75341],[75.79414,11.75358],[75.78329,11.7607],[75.78387,11.76347],[75.7881,11.76509],[75.7898,11.77215],[75.78698,11.77523],[75.77554,11.77544],[75.77194,11.7744],[75.76404,11.76965],[75.75737,11.76711],[75.7548,11.76531],[75.74894,11.76416],[75.74549,11.75919],[75.74195,11.75866],[75.73724,11.75925],[75.73428,11.7559],[75.73377,11.75127],[75.72998,11.75063],[75.72868,11.74723],[75.71841,11.74465],[75.71752,11.74221],[75.72166,11.73669],[75.7221,11.73425],[75.71463,11.73484],[75.715,11.73008],[75.71321,11.72864],[75.7141,11.72532],[75.71191,11.7222],[75.71333,11.71652],[75.71075,11.71515],[75.7086,11.71603],[75.70491,11.71384],[75.70548,11.70996],[75.70386,11.709],[75.70094,11.7108],[75.69867,11.70772],[75.69386,11.71008],[75.69402,11.70684],[75.68895,11.70676],[75.68538,11.70452],[75.68267,11.70536],[75.67906,11.70477],[75.67776,11.70848],[75.67331,11.71093],[75.67045,11.70819],[75.66894,11.7035],[75.66681,11.70178],[75.6629,11.70259],[75.65982,11.70686],[75.65786,11.7044],[75.65455,11.70437],[75.65448,11.70783],[75.65294,11.70906],[75.64633,11.70561],[75.64908,11.70037],[75.64918,11.69419],[75.65109,11.68999],[75.64863,11.68886],[75.64866,11.68659],[75.6459,11.68291],[75.64279,11.6814],[75.64168,11.67217],[75.64342,11.66855],[75.64647,11.66806],[75.64994,11.67079],[75.65585,11.66438],[75.65578,11.66089],[75.66051,11.66018],[75.66359,11.66309],[75.66808,11.66532],[75.67399,11.6636],[75.67785,11.66687],[75.68067,11.66434],[75.68683,11.66528],[75.68582,11.66729],[75.69115,11.67019],[75.69906,11.66891],[75.704,11.66635],[75.70741,11.65838],[75.70757,11.65534],[75.70262,11.65443],[75.70522,11.65231],[75.70891,11.6458],[75.70433,11.64368],[75.69829,11.64744],[75.69029,11.63843],[75.68819,11.63182],[75.69154,11.62996],[75.69282,11.62523],[75.69243,11.62251],[75.69464,11.62139],[75.69429,11.61741],[75.69699,11.61239],[75.69578,11.60933],[75.69692,11.60718],[75.70085,11.60478],[75.69784,11.60067],[75.69846,11.59524],[75.69726,11.59349],[75.69907,11.59413],[75.70183,11.59855],[75.70542,11.60253],[75.7097,11.60051],[75.71917,11.6014],[75.72953,11.59714],[75.73626,11.59534],[75.74042,11.59268],[75.74365,11.59294],[75.74436,11.59538],[75.74218,11.59973],[75.74102,11.60572],[75.74284,11.60972],[75.74211,11.61708],[75.74871,11.62361],[75.7484,11.63198],[75.75296,11.63712],[75.75403,11.63935],[75.75313,11.6432],[75.7542,11.64704],[75.75669,11.65085],[75.76032,11.65012],[75.76476,11.64543],[75.76938,11.64326],[75.77302,11.64046],[75.77748,11.63961],[75.77763,11.63349],[75.78024,11.63205],[75.78317,11.62612],[75.78683,11.62382],[75.79309,11.62339],[75.80269,11.62417],[75.80513,11.62597],[75.80684,11.63513],[75.81123,11.63632],[75.81446,11.63997],[75.82064,11.63963],[75.82345,11.63755],[75.82626,11.63891],[75.82802,11.64168],[75.83321,11.64681],[75.83622,11.64691],[75.83856,11.65005],[75.84468,11.65399],[75.84295,11.65821],[75.84836,11.65985],[75.86974,11.66718],[75.88036,11.67124],[75.90163,11.67841],[75.90528,11.67949],[75.90733,11.68324],[75.91121,11.68411],[75.91521,11.68767],[75.91538,11.69047]]]},"properties":{"level":"block","code":"kunnummal","district":"KZD","lgd_code":6026}},{"type":"Feature","geometry":{"type":"Polygon","coordinates":[[[75.61477,11.56666],[75.60987,11.56377],[75.60705,11.56381],[75.60207,11.56594],[75.59936,11.56868],[75.59268,11.57089],[75.59106,11.56952],[75.59137,11.56643],[75.59357,11.5627],[75.59021,11.56145],[75.59421,11.55247],[75.6012,11.53161],[75.60631,11.51851],[75.60757,11.51391],[75.61062,11.50631],[75.6126,11.50312],[75.61453,11.49764],[75.61504,11.49377],[75.61747,11.48873],[75.61922,11.48087],[75.62779,11.48045],[75.63227,11.48141],[75.63042,11.48375],[75.63175,11.48772],[75.63825,11.48942],[75.64131,11.49376],[75.64374,11.4925],[75.6492,11.49215],[75.65028,11.48887],[75.66217,11.4903],[75.66024,11.49194],[75.66301,11.49567],[75.66188,11.49925],[75.66054,11.50891],[75.66374,11.50992],[75.66843,11.50825],[75.67175,11.5],[75.67179,11.49779],[75.67703,11.49357],[75.68178,11.48791],[75.68769,11.48487],[75.69221,11.48079],[75.69285,11.47673],[75.69799,11.47466],[75.69851,11.46861],[75.70385,11.46377],[75.70713,11.46672],[75.7129,11.46794],[75.7149,11.47085],[75.71538,11.47729],[75.70982,11.47841],[75.70778,11.48142],[75.70746,11.48578],[75.7039,11.48655],[75.7005,11.49044],[75.70004,11.49498],[75.70955,11.49826],[75.71277,11.49983],[75.71343,11.50246],[75.71617,11.50301],[75.72223,11.50982],[75.71808,11.51325],[75.71618,11.51844],[75.71654,11.52202],[75.71998,11.52212],[75.72318,11.52076],[75.72449,11.52271],[75.72723,11.52191],[75.72904,11.51917],[75.73267,11.52277],[75.73349,11.53061],[75.72659,11.52961],[75.72533,11.53481],[75.72274,11.53816],[75.72172,11.54264],[75.7226,11.54489],[75.72059,11.54667],[75.72134,11.55148],[75.71553,11.55131],[75.71268,11.55298],[75.70811,11.55273],[75.70463,11.55496],[75.70146,11.55575],[75.69601,11.5552],[75.69601,11.55347],[75.69056,11.55399],[75.68917,11.55203],[75.68625,11.55203],[75.68463,11.54679],[75.68236,11.54697],[75.67605,11.54479],[75.67427,11.54172],[75.66423,11.53095],[75.65852,11.53031],[75.65503,11.52787],[75.65041,11.52799],[75.64417,11.52967],[75.64146,11.53411],[75.63967,11.53512],[75.63092,11.53604],[75.62772,11.53728],[75.62569,11.53952],[75.62261,11.54572],[75.61957,11.55044],[75.61965,11.55524],[75.62241,11.55745],[75.62193,11.56101],[75.61925,11.56513],[75.61477,11.56666]]]},"properties":{"level":"block","code":"melady","district":"KZD","lgd_code":6027}},{"type":"Feature","geometry":{"type":"Polygon","coordinates":[[[75.75111,11.50983],[75.75078,11.51277],[75.74625,11.51595],[75.74561,11.52333],[75.74288,11.52975],[75.73996,11.53024],[75.73909,11.53267],[75.73349,11.53061],[75.73267,11.52277],[75.72904,11.51917],[75.72723,11.52191],[75.72449,11.52271],[75.72318,11.52076],[75.71998,11.52212],[75.71654,11.52202],[75.71618,11.51844],[75.71808,11.51325],[75.72223,11.50982],[75.71617,11.50301],[75.71343,11.50246],[75.71277,11.49983],[75.70955,11.49826],[75.70004,11.49498],[75.7005,11.49044],[75.7039,11.48655],[75.70746,11.48578],[75.70778,11.48142],[75.70982,11.47841],[75.71538,11.47729],[75.7149,11.47085],[75.7129,11.46794],[75.70713,11.46672],[75.70385,11.46377],[75.69851,11.46861],[75.69799,11.47466],[75.69285,11.47673],[75.69221,11.48079],[75.68769,11.48487],[75.68178,11.48791],[75.67703,11.49357],[75.67179,11.49779],[75.67175,11.5],[75.66843,11.50825],[75.66374,11.50992],[75.66054,11.50891],[75.66188,11.49925],[75.66301,11.49567],[75.66024,11.49194],[75.66217,11.4903],[75.65028,11.48887],[75.6492,11.49215],[75.64374,11.4925],[75.64131,11.49376],[75.63825,11.48942],[75.63175,11.48772],[75.63042,11.48375],[75.63227,11.48141],[75.62779,11.48045],[75.61922,11.48087],[75.61646,11.47867],[75.61678,11.47641],[75.6209,11.47293],[75.62217,11.47419],[75.6264,11.47312],[75.62987,11.46957],[75.63339,11.46146],[75.63783,11.46209],[75.63739,11.46445],[75.64412,11.46625],[75.64523,11.4682],[75.65212,11.46652],[75.66014,11.46176],[75.6637,11.46213],[75.6661,11.46025],[75.67453,11.45191],[75.67568,11.44993],[75.67894,11.45109],[75.68161,11.44962],[75.68436,11.44616],[75.69163,11.4341],[75.69767,11.42488],[75.70286,11.41475],[75.70888,11.40212],[75.71219,11.40261],[75.71633,11.40468],[75.71865,11.40934],[75.72148,11.40771],[75.72669,11.40747],[75.73034,11.41077],[75.73307,11.40977],[75.73663,11.40687],[75.74405,11.41376],[75.74641,11.41507],[75.75162,11.42112],[75.74638,11.42315],[75.74107,11.42398],[75.73828,11.42534],[75.73424,11.42954],[75.73159,11.43113],[75.72793,11.44032],[75.72882,11.44541],[75.73094,11.44759],[75.73432,11.45317],[75.73531,11.45656],[75.74138,11.4664],[75.73958,11.47232],[75.73457,11.4758],[75.73182,11.47629],[75.73171,11.47878],[75.73475,11.48522],[75.73439,11.49138],[75.73239,11.49383],[75.73234,11.49695],[75.73491,11.49816],[75.73478,11.50205],[75.73981,11.50746],[75.74625,11.50992],[75.75111,11.50983]]]},"properties":{"level":"block","code":"panthalayani","district":"KZD","lgd_code":6028}},{"type":"Feature","geometry":{"type":"Polygon","coordinates":[[[75.90163,11.67841],[75.88036,11.67124],[75.86974,11.66718],[75.84836,11.65985],[75.84295,11.65821],[75.84468,11.65399],[75.83856,11.65005],[75.83622,11.64691],[75.83321,11.64681],[75.82802,11.64168],[75.82626,11.63891],[75.82345,11.63755],[75.82064,11.63963],[75.81446,11.63997],[75.81123,11.63632],[75.80684,11.63513],[75.80513,11.62597],[75.80269,11.62417],[75.79309,11.62339],[75.78683,11.62382],[75.78317,11.62612],[75.78024,11.63205],[75.77763,11.63349],[75.77748,11.63961],[75.77302,11.64046],[75.76938,11.64326],[75.76476,11.64543],[75.76032,11.65012],[75.75669,11.65085],[75.7542,11.64704],[75.75313,11.6432],[75.75403,11.63935],[75.75296,11.63712],[75.7484,11.63198],[75.74871,11.62361],[75.74211,11.61708],[75.74284,11.60972],[75.74102,11.60572],[75.74218,11.59973],[75.74436,11.59538],[75.74365,11.59294],[75.74042,11.59268],[75.73626,11.59534],[75.72953,11.59714],[75.71917,11.6014],[75.7097,11.60051],[75.70542,11.60253],[75.70183,11.59855],[75.69907,11.59413],[75.69726,11.59349],[75.69617,11.59276],[75.69288,11.58507],[75.69281,11.58116],[75.69069,11.57862],[75.68924,11.57442],[75.68691,11.57168],[75.67849,11.56842],[75.67324,11.56],[75.67856,11.55372],[75.67816,11.55048],[75.67605,11.54479],[75.68236,11.54697],[75.68463,11.54679],[75.68625,11.55203],[75.68917,11.55203],[75.69056,11.55399],[75.69601,11.55347],[75.69601,11.5552],[75.70146,11.55575],[75.70463,11.55496],[75.70811,11.55273],[75.71268,11.55298],[75.71553,11.55131],[75.72134,11.55148],[75.72059,11.54667],[75.7226,11.54489],[75.72172,11.54264],[75.72274,11.53816],[75.72533,11.53481],[75.72659,11.52961],[75.73349,11.53061],[75.73909,11.53267],[75.73996,11.53024],[75.74288,11.52975],[75.74561,11.52333],[75.74625,11.51595],[75.75078,11.51277],[75.75111,11.50983],[75.75503,11.51349],[75.75788,11.51499],[75.76312,11.51196],[75.76479,11.51355],[75.76979,11.513],[75.77084,11.51023],[75.77432,11.50732],[75.78211,11.50816],[75.78509,11.51177],[75.78716,11.51735],[75.78903,11.51522],[75.7919,11.51728],[75.79734,11.51867],[75.80006,11.51855],[75.8041,11.52141],[75.80614,11.51982],[75.80666,11.51716],[75.80929,11.51196],[75.813,11.51153],[75.82079,11.50893],[75.82492,11.51179],[75.82667,11.51577],[75.83147,11.51921],[75.83556,11.52302],[75.83932,11.52196],[75.84257,11.52277],[75.84467,11.52078],[75.84795,11.52043],[75.8509,11.52623],[75.8534,11.52962],[75.84899,11.53488],[75.84364,11.53363],[75.84059,11.5349],[75.83758,11.53926],[75.83077,11.53949],[75.82846,11.5405],[75.82504,11.55144],[75.82965,11.55204],[75.83573,11.55141],[75.84068,11.55476],[75.84295,11.55176],[75.84655,11.55471],[75.84886,11.55055],[75.85392,11.55269],[75.85423,11.54964],[75.85654,11.54338],[75.86151,11.53896],[75.863,11.54087],[75.85949,11.5487],[75.86014,11.55009],[75.86686,11.54749],[75.87445,11.54207],[75.87819,11.53809],[75.88165,11.53864],[75.88071,11.54314],[75.87679,11.54686],[75.8734,11.5486],[75.87781,11.55074],[75.88311,11.54719],[75.88463,11.54915],[75.8931,11.54811],[75.89868,11.54667],[75.89775,11.55004],[75.90087,11.55295],[75.90356,11.55173],[75.90505,11.55321],[75.91085,11.555],[75.91567,11.55508],[75.91791,11.54972],[75.92323,11.54621],[75.92387,11.54206],[75.92291,11.53822],[75.91808,11.5335],[75.92054,11.53073],[75.92179,11.52614],[75.92088,11.52308],[75.92237,11.51687],[75.92453,11.5143],[75.92434,11.50848],[75.92585,11.50664],[75.92921,11.50701],[75.93579,11.50348],[75.93677,11.50175],[75.94322,11.5078],[75.96415,11.5267],[75.98041,11.54097],[75.96955,11.55105],[75.96402,11.55757],[75.95781,11.56069],[75.95858,11.56308],[75.95806,11.56843],[75.95639,11.57328],[75.95748,11.57495],[75.95214,11.58094],[75.95035,11.58191],[75.94647,11.58091],[75.94193,11.58399],[75.93941,11.58431],[75.93656,11.59092],[75.92818,11.59054],[75.92537,11.59397],[75.9177,11.59586],[75.9144,11.60046],[75.90916,11.60081],[75.9074,11.60424],[75.90562,11.61214],[75.90416,11.61466],[75.90179,11.61557],[75.90143,11.61904],[75.89797,11.62288],[75.89787,11.62621],[75.89968,11.62958],[75.89983,11.63698],[75.897,11.64277],[75.89924,11.64473],[75.90341,11.65165],[75.90272,11.65703],[75.90533,11.66154],[75.9029,11.67152],[75.90009,11.67605],[75.90163,11.67841]]]},"properties":{"level":"block","code":"perambra","district":"KZD","lgd_code":6029}},{"type":"Feature","geometry":{"type":"Polygon","coordinates":[[[75.69029,11.63843],[75.68766,11.63728],[75.68267,11.63887],[75.68353,11.6433],[75.68497,11.64504],[75.68828,11.64543],[75.68894,11.64792],[75.68376,11.64712],[75.68008,11.64446],[75.67861,11.64518],[75.67474,11.65086],[75.66877,11.65378],[75.66313,11.65426],[75.66019,11.65774],[75.65287,11.65806],[75.65061,11.65471],[75.64957,11.65079],[75.64683,11.65103],[75.64103,11.64982],[75.63609,11.64963],[75.63157,11.64762],[75.62802,11.64734],[75.62682,11.6423],[75.62267,11.63819],[75.63224,11.62741],[75.63429,11.63081],[75.63715,11.63252],[75.64433,11.63305],[75.64889,11.63568],[75.65326,11.63151],[75.65195,11.63018],[75.65299,11.62172],[75.65199,11.61935],[75.64808,11.61913],[75.64577,11.61741],[75.64567,11.61483],[75.64308,11.61464],[75.64076,11.61251],[75.63392,11.60851],[75.63516,11.60527],[75.63277,11.60077],[75.63616,11.59917],[75.63773,11.5958],[75.64182,11.59602],[75.64375,11.59191],[75.64557,11.59088],[75.64684,11.5873],[75.65322,11.58061],[75.65167,11.57829],[75.64824,11.57836],[75.64233,11.58004],[75.6436,11.58297],[75.6392,11.58576],[75.63293,11.58723],[75.6276,11.58657],[75.62491,11.58199],[75.62115,11.57737],[75.62174,11.57379],[75.61661,11.57018],[75.61477,11.56666],[75.61925,11.56513],[75.62193,11.56101],[75.62241,11.55745],[75.61965,11.55524],[75.61957,11.55044],[75.62261,11.54572],[75.62569,11.53952],[75.62772,11.53728],[75.63092,11.53604],[75.63967,11.53512],[75.64146,11.53411],[75.64417,11.52967],[75.65041,11.52799],[75.65503,11.52787],[75.65852,11.53031],[75.66423,11.53095],[75.67427,11.54172],[75.67605,11.54479],[75.67816,11.55048],[75.67856,11.55372],[75.67324,11.56],[75.67849,11.56842],[75.68691,11.57168],[75.68924,11.57442],[75.69069,11.57862],[75.69281,11.58116],[75.69288,11.58507],[75.69617,11.59276],[75.69726,11.59349],[75.69846,11.59524],[75.69784,11.60067],[75.70085,11.60478],[75.69692,11.60718],[75.69578,11.60933],[75.69699,11.61239],[75.69429,11.61741],[75.69464,11.62139],[75.69243,11.62251],[75.69282,11.62523],[75.69154,11.62996],[75.68819,11.63182],[75.69029,11.63843]]]},"properties":{"level":"block","code":"thodannur","district":"KZD","lgd_code":6030}},{"type":"Feature","geometry":{"type":"Polygon","coordinates":[[[75.6031,11.71883],[75.59944,11.71922],[75.59615,11.71374],[75.59322,11.71254],[75.58899,11.71328],[75.5875,11.71133],[75.59319,11.70844],[75.59386,11.70528],[75.59236,11.69974],[75.59487,11.69643],[75.60112,11.69628],[75.60389,11.69048],[75.60032,11.6867],[75.60056,11.68012],[75.6017,11.67873],[75.60746,11.6785],[75.60703,11.67514],[75.60389,11.67367],[75.60523,11.66153],[75.60977,11.65593],[75.61675,11.65516],[75.62076,11.65204],[75.62441,11.65058],[75.62802,11.64734],[75.63157,11.64762],[75.63609,11.64963],[75.64103,11.64982],[75.64683,11.65103],[75.64957,11.65079],[75.65061,11.65471],[75.65287,11.65806],[75.66019,11.65774],[75.66313,11.65426],[75.66877,11.65378],[75.67474,11.65086],[75.67861,11.64518],[75.68008,11.64446],[75.68376,11.64712],[75.68894,11.64792],[75.68828,11.64543],[75.68497,11.64504],[75.68353,11.6433],[75.68267,11.63887],[75.68766,11.63728],[75.69029,11.63843],[75.69829,11.64744],[75.70433,11.64368],[75.70891,11.6458],[75.70522,11.65231],[75.70262,11.65443],[75.70757,11.65534],[75.70741,11.65838],[75.704,11.66635],[75.69906,11.66891],[75.69115,11.67019],[75.68582,11.66729],[75.68683,11.66528],[75.68067,11.66434],[75.67785,11.66687],[75.67399,11.6636],[75.66808,11.66532],[75.66359,11.66309],[75.66051,11.66018],[75.65578,11.66089],[75.65585,11.66438],[75.64994,11.67079],[75.64647,11.66806],[75.64342,11.66855],[75.64168,11.67217],[75.64279,11.6814],[75.6459,11.68291],[75.64866,11.68659],[75.64863,11.68886],[75.65109,11.68999],[75.64918,11.69419],[75.64908,11.70037],[75.64633,11.70561],[75.65294,11.70906],[75.65448,11.70783],[75.65455,11.70437],[75.65786,11.7044],[75.65982,11.70686],[75.6629,11.70259],[75.66681,11.70178],[75.66894,11.7035],[75.67045,11.70819],[75.67331,11.71093],[75.67776,11.70848],[75.67906,11.70477],[75.68267,11.70536],[75.68538,11.70452],[75.68895,11.70676],[75.69402,11.70684],[75.69386,11.71008],[75.69867,11.70772],[75.70094,11.7108],[75.70386,11.709],[75.70548,11.70996],[75.70491,11.71384],[75.7086,11.71603],[75.71075,11.71515],[75.71333,11.71652],[75.71191,11.7222],[75.7141,11.72532],[75.71321,11.72864],[75.715,11.73008],[75.71463,11.73484],[75.7221,11.73425],[75.72166,11.73669],[75.71752,11.74221],[75.71841,11.74465],[75.72868,11.74723],[75.72998,11.75063],[75.73377,11.75127],[75.73428,11.7559],[75.73724,11.75925],[75.74195,11.75866],[75.74549,11.75919],[75.74894,11.76416],[75.7548,11.76531],[75.75737,11.76711],[75.76404,11.76965],[75.77194,11.7744],[75.77554,11.77544],[75.78698,11.77523],[75.79175,11.77859],[75.79385,11.78486],[75.79314,11.79113],[75.7798,11.79919],[75.77666,11.802],[75.77205,11.80275],[75.76909,11.80366],[75.76293,11.80395],[75.75733,11.80587],[75.74988,11.8039],[75.74703,11.79796],[75.75319,11.79491],[75.7534,11.79231],[75.75763,11.78913],[75.75008,11.78209],[75.74593,11.78664],[75.7418,11.78604],[75.73723,11.78676],[75.73729,11.78141],[75.72892,11.78048],[75.72679,11.78741],[75.72301,11.79241],[75.71657,11.79684],[75.71315,11.79611],[75.707,11.79722],[75.69913,11.79944],[75.69149,11.79954],[75.69141,11.79432],[75.68807,11.78882],[75.68774,11.7851],[75.68571,11.77884],[75.68297,11.77459],[75.67841,11.77357],[75.67478,11.77172],[75.6692,11.77043],[75.66705,11.76597],[75.66698,11.76083],[75.66507,11.75828],[75.6592,11.75826],[75.6581,11.75536],[75.65441,11.75381],[75.64837,11.74982],[75.64851,11.74678],[75.64347,11.74337],[75.64131,11.74418],[75.63799,11.73854],[75.63387,11.73634],[75.62969,11.73877],[75.6273,11.73812],[75.62262,11.73328],[75.62421,11.7322],[75.61961,11.72782],[75.61494,11.72437],[75.61099,11.72524],[75.60859,11.72112],[75.60619,11.7226],[75.6031,11.71883]]]},"properties":{"level":"block","code":"thuneri","district":"KZD","lgd_code":6031}},{"type":"Feature","geometry":{"type":"Polygon","coordinates":[[[75.61477,11.56666],[75.61661,11.57018],[75.62174,11.57379],[75.62115,11.57737],[75.62491,11.58199],[75.6276,11.58657],[75.63293,11.58723],[75.6392,11.58576],[75.6436,11.58297],[75.64233,11.58004],[75.64824,11.57836],[75.65167,11.57829],[75.65322,11.58061],[75.64684,11.5873],[75.64557,11.59088],[75.64375,11.59191],[75.64182,11.59602],[75.63773,11.5958],[75.63616,11.59917],[75.63277,11.60077],[75.63516,11.60527],[75.63392,11.60851],[75.64076,11.61251],[75.64308,11.61464],[75.64567,11.61483],[75.64577,11.61741],[75.64808,11.61913],[75.65199,11.61935],[75.65299,11.62172],[75.65195,11.63018],[75.65326,11.63151],[75.64889,11.63568],[75.64433,11.63305],[75.63715,11.63252],[75.63429,11.63081],[75.63224,11.62741],[75.62267,11.63819],[75.62682,11.6423],[75.62802,11.64734],[75.62441,11.65058],[75.62076,11.65204],[75.61675,11.65516],[75.60977,11.65593],[75.60523,11.66153],[75.60389,11.67367],[75.60703,11.67514],[75.60746,11.6785],[75.6017,11.67873],[75.60056,11.68012],[75.60032,11.6867],[75.59398,11.6884],[75.58724,11.68726],[75.58373,11.68475],[75.57913,11.67981],[75.56999,11.67508],[75.56618,11.67997],[75.56274,11.68052],[75.56163,11.68347],[75.56402,11.69261],[75.56356,11.6943],[75.55684,11.69837],[75.55318,11.70338],[75.54999,11.7047],[75.54423,11.70454],[75.54225,11.70209],[75.54148,11.6968],[75.53623,11.69354],[75.54202,11.68324],[75.54668,11.67364],[75.54837,11.66914],[75.56147,11.64066],[75.56327,11.63508],[75.56675,11.62813],[75.56728,11.6251],[75.57551,11.60429],[75.58044,11.59037],[75.58269,11.58527],[75.58596,11.57576],[75.59021,11.56145],[75.59357,11.5627],[75.59137,11.56643],[75.59106,11.56952],[75.59268,11.57089],[75.59936,11.56868],[75.60207,11.56594],[75.60705,11.56381],[75.60987,11.56377],[75.61477,11.56666]]]},"properties":{"level":"block","code":"vadakara","district":"KZD","lgd_code":6032}},{"type":"Feature","geometry":{"type":"Polygon","coordinates":[[[76.06946,11.29405],[76.07101,11.29237],[76.07257,11.28764],[76.06799,11.28469],[76.06636,11.28512],[76.06117,11.28242],[76.05836,11.27722],[76.05172,11.27174],[76.04909,11.26737],[76.04109,11.2669],[76.03615,11.26798],[76.03268,11.26608],[76.02391,11.26892],[76.01921,11.26866],[76.01781,11.26757],[76.01371,11.26801],[76.01162,11.26538],[76.00921,11.25975],[76.00725,11.25886],[75.99999,11.25877],[75.99546,11.2541],[75.99596,11.24925],[75.99297,11.24427],[75.98698,11.24494],[75.98338,11.24735],[75.98054,11.24599],[75.97522,11.23901],[75.97324,11.23816],[75.96995,11.2325],[75.97304,11.23],[75.97263,11.2284],[75.96883,11.22455],[75.96442,11.22239],[75.95963,11.22256],[75.96019,11.21923],[75.95872,11.21587],[75.95375,11.21282],[75.95466,11.20862],[75.95177,11.20797],[75.95821,11.20301],[75.95775,11.19764],[75.96022,11.19333],[75.95931,11.19135],[75.95364,11.1887],[75.95592,11.1853],[75.95814,11.17689],[75.96189,11.17614],[75.96346,11.17423],[75.96841,11.17194],[75.97018,11.17024],[75.97033,11.16396],[75.97216,11.15771],[75.97195,11.15295],[75.98207,11.15255],[75.98759,11.15065],[75.98962,11.1536],[75.98952,11.15896],[75.99352,11.1561],[76,11.15461],[76.00434,11.16006],[76.00855,11.1613],[76.01448,11.1589],[76.01667,11.1588],[76.01836,11.15534],[76.02252,11.15394],[76.02909,11.14474],[76.03194,11.14208],[76.03481,11.14301],[76.03632,11.14027],[76.03919,11.13978],[76.04516,11.13502],[76.04879,11.1379],[76.05498,11.13414],[76.05554,11.13114],[76.0591,11.13109],[76.06115,11.13378],[76.06385,11.13409],[76.06921,11.13674],[76.08285,11.13007],[76.08442,11.13138],[76.08473,11.13478],[76.08954,11.14006],[76.08593,11.14256],[76.0881,11.14622],[76.09043,11.14472],[76.09407,11.14641],[76.09742,11.14913],[76.10133,11.15589],[76.10371,11.15475],[76.10607,11.15911],[76.10583,11.16204],[76.09835,11.16473],[76.09842,11.16731],[76.09271,11.16991],[76.08921,11.17806],[76.09391,11.18073],[76.09114,11.1838],[76.09085,11.18915],[76.0947,11.19024],[76.09408,11.19359],[76.09463,11.19901],[76.09925,11.20003],[76.09869,11.20836],[76.09681,11.20955],[76.09063,11.20891],[76.08719,11.21117],[76.0875,11.21611],[76.08683,11.21954],[76.08968,11.22135],[76.09416,11.21997],[76.09512,11.2146],[76.09685,11.21412],[76.10557,11.22293],[76.1111,11.22424],[76.11342,11.23029],[76.10836,11.23628],[76.11071,11.23913],[76.10902,11.24279],[76.10883,11.24903],[76.1072,11.25961],[76.10551,11.26097],[76.10657,11.26415],[76.10885,11.26615],[76.12205,11.26682],[76.12567,11.26569],[76.12985,11.26592],[76.13333,11.26443],[76.13597,11.26527],[76.14032,11.26463],[76.14425,11.26814],[76.14785,11.26722],[76.14502,11.27909],[76.1406,11.28142],[76.13748,11.29202],[76.13591,11.29516],[76.13692,11.29839],[76.13381,11.30396],[76.13383,11.30894],[76.12979,11.31112],[76.1293,11.31313],[76.13397,11.31812],[76.13958,11.31973],[76.14163,11.32484],[76.12889,11.3282],[76.12651,11.33139],[76.12199,11.34337],[76.11567,11.34412],[76.11755,11.33715],[76.11514,11.32952],[76.11814,11.32704],[76.11901,11.32468],[76.11869,11.32005],[76.11382,11.31446],[76.10697,11.31519],[76.1036,11.31123],[76.0972,11.31128],[76.09386,11.31021],[76.09212,11.31139],[76.08705,11.31],[76.08351,11.30744],[76.08448,11.30468],[76.07794,11.2994],[76.06946,11.29405]]]},"properties":{"level":"block","code":"areakode","district":"MLP","lgd_code":6033}},{"type":"Feature","geometry":{"type":"Polygon","coordinates":[[[76.25748,11.25001],[76.26073,11.24457],[76.2593,11.23777],[76.26171,11.22955],[76.26463,11.22828],[76.26409,11.22425],[76.26593,11.22322],[76.26731,11.21999],[76.26664,11.21693],[76.2705,11.21521],[76.28238,11.22013],[76.28387,11.2225],[76.29032,11.22567],[76.29125,11.22697],[76.29621,11.22247],[76.29879,11.21858],[76.29955,11.21456],[76.29836,11.21213],[76.29567,11.21067],[76.29279,11.20162],[76.28809,11.19807],[76.28646,11.19783],[76.28334,11.20049],[76.27857,11.19846],[76.27885,11.19636],[76.2764,11.1942],[76.27355,11.19546],[76.27176,11.19141],[76.27388,11.18809],[76.27711,11.18922],[76.28433,11.18731],[76.27944,11.18272],[76.27916,11.18088],[76.27332,11.18299],[76.2715,11.18231],[76.27269,11.1774],[76.27222,11.17359],[76.27413,11.17027],[76.2707,11.16297],[76.27424,11.16203],[76.27581,11.16016],[76.27558,11.15711],[76.2711,11.15639],[76.2708,11.15066],[76.26873,11.14945],[76.26963,11.1429],[76.27812,11.14482],[76.28247,11.141],[76.28078,11.13944],[76.28049,11.13484],[76.27812,11.12776],[76.27813,11.12543],[76.27422,11.12545],[76.27436,11.1203],[76.27736,11.11768],[76.277,11.11336],[76.27885,11.10984],[76.27527,11.10655],[76.27605,11.10074],[76.27583,11.09469],[76.27457,11.09132],[76.27002,11.08891],[76.26736,11.09201],[76.2662,11.0893],[76.26785,11.08517],[76.27093,11.08219],[76.26491,11.07931],[76.26424,11.077],[76.26923,11.07608],[76.27226,11.07379],[76.27624,11.07309],[76.28813,11.07866],[76.29301,11.07824],[76.29035,11.07327],[76.29184,11.07102],[76.29305,11.0663],[76.29317,11.0619],[76.28979,11.06049],[76.28636,11.06217],[76.28613,11.05732],[76.28742,11.05384],[76.29253,11.05218],[76.2946,11.05056],[76.30453,11.04862],[76.30906,11.04667],[76.30917,11.04912],[76.31161,11.05069],[76.31993,11.05179],[76.32485,11.05022],[76.33096,11.05506],[76.3329,11.05944],[76.3344,11.06018],[76.33334,11.06635],[76.33055,11.0691],[76.33103,11.07263],[76.33949,11.07773],[76.34221,11.0826],[76.34412,11.08803],[76.34771,11.08836],[76.35101,11.09235],[76.35775,11.09326],[76.36049,11.09791],[76.36698,11.09736],[76.36894,11.09856],[76.37549,11.097],[76.38222,11.10034],[76.38828,11.09929],[76.38941,11.1033],[76.38542,11.10861],[76.3859,11.11152],[76.38992,11.11184],[76.39913,11.11367],[76.40351,11.11541],[76.40853,11.11854],[76.40823,11.13022],[76.41009,11.13502],[76.41071,11.13931],[76.41353,11.14162],[76.41035,11.14529],[76.41032,11.1487],[76.40699,11.15126],[76.40651,11.15612],[76.40847,11.15695],[76.41128,11.16192],[76.41076,11.16464],[76.41261,11.16632],[76.41368,11.17086],[76.41129,11.1733],[76.40976,11.17666],[76.40705,11.17857],[76.40565,11.18392],[76.40275,11.18644],[76.40626,11.19331],[76.40439,11.20108],[76.40458,11.20567],[76.40305,11.20769],[76.4047,11.20963],[76.40819,11.20838],[76.41374,11.21106],[76.41816,11.20885],[76.42458,11.20928],[76.42848,11.20752],[76.43067,11.2029],[76.43558,11.20214],[76.43749,11.20434],[76.43936,11.20296],[76.44896,11.20547],[76.45309,11.23937],[76.4663,11.24512],[76.48711,11.25829],[76.50838,11.26689],[76.52218,11.27134],[76.52626,11.28826],[76.53819,11.29491],[76.54576,11.30031],[76.53936,11.30462],[76.5373,11.31404],[76.54286,11.32199],[76.54997,11.33099],[76.54744,11.34547],[76.54786,11.35889],[76.50818,11.35412],[76.51512,11.35969],[76.51775,11.37156],[76.50372,11.37552],[76.49905,11.37726],[76.47518,11.38352],[76.46208,11.38747],[76.44895,11.37867],[76.44478,11.37709],[76.43404,11.37907],[76.43083,11.37687],[76.42624,11.372],[76.41961,11.3672],[76.4089,11.36248],[76.40311,11.36235],[76.39842,11.36601],[76.39064,11.37017],[76.38847,11.37632],[76.38349,11.37873],[76.37662,11.38328],[76.37369,11.38018],[76.37478,11.37531],[76.37157,11.36899],[76.36599,11.3648],[76.36627,11.35872],[76.3649,11.35387],[76.36164,11.35442],[76.36182,11.35024],[76.35902,11.33895],[76.35787,11.33781],[76.3541,11.34065],[76.34875,11.33676],[76.34587,11.3281],[76.339,11.31879],[76.33818,11.31621],[76.33434,11.31202],[76.3327,11.31215],[76.32773,11.30967],[76.3231,11.31105],[76.32198,11.30952],[76.3236,11.30632],[76.32002,11.30485],[76.31708,11.30156],[76.31396,11.30283],[76.31399,11.3079],[76.31545,11.30974],[76.31484,11.31369],[76.31186,11.3165],[76.30841,11.31409],[76.30577,11.31378],[76.30397,11.3106],[76.30173,11.30926],[76.30152,11.30675],[76.29576,11.30586],[76.29344,11.30257],[76.28519,11.30388],[76.28403,11.30654],[76.2807,11.30727],[76.27774,11.30434],[76.27689,11.29678],[76.27473,11.295],[76.27542,11.29229],[76.27422,11.28976],[76.2758,11.28595],[76.2739,11.28162],[76.26709,11.27739],[76.2645,11.27316],[76.26403,11.2686],[76.26582,11.26495],[76.26356,11.25503],[76.26194,11.25037],[76.25748,11.25001]]]},"properties":{"level":"block","code":"kalikavu","district":"MLP","lgd_code":6692}},{"type":"Feature","geometry":{"type":"Polygon","coordinates":[[[75.85786,11.14412],[75.85887,11.14066],[75.86166,11.1398],[75.86122,11.13662],[75.86472,11.13588],[75.86497,11.13328],[75.8672,11.13078],[75.8704,11.1305],[75.87441,11.13443],[75.87728,11.13848],[75.88182,11.14015],[75.88512,11.14257],[75.88915,11.14176],[75.88864,11.1386],[75.88976,11.13587],[75.89459,11.13263],[75.89874,11.13189],[75.902,11.1281],[75.90709,11.12433],[75.90768,11.12255],[75.91439,11.11771],[75.91672,11.11481],[75.91845,11.1149],[75.92079,11.11789],[75.92437,11.12503],[75.92828,11.12758],[75.9308,11.13221],[75.93347,11.13101],[75.93258,11.12717],[75.93324,11.12278],[75.93152,11.11891],[75.93325,11.11752],[75.93927,11.11552],[75.94518,11.11738],[75.951,11.11516],[75.95949,11.11507],[75.95985,11.11345],[75.96262,11.11351],[75.96313,11.11798],[75.96991,11.11467],[75.9739,11.11199],[75.97604,11.11372],[75.978,11.11253],[75.98373,11.11222],[75.98842,11.10931],[75.99222,11.10983],[76.00063,11.10405],[76.00217,11.10194],[76.00793,11.09799],[76.01062,11.10195],[76.01267,11.10307],[76.01596,11.09838],[76.01978,11.09479],[76.02344,11.08949],[76.03021,11.08592],[76.037,11.0853],[76.04425,11.08355],[76.04691,11.08804],[76.04409,11.08985],[76.04368,11.09898],[76.03969,11.10629],[76.0314,11.10958],[76.03217,11.11371],[76.03065,11.11752],[76.03279,11.11959],[76.02911,11.12403],[76.02992,11.12657],[76.03436,11.1266],[76.03686,11.12772],[76.03763,11.13219],[76.0396,11.13222],[76.04034,11.13597],[76.04516,11.13502],[76.03919,11.13978],[76.03632,11.14027],[76.03481,11.14301],[76.03194,11.14208],[76.02909,11.14474],[76.02252,11.15394],[76.01836,11.15534],[76.01667,11.1588],[76.01448,11.1589],[76.00855,11.1613],[76.00434,11.16006],[76,11.15461],[75.99352,11.1561],[75.98952,11.15896],[75.98962,11.1536],[75.98759,11.15065],[75.98207,11.15255],[75.97195,11.15295],[75.97216,11.15771],[75.97033,11.16396],[75.97018,11.17024],[75.96841,11.17194],[75.96346,11.17423],[75.96189,11.17614],[75.95814,11.17689],[75.95592,11.1853],[75.95364,11.1887],[75.95931,11.19135],[75.96022,11.19333],[75.95775,11.19764],[75.95821,11.20301],[75.95177,11.20797],[75.95466,11.20862],[75.95375,11.21282],[75.95872,11.21587],[75.96019,11.21923],[75.95963,11.22256],[75.96442,11.22239],[75.96883,11.22455],[75.97263,11.2284],[75.97304,11.23],[75.96995,11.2325],[75.97324,11.23816],[75.97522,11.23901],[75.98054,11.24599],[75.98338,11.24735],[75.98698,11.24494],[75.99297,11.24427],[75.99596,11.24925],[75.99546,11.2541],[75.98655,11.2616],[75.98169,11.26354],[75.97574,11.26897],[75.96988,11.26625],[75.9641,11.26083],[75.9603,11.25437],[75.95798,11.25237],[75.95192,11.25003],[75.93907,11.24911],[75.9252,11.2452],[75.92332,11.24338],[75.9194,11.2372],[75.91697,11.2362],[75.91174,11.23693],[75.90787,11.24002],[75.9016,11.24283],[75.8993,11.2409],[75.89943,11.23491],[75.89718,11.22998],[75.89572,11.22932],[75.88879,11.2292],[75.87777,11.22314],[75.87594,11.21736],[75.87149,11.20972],[75.86821,11.20635],[75.86277,11.20491],[75.85959,11.205],[75.85737,11.20762],[75.85557,11.20156],[75.8598,11.20042],[75.86,11.19505],[75.86216,11.18976],[75.86502,11.18787],[75.87202,11.18769],[75.87459,11.18635],[75.87589,11.18239],[75.88054,11.18269],[75.88123,11.18493],[75.88588,11.18261],[75.88582,11.17505],[75.88766,11.17204],[75.88175,11.17104],[75.87794,11.16627],[75.87069,11.16938],[75.87053,11.17245],[75.8645,11.17098],[75.86496,11.1698],[75.86072,11.16649],[75.86073,11.16086],[75.85663,11.15612],[75.85388,11.15596],[75.85221,11.15343],[75.85521,11.1504],[75.85509,11.148],[75.85786,11.14412]]]},"properties":{"level":"block","code":"kondotty","district":"MLP","lgd_code":6034}},{"type":"Feature","geometry":{"type":"Polygon","coordinates":[[[76.06781,10.96139],[76.06664,10.96158],[76.06045,10.96951],[76.05741,10.96916],[76.05415,10.96529],[76.0483,10.96594],[76.04442,10.96808],[76.04983,10.97321],[76.04574,10.97369],[76.04265,10.97241],[76.03802,10.97362],[76.03638,10.97198],[76.03251,10.97194],[76.02915,10.97309],[76.02453,10.97077],[76.0188,10.97212],[76.01619,10.97391],[76.01548,10.97038],[76.01076,10.96994],[76.00767,10.96909],[76.00795,10.96191],[76.00386,10.9484],[76.00018,10.94222],[76.0017,10.93564],[75.99914,10.93241],[75.99711,10.92726],[75.99636,10.91983],[75.99607,10.91465],[75.99705,10.91228],[75.9971,10.90766],[75.99551,10.90314],[75.99733,10.89985],[76.00017,10.90344],[76.00552,10.89793],[76.00886,10.89741],[76.00898,10.89302],[76.0106,10.89197],[76.0102,10.88861],[76,10.88156],[75.99643,10.88113],[75.99293,10.87929],[75.98768,10.8746],[75.98992,10.872],[75.99566,10.87132],[75.99547,10.86299],[76,10.86378],[76.00474,10.86342],[76.01167,10.8615],[76.01433,10.86005],[76.02041,10.85479],[76.02294,10.84815],[76.02365,10.83673],[76.02719,10.83345],[76.03203,10.83163],[76.03517,10.8344],[76.03768,10.83815],[76.04003,10.84583],[76.04464,10.84879],[76.05378,10.84577],[76.05971,10.83986],[76.06915,10.83812],[76.07377,10.83939],[76.07633,10.83908],[76.08159,10.84017],[76.08967,10.83969],[76.09486,10.84084],[76.10018,10.84349],[76.10283,10.84735],[76.10249,10.85888],[76.10348,10.86134],[76.10213,10.86844],[76.10391,10.87195],[76.11075,10.86696],[76.11345,10.86907],[76.1136,10.8769],[76.11471,10.88137],[76.11659,10.88223],[76.13024,10.87839],[76.13153,10.88132],[76.13037,10.88579],[76.13077,10.89652],[76.1246,10.89718],[76.12237,10.90078],[76.12044,10.90116],[76.12021,10.90515],[76.11715,10.90626],[76.11671,10.91176],[76.11819,10.91834],[76.11673,10.92499],[76.12028,10.92997],[76.11911,10.93411],[76.1209,10.93849],[76.11798,10.9407],[76.11742,10.94316],[76.113,10.9422],[76.10596,10.94351],[76.10306,10.94053],[76.09956,10.94283],[76.09579,10.94374],[76.09583,10.9463],[76.08869,10.95138],[76.08405,10.95593],[76.08089,10.95637],[76.07709,10.95453],[76.07596,10.95748],[76.07106,10.95911],[76.06819,10.95866],[76.06781,10.96139]]]},"properties":{"level":"block","code":"kuttippuram","district":"MLP","lgd_code":6035}},{"type":"Feature","geometry":{"type":"Polygon","coordinates":[[[76.04516,11.13502],[76.04034,11.13597],[76.0396,11.13222],[76.03763,11.13219],[76.03686,11.12772],[76.03436,11.1266],[76.02992,11.12657],[76.02911,11.12403],[76.03279,11.11959],[76.03065,11.11752],[76.03217,11.11371],[76.0314,11.10958],[76.03969,11.10629],[76.04368,11.09898],[76.04409,11.08985],[76.04691,11.08804],[76.04425,11.08355],[76.037,11.0853],[76.03021,11.08592],[76.02344,11.08949],[76.01978,11.09479],[76.01596,11.09838],[76.01267,11.10307],[76.01062,11.10195],[76.00793,11.09799],[76.01031,11.09404],[76.00799,11.08421],[76.00505,11.08195],[76.00642,11.078],[76.00375,11.07778],[76.00455,11.07204],[76.00224,11.06861],[75.99623,11.06359],[75.99066,11.05737],[75.98791,11.05676],[75.98428,11.05409],[75.98427,11.04954],[75.98756,11.04722],[75.98723,11.04379],[75.99197,11.04387],[75.99634,11.04183],[76.00152,11.043],[76.00332,11.04186],[76.00851,11.04494],[76.01218,11.0444],[76.01914,11.04644],[76.02011,11.04877],[76.01863,11.05184],[76.02248,11.0519],[76.0229,11.05536],[76.02478,11.0573],[76.02823,11.05303],[76.03237,11.05848],[76.03498,11.05951],[76.0403,11.05614],[76.03975,11.05367],[76.03524,11.05057],[76.03475,11.04872],[76.0376,11.04485],[76.04114,11.04636],[76.04457,11.04588],[76.0454,11.04408],[76.04115,11.04016],[76.03727,11.03933],[76.03518,11.03552],[76.03566,11.03409],[76.03366,11.02755],[76.03092,11.02635],[76.02968,11.02224],[76.03319,11.02191],[76.03584,11.01733],[76.03243,11.01513],[76.03414,11.01208],[76.03288,11.00832],[76.03684,11.00888],[76.0385,11.00447],[76.03539,11.00362],[76.03008,11.00705],[76.02625,11.0019],[76.02258,10.99937],[76.02267,10.99348],[76.01948,10.99478],[76.01655,10.99783],[76.00967,11.00135],[76.00819,11.00372],[76.00369,11.00445],[76.00096,11.00607],[75.99741,11.00179],[75.99066,11.00267],[75.98672,11],[75.98696,10.99724],[75.99118,10.99779],[75.99252,10.98858],[75.99699,10.98325],[75.99834,10.97956],[76.00399,10.97789],[76.00483,10.97568],[76.00945,10.97251],[76.01076,10.96994],[76.01548,10.97038],[76.01619,10.97391],[76.0188,10.97212],[76.02453,10.97077],[76.02915,10.97309],[76.03251,10.97194],[76.03638,10.97198],[76.03802,10.97362],[76.04265,10.97241],[76.04574,10.97369],[76.04983,10.97321],[76.04442,10.96808],[76.0483,10.96594],[76.05415,10.96529],[76.05741,10.96916],[76.06045,10.96951],[76.06664,10.96158],[76.06781,10.96139],[76.07019,10.96408],[76.07107,10.96782],[76.07592,10.97073],[76.07911,10.97039],[76.08121,10.97641],[76.08352,10.97527],[76.08488,10.98471],[76.08708,10.99018],[76.09187,10.99843],[76.08912,10.99941],[76.08081,11.00085],[76.06565,10.99823],[76.06235,10.99894],[76.05985,11.00317],[76.05731,11.00438],[76.0544,11.01014],[76.05661,11.01498],[76.05245,11.01974],[76.05266,11.02365],[76.04645,11.03],[76.04707,11.03586],[76.04989,11.03654],[76.05483,11.03948],[76.0567,11.04804],[76.06126,11.05052],[76.06544,11.04625],[76.06544,11.04329],[76.06245,11.03989],[76.06466,11.03748],[76.0683,11.03985],[76.07069,11.03929],[76.07005,11.03213],[76.07496,11.02773],[76.07648,11.02772],[76.07712,11.03655],[76.07854,11.03761],[76.08184,11.03543],[76.08598,11.03707],[76.08876,11.03573],[76.09033,11.03174],[76.09487,11.03215],[76.09799,11.02989],[76.10164,11.02944],[76.10248,11.03098],[76.10072,11.03436],[76.09648,11.03752],[76.09694,11.04116],[76.09428,11.04608],[76.09952,11.05192],[76.10096,11.05522],[76.09821,11.05782],[76.09411,11.06579],[76.09562,11.06853],[76.10379,11.06881],[76.10378,11.07275],[76.10709,11.0741],[76.10858,11.06641],[76.11198,11.06663],[76.11499,11.06946],[76.11587,11.06388],[76.1179,11.06189],[76.12651,11.07201],[76.12675,11.07582],[76.12364,11.07822],[76.12428,11.08032],[76.12814,11.07989],[76.12929,11.07536],[76.13928,11.07568],[76.14207,11.07309],[76.14856,11.06918],[76.14813,11.0673],[76.157,11.06587],[76.15916,11.06409],[76.16315,11.06325],[76.16467,11.05928],[76.17405,11.04983],[76.1791,11.05048],[76.1832,11.05005],[76.19098,11.05739],[76.19486,11.05854],[76.19583,11.06428],[76.19364,11.07042],[76.19802,11.06836],[76.1995,11.07239],[76.20517,11.07578],[76.20611,11.07792],[76.20514,11.08174],[76.20244,11.08417],[76.20284,11.0871],[76.2003,11.09005],[76.19933,11.09405],[76.19464,11.09316],[76.19266,11.09083],[76.19006,11.09052],[76.18973,11.09627],[76.19048,11.102],[76.18785,11.10269],[76.18894,11.10729],[76.1913,11.10912],[76.18316,11.11223],[76.18564,11.12015],[76.18304,11.12475],[76.18067,11.12494],[76.17943,11.12734],[76.17562,11.12822],[76.17184,11.13343],[76.17037,11.13286],[76.16697,11.13527],[76.16244,11.13482],[76.15748,11.13579],[76.15615,11.13465],[76.15661,11.13039],[76.15275,11.13184],[76.14827,11.13008],[76.14535,11.13103],[76.13736,11.12839],[76.13387,11.12782],[76.13135,11.13142],[76.13482,11.13632],[76.13391,11.13832],[76.12714,11.13991],[76.12485,11.1367],[76.12005,11.13984],[76.11813,11.14246],[76.11211,11.14486],[76.10662,11.14538],[76.10293,11.1444],[76.10163,11.14771],[76.10493,11.14914],[76.10264,11.152],[76.10371,11.15475],[76.10133,11.15589],[76.09742,11.14913],[76.09407,11.14641],[76.09043,11.14472],[76.0881,11.14622],[76.08593,11.14256],[76.08954,11.14006],[76.08473,11.13478],[76.08442,11.13138],[76.08285,11.13007],[76.06921,11.13674],[76.06385,11.13409],[76.06115,11.13378],[76.0591,11.13109],[76.05554,11.13114],[76.05498,11.13414],[76.04879,11.1379],[76.04516,11.13502]]]},"properties":{"level":"block","code":"malappuram","district":"MLP","lgd_code":6036}},{"type":"Feature","geometry":{"type":"Polygon","coordinates":[[[76.13077,10.89652],[76.13366,10.89703],[76.13776,10.89543],[76.14445,10.8897],[76.14991,10.88991],[76.15201,10.89143],[76.15807,10.90022],[76.15885,10.90823],[76.16191,10.91236],[76.16862,10.91482],[76.17142,10.91439],[76.17277,10.90761],[76.17486,10.90569],[76.17762,10.90635],[76.18291,10.90988],[76.18857,10.91023],[76.18921,10.90901],[76.18666,10.90111],[76.18913,10.89827],[76.19321,10.89737],[76.20009,10.8984],[76.20399,10.89758],[76.20616,10.89869],[76.20716,10.90308],[76.21151,10.90854],[76.21245,10.91296],[76.21583,10.91481],[76.21628,10.91639],[76.21425,10.92047],[76.21065,10.92138],[76.20693,10.92707],[76.20542,10.93225],[76.20769,10.93339],[76.20722,10.93632],[76.21088,10.93662],[76.20796,10.94422],[76.2049,10.94798],[76.20107,10.94701],[76.19845,10.94747],[76.19415,10.94471],[76.19119,10.94661],[76.18916,10.95028],[76.18607,10.95103],[76.18224,10.95034],[76.17712,10.9516],[76.17324,10.95474],[76.174,10.95704],[76.17865,10.95768],[76.17877,10.96032],[76.18127,10.96296],[76.17912,10.96883],[76.17697,10.96974],[76.1754,10.97268],[76.16953,10.97402],[76.1661,10.97873],[76.16185,10.98028],[76.16075,10.98391],[76.1604,10.99191],[76.16267,10.99404],[76.16127,10.99783],[76.16383,11.00093],[76.16222,11.00322],[76.15899,11.00484],[76.15926,11.01104],[76.16449,11.01104],[76.16823,11.01394],[76.17668,11.01416],[76.18149,11.01261],[76.18487,11.00818],[76.19039,11.00553],[76.19013,11.01042],[76.19153,11.01228],[76.19904,11.01567],[76.20075,11.0185],[76.20507,11.02108],[76.20951,11.02255],[76.21176,11.02802],[76.21286,11.03538],[76.20856,11.03625],[76.20499,11.04034],[76.20076,11.0408],[76.19533,11.04254],[76.1832,11.05005],[76.1791,11.05048],[76.17405,11.04983],[76.16467,11.05928],[76.16315,11.06325],[76.15916,11.06409],[76.157,11.06587],[76.14813,11.0673],[76.14856,11.06918],[76.14207,11.07309],[76.13928,11.07568],[76.12929,11.07536],[76.12814,11.07989],[76.12428,11.08032],[76.12364,11.07822],[76.12675,11.07582],[76.12651,11.07201],[76.1179,11.06189],[76.11587,11.06388],[76.11499,11.06946],[76.11198,11.06663],[76.10858,11.06641],[76.10709,11.0741],[76.10378,11.07275],[76.10379,11.06881],[76.09562,11.06853],[76.09411,11.06579],[76.09821,11.05782],[76.10096,11.05522],[76.09952,11.05192],[76.09428,11.04608],[76.09694,11.04116],[76.09648,11.03752],[76.10072,11.03436],[76.10248,11.03098],[76.10164,11.02944],[76.09799,11.02989],[76.09487,11.03215],[76.09033,11.03174],[76.08876,11.03573],[76.08598,11.03707],[76.08184,11.03543],[76.07854,11.03761],[76.07712,11.03655],[76.07648,11.02772],[76.07496,11.02773],[76.07005,11.03213],[76.07069,11.03929],[76.0683,11.03985],[76.06466,11.03748],[76.06245,11.03989],[76.06544,11.04329],[76.06544,11.04625],[76.06126,11.05052],[76.0567,11.04804],[76.05483,11.03948],[76.04989,11.03654],[76.04707,11.03586],[76.04645,11.03],[76.05266,11.02365],[76.05245,11.01974],[76.05661,11.01498],[76.0544,11.01014],[76.05731,11.00438],[76.05985,11.00317],[76.06235,10.99894],[76.06565,10.99823],[76.08081,11.00085],[76.08912,10.99941],[76.09187,10.99843],[76.08708,10.99018],[76.08488,10.98471],[76.08352,10.97527],[76.08121,10.97641],[76.07911,10.97039],[76.07592,10.97073],[76.07107,10.96782],[76.07019,10.96408],[76.06781,10.96139],[76.06819,10.95866],[76.07106,10.95911],[76.07596,10.95748],[76.07709,10.95453],[76.08089,10.95637],[76.08405,10.95593],[76.08869,10.95138],[76.09583,10.9463],[76.09579,10.94374],[76.09956,10.94283],[76.10306,10.94053],[76.10596,10.94351],[76.113,10.9422],[76.11742,10.94316],[76.11798,10.9407],[76.1209,10.93849],[76.11911,10.93411],[76.12028,10.92997],[76.11673,10.92499],[76.11819,10.91834],[76.11671,10.91176],[76.11715,10.90626],[76.12021,10.90515],[76.12044,10.90116],[76.12237,10.90078],[76.1246,10.89718],[76.13077,10.89652]]]},"properties":{"level":"block","code":"mankada","district":"MLP","lgd_code":6037}},{"type":"Feature","geometry":{"type":"Polygon","coordinates":[[[76.14284,11.45163],[76.13982,11.44322],[76.1402,11.43791],[76.14595,11.42989],[76.14321,11.42568],[76.1418,11.42136],[76.13855,11.42025],[76.1363,11.42315],[76.13108,11.42702],[76.12921,11.42144],[76.12487,11.4165],[76.12248,11.41576],[76.1211,11.41066],[76.11786,11.40846],[76.11299,11.41097],[76.10544,11.41009],[76.10646,11.403],[76.09942,11.39589],[76.0998,11.38871],[76.09748,11.38293],[76.09924,11.37275],[76.10209,11.36844],[76.0959,11.36318],[76.09289,11.3564],[76.09206,11.35261],[76.09448,11.34727],[76.09874,11.34233],[76.1044,11.33937],[76.11134,11.33746],[76.11314,11.33861],[76.11755,11.33715],[76.11567,11.34412],[76.12199,11.34337],[76.12977,11.34072],[76.13823,11.3385],[76.17329,11.32499],[76.17636,11.32851],[76.18241,11.33026],[76.18427,11.32869],[76.19235,11.32712],[76.18824,11.32339],[76.18868,11.32169],[76.19448,11.32072],[76.19382,11.31678],[76.19588,11.31651],[76.20017,11.31072],[76.20045,11.30831],[76.19708,11.30672],[76.19656,11.3037],[76.20151,11.3024],[76.20326,11.29978],[76.19959,11.29589],[76.20137,11.29346],[76.20197,11.28943],[76.19937,11.28606],[76.1989,11.28081],[76.20826,11.27754],[76.2093,11.27573],[76.20497,11.27184],[76.20626,11.26836],[76.2025,11.26767],[76.20128,11.26398],[76.21058,11.2598],[76.21603,11.26223],[76.21373,11.25719],[76.21479,11.25548],[76.21846,11.25652],[76.22433,11.25476],[76.2251,11.25854],[76.23144,11.26008],[76.23739,11.2629],[76.24045,11.26613],[76.24413,11.26238],[76.247,11.26261],[76.24811,11.2604],[76.24737,11.25768],[76.25245,11.25893],[76.25746,11.25611],[76.25651,11.25229],[76.25748,11.25001],[76.26194,11.25037],[76.26356,11.25503],[76.26582,11.26495],[76.26403,11.2686],[76.2645,11.27316],[76.26709,11.27739],[76.2739,11.28162],[76.2758,11.28595],[76.27422,11.28976],[76.27542,11.29229],[76.27473,11.295],[76.27689,11.29678],[76.27774,11.30434],[76.2807,11.30727],[76.28403,11.30654],[76.28519,11.30388],[76.29344,11.30257],[76.29576,11.30586],[76.30152,11.30675],[76.30173,11.30926],[76.30397,11.3106],[76.30577,11.31378],[76.30841,11.31409],[76.31186,11.3165],[76.31484,11.31369],[76.31545,11.30974],[76.31399,11.3079],[76.31396,11.30283],[76.31708,11.30156],[76.32002,11.30485],[76.3236,11.30632],[76.32198,11.30952],[76.3231,11.31105],[76.32773,11.30967],[76.3327,11.31215],[76.33434,11.31202],[76.33818,11.31621],[76.339,11.31879],[76.34587,11.3281],[76.34875,11.33676],[76.3541,11.34065],[76.35787,11.33781],[76.35902,11.33895],[76.36182,11.35024],[76.36164,11.35442],[76.3649,11.35387],[76.36627,11.35872],[76.36599,11.3648],[76.37157,11.36899],[76.37478,11.37531],[76.37369,11.38018],[76.37662,11.38328],[76.38349,11.37873],[76.38847,11.37632],[76.39064,11.37017],[76.39842,11.36601],[76.40311,11.36235],[76.4089,11.36248],[76.41961,11.3672],[76.42624,11.372],[76.43083,11.37687],[76.43404,11.37907],[76.44478,11.37709],[76.44895,11.37867],[76.46208,11.38747],[76.44786,11.3983],[76.42995,11.41146],[76.41508,11.42263],[76.4187,11.44178],[76.398,11.43494],[76.39275,11.43804],[76.37855,11.44919],[76.37257,11.45101],[76.37054,11.45461],[76.3463,11.46415],[76.34223,11.46759],[76.33885,11.46382],[76.3322,11.45865],[76.32843,11.45635],[76.32547,11.45333],[76.31874,11.45849],[76.30515,11.46779],[76.29647,11.46558],[76.29352,11.46568],[76.29047,11.46957],[76.29309,11.4705],[76.29418,11.47289],[76.28708,11.48068],[76.28444,11.48292],[76.28157,11.47924],[76.27856,11.47922],[76.27562,11.47687],[76.27044,11.47716],[76.26769,11.48053],[76.26413,11.48066],[76.24758,11.46854],[76.2491,11.48658],[76.24979,11.49832],[76.25229,11.5],[76.24852,11.50647],[76.249,11.51311],[76.24816,11.51649],[76.24505,11.51678],[76.24271,11.52112],[76.2384,11.52478],[76.23854,11.52654],[76.23358,11.5285],[76.2293,11.52378],[76.22781,11.52103],[76.22617,11.51323],[76.22414,11.5097],[76.22194,11.51162],[76.21676,11.50972],[76.21381,11.51],[76.20598,11.50724],[76.1992,11.50648],[76.19593,11.50181],[76.19129,11.49845],[76.18939,11.49473],[76.18938,11.49237],[76.18547,11.48939],[76.18443,11.4843],[76.18274,11.48168],[76.18705,11.47789],[76.18411,11.4734],[76.1786,11.46939],[76.16778,11.46469],[76.16481,11.4589],[76.15858,11.45709],[76.153,11.453],[76.14791,11.45364],[76.14284,11.45163]]]},"properties":{"level":"block","code":"nilambur","district":"MLP","lgd_code":6038}},{"type":"Feature","geometry":{"type":"Polygon","coordinates":[[[76.1832,11.05005],[76.19533,11.04254],[76.20076,11.0408],[76.20499,11.04034],[76.20856,11.03625],[76.21286,11.03538],[76.21176,11.02802],[76.20951,11.02255],[76.20507,11.02108],[76.20075,11.0185],[76.19904,11.01567],[76.19153,11.01228],[76.19013,11.01042],[76.19039,11.00553],[76.18487,11.00818],[76.18149,11.01261],[76.17668,11.01416],[76.16823,11.01394],[76.16449,11.01104],[76.15926,11.01104],[76.15899,11.00484],[76.16222,11.00322],[76.16383,11.00093],[76.16127,10.99783],[76.16267,10.99404],[76.1604,10.99191],[76.16075,10.98391],[76.16185,10.98028],[76.1661,10.97873],[76.16953,10.97402],[76.1754,10.97268],[76.17697,10.96974],[76.17912,10.96883],[76.18127,10.96296],[76.17877,10.96032],[76.17865,10.95768],[76.174,10.95704],[76.17324,10.95474],[76.17712,10.9516],[76.18224,10.95034],[76.18607,10.95103],[76.18916,10.95028],[76.19119,10.94661],[76.19415,10.94471],[76.19845,10.94747],[76.20107,10.94701],[76.2049,10.94798],[76.20796,10.94422],[76.21088,10.93662],[76.20722,10.93632],[76.20769,10.93339],[76.20542,10.93225],[76.20693,10.92707],[76.21065,10.92138],[76.21425,10.92047],[76.21628,10.91639],[76.21583,10.91481],[76.21738,10.91267],[76.21768,10.90831],[76.22088,10.90477],[76.22298,10.90023],[76.22714,10.89521],[76.22907,10.89128],[76.22963,10.88794],[76.23272,10.8862],[76.24386,10.8876],[76.25126,10.88562],[76.25352,10.88759],[76.25725,10.89636],[76.26083,10.90051],[76.26517,10.9084],[76.26641,10.91376],[76.26868,10.91549],[76.2717,10.91442],[76.279,10.91634],[76.28303,10.9137],[76.28576,10.91355],[76.29237,10.91675],[76.2945,10.91956],[76.29908,10.91833],[76.30073,10.91533],[76.30414,10.91211],[76.30659,10.91108],[76.31363,10.91271],[76.31895,10.91204],[76.32103,10.91088],[76.32058,10.90751],[76.32317,10.90547],[76.32843,10.90437],[76.33417,10.90473],[76.33603,10.90585],[76.33532,10.91116],[76.33216,10.9138],[76.33224,10.92063],[76.33379,10.92331],[76.33144,10.926],[76.32821,10.92762],[76.32179,10.93348],[76.31993,10.94197],[76.32072,10.95393],[76.32235,10.95461],[76.32398,10.9593],[76.32796,10.96463],[76.32559,10.96721],[76.32868,10.97339],[76.32738,10.97522],[76.32787,10.97898],[76.33263,10.98166],[76.33547,10.98111],[76.33709,10.97624],[76.34147,10.9772],[76.34632,10.97528],[76.35257,10.97583],[76.35421,10.97493],[76.35856,10.97639],[76.36122,10.97323],[76.36338,10.97501],[76.36483,10.98125],[76.36702,10.98685],[76.36905,10.98896],[76.36788,10.99264],[76.37085,10.99481],[76.37114,10.99722],[76.36493,10.99891],[76.36336,10.99807],[76.35801,10.99871],[76.35692,10.99758],[76.35233,10.99955],[76.35144,10.99582],[76.34689,10.99719],[76.34447,10.99698],[76.34176,10.9992],[76.3389,10.99959],[76.33465,10.99851],[76.33121,11.0016],[76.32542,11.00356],[76.32374,11.0074],[76.32427,11.01338],[76.32789,11.01981],[76.32807,11.02421],[76.32533,11.02358],[76.3212,11.02707],[76.31715,11.02937],[76.30545,11.02732],[76.2984,11.02837],[76.29592,11.02467],[76.29205,11.02549],[76.2893,11.02373],[76.28845,11.0214],[76.28432,11.0243],[76.28615,11.02998],[76.28911,11.03301],[76.28488,11.03382],[76.28852,11.04016],[76.29256,11.04052],[76.29348,11.04517],[76.29577,11.04731],[76.2946,11.05056],[76.29253,11.05218],[76.28742,11.05384],[76.28613,11.05732],[76.28636,11.06217],[76.28979,11.06049],[76.29317,11.0619],[76.29305,11.0663],[76.29184,11.07102],[76.29035,11.07327],[76.29301,11.07824],[76.28813,11.07866],[76.27624,11.07309],[76.27226,11.07379],[76.26923,11.07608],[76.26424,11.077],[76.26491,11.07931],[76.27093,11.08219],[76.26785,11.08517],[76.2662,11.0893],[76.26532,11.08804],[76.2593,11.0866],[76.2562,11.08253],[76.25157,11.08305],[76.24821,11.08671],[76.24564,11.0837],[76.24314,11.08353],[76.2401,11.08546],[76.23525,11.08596],[76.23148,11.08073],[76.22969,11.07957],[76.22533,11.08107],[76.22263,11.08341],[76.21511,11.08701],[76.20888,11.08715],[76.20591,11.08825],[76.20284,11.0871],[76.20244,11.08417],[76.20514,11.08174],[76.20611,11.07792],[76.20517,11.07578],[76.1995,11.07239],[76.19802,11.06836],[76.19364,11.07042],[76.19583,11.06428],[76.19486,11.05854],[76.19098,11.05739],[76.1832,11.05005]]]},"properties":{"level":"block","code":"perinthalmanna","district":"MLP","lgd_code":6039}},{"type":"Feature","geometry":{"type":"Polygon","coordinates":[[[76.0392,10.76755],[76.03593,10.76634],[76.03099,10.76812],[76.02524,10.76714],[76.02286,10.76461],[76.0199,10.7638],[76.01589,10.76535],[76.00845,10.7647],[76.01067,10.75937],[76.01229,10.7584],[76.01502,10.75357],[76.01261,10.74679],[76.00493,10.7423],[76,10.73609],[75.99437,10.73244],[75.99209,10.73258],[75.98774,10.73843],[75.98901,10.74714],[75.98875,10.75168],[75.98738,10.75507],[75.98499,10.75689],[75.97964,10.75682],[75.97887,10.76139],[75.97659,10.76175],[75.97405,10.7692],[75.97564,10.77106],[75.97276,10.77522],[75.97155,10.78419],[75.96982,10.78576],[75.96491,10.78757],[75.95963,10.78206],[75.95852,10.77997],[75.95331,10.77884],[75.95011,10.77669],[75.948,10.77113],[75.94915,10.768],[75.95209,10.7654],[75.95056,10.76294],[75.94653,10.76214],[75.94172,10.76276],[75.93853,10.76059],[75.93847,10.75632],[75.9426,10.75258],[75.93577,10.74616],[75.93518,10.7399],[75.93667,10.7293],[75.93629,10.72823],[75.94005,10.72075],[75.94496,10.70936],[75.95616,10.68536],[75.96352,10.68933],[75.96794,10.69404],[75.97049,10.69111],[75.97661,10.69548],[75.97974,10.69473],[75.98078,10.69127],[75.98298,10.68822],[75.98632,10.69096],[75.99333,10.6919],[76.00124,10.69427],[76.00316,10.69186],[76.00732,10.68961],[76.01215,10.69053],[76.01606,10.69478],[76.01988,10.69734],[76.02437,10.69764],[76.03029,10.70011],[76.03427,10.70062],[76.03412,10.70348],[76.03656,10.70713],[76.04872,10.70624],[76.05155,10.70444],[76.05263,10.71047],[76.05637,10.71649],[76.06107,10.71974],[76.06108,10.72409],[76.0593,10.72756],[76.06487,10.72589],[76.06559,10.72928],[76.06924,10.73003],[76.0684,10.73085],[76.06872,10.73794],[76.06674,10.73847],[76.06382,10.74353],[76.06139,10.74323],[76.05365,10.74002],[76.04753,10.74242],[76.04556,10.7451],[76.04716,10.7517],[76.04523,10.75346],[76.03988,10.75547],[76.04098,10.76304],[76.0392,10.76755]]]},"properties":{"level":"block","code":"perumpadappu","district":"MLP","lgd_code":6040}},{"type":"Feature","geometry":{"type":"Polygon","coordinates":[[[75.99547,10.86299],[75.98192,10.86006],[75.96985,10.85361],[75.96619,10.85073],[75.96125,10.84286],[75.96133,10.83387],[75.95993,10.82536],[75.95953,10.81847],[75.95729,10.81412],[75.95123,10.80614],[75.9481,10.80291],[75.93981,10.79817],[75.93339,10.79344],[75.92049,10.78861],[75.91298,10.78514],[75.91315,10.78083],[75.91736,10.77392],[75.9209,10.76252],[75.92814,10.74669],[75.93563,10.72931],[75.93667,10.7293],[75.93518,10.7399],[75.93577,10.74616],[75.9426,10.75258],[75.93847,10.75632],[75.93853,10.76059],[75.94172,10.76276],[75.94653,10.76214],[75.95056,10.76294],[75.95209,10.7654],[75.94915,10.768],[75.948,10.77113],[75.95011,10.77669],[75.95331,10.77884],[75.95852,10.77997],[75.95963,10.78206],[75.96491,10.78757],[75.96982,10.78576],[75.97155,10.78419],[75.97276,10.77522],[75.97564,10.77106],[75.97405,10.7692],[75.97659,10.76175],[75.97887,10.76139],[75.97964,10.75682],[75.98499,10.75689],[75.98738,10.75507],[75.98875,10.75168],[75.98901,10.74714],[75.98774,10.73843],[75.99209,10.73258],[75.99437,10.73244],[76,10.73609],[76.00493,10.7423],[76.01261,10.74679],[76.01502,10.75357],[76.01229,10.7584],[76.01067,10.75937],[76.00845,10.7647],[76.01589,10.76535],[76.0199,10.7638],[76.02286,10.76461],[76.02524,10.76714],[76.03099,10.76812],[76.03593,10.76634],[76.0392,10.76755],[76.03998,10.76961],[76.04125,10.78315],[76.04216,10.78568],[76.04268,10.79597],[76.04915,10.79702],[76.04933,10.80033],[76.04199,10.80496],[76.03816,10.80499],[76.03564,10.80901],[76.03717,10.81269],[76.03675,10.81581],[76.03276,10.81703],[76.02722,10.82214],[76.03066,10.82659],[76.03396,10.82754],[76.03203,10.83163],[76.02719,10.83345],[76.02365,10.83673],[76.02294,10.84815],[76.02041,10.85479],[76.01433,10.86005],[76.01167,10.8615],[76.00474,10.86342],[76,10.86378],[75.99547,10.86299]]]},"properties":{"level":"block","code":"ponnani","district":"MLP","lgd_code":6041}},{"type":"Feature","geometry":{"type":"Polygon","coordinates":[[[76.00767,10.96909],[76.0053,10.97034],[76,10.97029],[75.99541,10.97205],[75.98722,10.97093],[75.98064,10.9719],[75.98146,10.97939],[75.97762,10.98377],[75.97489,10.9915],[75.97371,11.00185],[75.97085,11.00329],[75.96398,10.99547],[75.96029,10.9961],[75.95774,11.00024],[75.94562,11],[75.94297,10.99616],[75.94675,10.99051],[75.94355,10.98896],[75.94285,10.98646],[75.93754,10.98747],[75.93113,10.99221],[75.92586,10.99881],[75.92365,10.99531],[75.91929,10.99411],[75.91633,10.98772],[75.91327,10.98703],[75.91013,10.98122],[75.90633,10.98094],[75.89988,10.98525],[75.90093,10.98993],[75.89846,10.99355],[75.89745,10.9987],[75.89402,11.00183],[75.89058,11.01144],[75.89124,11.01714],[75.88967,11.02245],[75.87769,11.01952],[75.87217,11.01897],[75.86524,11.01918],[75.86209,11.02212],[75.85749,11.01966],[75.86112,11.00506],[75.86241,11.00141],[75.8628,10.99453],[75.86895,10.96996],[75.87241,10.95715],[75.87464,10.94498],[75.8764,10.94199],[75.88332,10.91217],[75.88868,10.91282],[75.89082,10.90616],[75.89388,10.90676],[75.89605,10.90569],[75.89969,10.90843],[75.90033,10.91229],[75.90641,10.91424],[75.90612,10.91709],[75.90761,10.91933],[75.90584,10.92343],[75.91001,10.931],[75.91377,10.9329],[75.91285,10.93556],[75.91447,10.93802],[75.92061,10.93984],[75.92241,10.93906],[75.92518,10.94094],[75.92505,10.94473],[75.92899,10.94094],[75.92981,10.93733],[75.93228,10.93303],[75.93704,10.92961],[75.93678,10.92586],[75.93827,10.91903],[75.94328,10.91757],[75.94493,10.91474],[75.95137,10.91281],[75.95376,10.90976],[75.96042,10.91043],[75.95751,10.90576],[75.962,10.89926],[75.96691,10.89654],[75.97069,10.89641],[75.96958,10.89372],[75.97373,10.88989],[75.98171,10.89717],[75.98454,10.90846],[75.98721,10.91088],[75.99311,10.91975],[75.99636,10.91983],[75.99711,10.92726],[75.99914,10.93241],[76.0017,10.93564],[76.00018,10.94222],[76.00386,10.9484],[76.00795,10.96191],[76.00767,10.96909]]]},"properties":{"level":"block","code":"tanur","district":"MLP","lgd_code":6042}},{"type":"Feature","geometry":{"type":"Polygon","coordinates":[[[75.99636,10.91983],[75.99311,10.91975],[75.98721,10.91088],[75.98454,10.90846],[75.98171,10.89717],[75.97373,10.88989],[75.96958,10.89372],[75.97069,10.89641],[75.96691,10.89654],[75.962,10.89926],[75.95751,10.90576],[75.96042,10.91043],[75.95376,10.90976],[75.95137,10.91281],[75.94493,10.91474],[75.94328,10.91757],[75.93827,10.91903],[75.93678,10.92586],[75.93704,10.92961],[75.93228,10.93303],[75.92981,10.93733],[75.92899,10.94094],[75.92505,10.94473],[75.92518,10.94094],[75.92241,10.93906],[75.92061,10.93984],[75.91447,10.93802],[75.91285,10.93556],[75.91377,10.9329],[75.91001,10.931],[75.90584,10.92343],[75.90761,10.91933],[75.90612,10.91709],[75.90641,10.91424],[75.90033,10.91229],[75.89969,10.90843],[75.89605,10.90569],[75.89388,10.90676],[75.89082,10.90616],[75.88868,10.91282],[75.88332,10.91217],[75.89084,10.87902],[75.89599,10.85321],[75.89628,10.8503],[75.90326,10.81777],[75.90977,10.78952],[75.9101,10.78613],[75.91298,10.78514],[75.92049,10.78861],[75.93339,10.79344],[75.93981,10.79817],[75.9481,10.80291],[75.95123,10.80614],[75.95729,10.81412],[75.95953,10.81847],[75.95993,10.82536],[75.96133,10.83387],[75.96125,10.84286],[75.96619,10.85073],[75.96985,10.85361],[75.98192,10.86006],[75.99547,10.86299],[75.99566,10.87132],[75.98992,10.872],[75.98768,10.8746],[75.99293,10.87929],[75.99643,10.88113],[76,10.88156],[76.0102,10.88861],[76.0106,10.89197],[76.00898,10.89302],[76.00886,10.89741],[76.00552,10.89793],[76.00017,10.90344],[75.99733,10.89985],[75.99551,10.90314],[75.9971,10.90766],[75.99705,10.91228],[75.99607,10.91465],[75.99636,10.91983]]]},"properties":{"level":"block","code":"tirur","district":"MLP","lgd_code":6043}},{"type":"Feature","geometry":{"type":"Polygon","coordinates":[[[75.82562,11.12383],[75.82964,11.1155],[75.83248,11.10686],[75.83503,11.0975],[75.83762,11.09042],[75.84259,11.07488],[75.8454,11.06418],[75.8467,11.06287],[75.84812,11.05707],[75.84806,11.0522],[75.84953,11.04893],[75.85147,11.03759],[75.85305,11.03557],[75.85455,11.02844],[75.85749,11.01966],[75.86209,11.02212],[75.86524,11.01918],[75.87217,11.01897],[75.87769,11.01952],[75.88967,11.02245],[75.89124,11.01714],[75.89058,11.01144],[75.89402,11.00183],[75.89745,10.9987],[75.89846,10.99355],[75.90093,10.98993],[75.89988,10.98525],[75.90633,10.98094],[75.91013,10.98122],[75.91327,10.98703],[75.91633,10.98772],[75.91929,10.99411],[75.92365,10.99531],[75.92586,10.99881],[75.92976,11.00214],[75.93072,11.00494],[75.9286,11.00985],[75.929,11.0129],[75.93559,11.01471],[75.94101,11.01516],[75.94293,11.01311],[75.95268,11.01346],[75.95217,11.01746],[75.95045,11.02217],[75.9497,11.0285],[75.94669,11.03148],[75.9437,11.03173],[75.94081,11.03688],[75.94401,11.04394],[75.94082,11.04254],[75.92771,11.04679],[75.9226,11.0534],[75.92229,11.04544],[75.91915,11.04449],[75.91256,11.04835],[75.90826,11.05185],[75.91317,11.05178],[75.91596,11.05314],[75.91495,11.05896],[75.91538,11.06208],[75.9122,11.06553],[75.90607,11.06568],[75.90331,11.06862],[75.90466,11.07171],[75.90985,11.07976],[75.91555,11.08183],[75.92026,11.07713],[75.92897,11.08173],[75.93328,11.08043],[75.94609,11.08799],[75.95035,11.08813],[75.9529,11.09044],[75.95007,11.0937],[75.94956,11.09765],[75.95113,11.10111],[75.95438,11.10396],[75.9563,11.10876],[75.95985,11.11345],[75.95949,11.11507],[75.951,11.11516],[75.94518,11.11738],[75.93927,11.11552],[75.93325,11.11752],[75.93152,11.11891],[75.93324,11.12278],[75.93258,11.12717],[75.93347,11.13101],[75.9308,11.13221],[75.92828,11.12758],[75.92437,11.12503],[75.92079,11.11789],[75.91845,11.1149],[75.91672,11.11481],[75.91439,11.11771],[75.90768,11.12255],[75.90709,11.12433],[75.902,11.1281],[75.89874,11.13189],[75.89459,11.13263],[75.88976,11.13587],[75.88864,11.1386],[75.88915,11.14176],[75.88512,11.14257],[75.88182,11.14015],[75.87728,11.13848],[75.87441,11.13443],[75.8704,11.1305],[75.8672,11.13078],[75.86497,11.13328],[75.86472,11.13588],[75.86122,11.13662],[75.86166,11.1398],[75.85887,11.14066],[75.85786,11.14412],[75.85724,11.13786],[75.85144,11.14252],[75.84612,11.14293],[75.84226,11.14023],[75.83914,11.13664],[75.83348,11.13172],[75.83049,11.12576],[75.82562,11.12383]]]},"properties":{"level":"block","code":"tirurangadi","district":"MLP","lgd_code":6044}},{"type":"Feature","geometry":{"type":"Polygon","coordinates":[[[75.95985,11.11345],[75.9563,11.10876],[75.95438,11.10396],[75.95113,11.10111],[75.94956,11.09765],[75.95007,11.0937],[75.9529,11.09044],[75.95035,11.08813],[75.94609,11.08799],[75.93328,11.08043],[75.92897,11.08173],[75.92026,11.07713],[75.91555,11.08183],[75.90985,11.07976],[75.90466,11.07171],[75.90331,11.06862],[75.90607,11.06568],[75.9122,11.06553],[75.91538,11.06208],[75.91495,11.05896],[75.91596,11.05314],[75.91317,11.05178],[75.90826,11.05185],[75.91256,11.04835],[75.91915,11.04449],[75.92229,11.04544],[75.9226,11.0534],[75.92771,11.04679],[75.94082,11.04254],[75.94401,11.04394],[75.94081,11.03688],[75.9437,11.03173],[75.94669,11.03148],[75.9497,11.0285],[75.95045,11.02217],[75.95217,11.01746],[75.95268,11.01346],[75.94293,11.01311],[75.94101,11.01516],[75.93559,11.01471],[75.929,11.0129],[75.9286,11.00985],[75.93072,11.00494],[75.92976,11.00214],[75.92586,10.99881],[75.93113,10.99221],[75.93754,10.98747],[75.94285,10.98646],[75.94355,10.98896],[75.94675,10.99051],[75.94297,10.99616],[75.94562,11],[75.95774,11.00024],[75.96029,10.9961],[75.96398,10.99547],[75.97085,11.00329],[75.97371,11.00185],[75.97489,10.9915],[75.97762,10.98377],[75.98146,10.97939],[75.98064,10.9719],[75.98722,10.97093],[75.99541,10.97205],[76,10.97029],[76.0053,10.97034],[76.00767,10.96909],[76.01076,10.96994],[76.00945,10.97251],[76.00483,10.97568],[76.00399,10.97789],[75.99834,10.97956],[75.99699,10.98325],[75.99252,10.98858],[75.99118,10.99779],[75.98696,10.99724],[75.98672,11],[75.99066,11.00267],[75.99741,11.00179],[76.00096,11.00607],[76.00369,11.00445],[76.00819,11.00372],[76.00967,11.00135],[76.01655,10.99783],[76.01948,10.99478],[76.02267,10.99348],[76.02258,10.99937],[76.02625,11.0019],[76.03008,11.00705],[76.03539,11.00362],[76.0385,11.00447],[76.03684,11.00888],[76.03288,11.00832],[76.03414,11.01208],[76.03243,11.01513],[76.03584,11.01733],[76.03319,11.02191],[76.02968,11.02224],[76.03092,11.02635],[76.03366,11.02755],[76.03566,11.03409],[76.03518,11.03552],[76.03727,11.03933],[76.04115,11.04016],[76.0454,11.04408],[76.04457,11.04588],[76.04114,11.04636],[76.0376,11.04485],[76.03475,11.04872],[76.03524,11.05057],[76.03975,11.05367],[76.0403,11.05614],[76.03498,11.05951],[76.03237,11.05848],[76.02823,11.05303],[76.02478,11.0573],[76.0229,11.05536],[76.02248,11.0519],[76.01863,11.05184],[76.02011,11.04877],[76.01914,11.04644],[76.01218,11.0444],[76.00851,11.04494],[76.00332,11.04186],[76.00152,11.043],[75.99634,11.04183],[75.99197,11.04387],[75.98723,11.04379],[75.98756,11.04722],[75.98427,11.04954],[75.98428,11.05409],[75.98791,11.05676],[75.99066,11.05737],[75.99623,11.06359],[76.00224,11.06861],[76.00455,11.07204],[76.00375,11.07778],[76.00642,11.078],[76.00505,11.08195],[76.00799,11.08421],[76.01031,11.09404],[76.00793,11.09799],[76.00217,11.10194],[76.00063,11.10405],[75.99222,11.10983],[75.98842,11.10931],[75.98373,11.11222],[75.978,11.11253],[75.97604,11.11372],[75.9739,11.11199],[75.96991,11.11467],[75.96313,11.11798],[75.96262,11.11351],[75.95985,11.11345]]]},"properties":{"level":"block","code":"vengara","district":"MLP","lgd_code":6045}},{"type":"Feature","geometry":{"type":"Polygon","coordinates":[[[76.10371,11.15475],[76.10264,11.152],[76.10493,11.14914],[76.10163,11.14771],[76.10293,11.1444],[76.10662,11.14538],[76.11211,11.14486],[76.11813,11.14246],[76.12005,11.13984],[76.12485,11.1367],[76.12714,11.13991],[76.13391,11.13832],[76.13482,11.13632],[76.13135,11.13142],[76.13387,11.12782],[76.13736,11.12839],[76.14535,11.13103],[76.14827,11.13008],[76.15275,11.13184],[76.15661,11.13039],[76.15615,11.13465],[76.15748,11.13579],[76.16244,11.13482],[76.16697,11.13527],[76.17037,11.13286],[76.17184,11.13343],[76.17562,11.12822],[76.17943,11.12734],[76.18067,11.12494],[76.18304,11.12475],[76.18564,11.12015],[76.18316,11.11223],[76.1913,11.10912],[76.18894,11.10729],[76.18785,11.10269],[76.19048,11.102],[76.18973,11.09627],[76.19006,11.09052],[76.19266,11.09083],[76.19464,11.09316],[76.19933,11.09405],[76.2003,11.09005],[76.20284,11.0871],[76.20591,11.08825],[76.20888,11.08715],[76.21511,11.08701],[76.22263,11.08341],[76.22533,11.08107],[76.22969,11.07957],[76.23148,11.08073],[76.23525,11.08596],[76.2401,11.08546],[76.24314,11.08353],[76.24564,11.0837],[76.24821,11.08671],[76.25157,11.08305],[76.2562,11.08253],[76.2593,11.0866],[76.26532,11.08804],[76.2662,11.0893],[76.26736,11.09201],[76.27002,11.08891],[76.27457,11.09132],[76.27583,11.09469],[76.27605,11.10074],[76.27527,11.10655],[76.27885,11.10984],[76.277,11.11336],[76.27736,11.11768],[76.27436,11.1203],[76.27422,11.12545],[76.27813,11.12543],[76.27812,11.12776],[76.28049,11.13484],[76.28078,11.13944],[76.28247,11.141],[76.27812,11.14482],[76.26963,11.1429],[76.26873,11.14945],[76.2708,11.15066],[76.2711,11.15639],[76.27558,11.15711],[76.27581,11.16016],[76.27424,11.16203],[76.2707,11.16297],[76.27413,11.17027],[76.27222,11.17359],[76.27269,11.1774],[76.2715,11.18231],[76.27332,11.18299],[76.27916,11.18088],[76.27944,11.18272],[76.28433,11.18731],[76.27711,11.18922],[76.27388,11.18809],[76.27176,11.19141],[76.27355,11.19546],[76.2764,11.1942],[76.27885,11.19636],[76.27857,11.19846],[76.28334,11.20049],[76.28646,11.19783],[76.28809,11.19807],[76.29279,11.20162],[76.29567,11.21067],[76.29836,11.21213],[76.29955,11.21456],[76.29879,11.21858],[76.29621,11.22247],[76.29125,11.22697],[76.29032,11.22567],[76.28387,11.2225],[76.28238,11.22013],[76.2705,11.21521],[76.26664,11.21693],[76.26731,11.21999],[76.26593,11.22322],[76.26409,11.22425],[76.26463,11.22828],[76.26171,11.22955],[76.2593,11.23777],[76.26073,11.24457],[76.25748,11.25001],[76.25651,11.25229],[76.25746,11.25611],[76.25245,11.25893],[76.24737,11.25768],[76.24811,11.2604],[76.247,11.26261],[76.24413,11.26238],[76.24045,11.26613],[76.23739,11.2629],[76.23144,11.26008],[76.2251,11.25854],[76.22433,11.25476],[76.21846,11.25652],[76.21479,11.25548],[76.21373,11.25719],[76.21603,11.26223],[76.21058,11.2598],[76.20128,11.26398],[76.2025,11.26767],[76.20626,11.26836],[76.20497,11.27184],[76.2093,11.27573],[76.20826,11.27754],[76.1989,11.28081],[76.19937,11.28606],[76.20197,11.28943],[76.20137,11.29346],[76.19959,11.29589],[76.20326,11.29978],[76.20151,11.3024],[76.19656,11.3037],[76.19708,11.30672],[76.20045,11.30831],[76.20017,11.31072],[76.19588,11.31651],[76.19382,11.31678],[76.19448,11.32072],[76.18868,11.32169],[76.18824,11.32339],[76.19235,11.32712],[76.18427,11.32869],[76.18241,11.33026],[76.17636,11.32851],[76.17329,11.32499],[76.13823,11.3385],[76.12977,11.34072],[76.12199,11.34337],[76.12651,11.33139],[76.12889,11.3282],[76.14163,11.32484],[76.13958,11.31973],[76.13397,11.31812],[76.1293,11.31313],[76.12979,11.31112],[76.13383,11.30894],[76.13381,11.30396],[76.13692,11.29839],[76.13591,11.29516],[76.13748,11.29202],[76.1406,11.28142],[76.14502,11.27909],[76.14785,11.26722],[76.14425,11.26814],[76.14032,11.26463],[76.13597,11.26527],[76.13333,11.26443],[76.12985,11.26592],[76.12567,11.26569],[76.12205,11.26682],[76.10885,11.26615],[76.10657,11.26415],[76.10551,11.26097],[76.1072,11.25961],[76.10883,11.24903],[76.10902,11.24279],[76.11071,11.23913],[76.10836,11.23628],[76.11342,11.23029],[76.1111,11.22424],[76.10557,11.22293],[76.09685,11.21412],[76.09512,11.2146],[76.09416,11.21997],[76.08968,11.22135],[76.08683,11.21954],[76.0875,11.21611],[76.08719,11.21117],[76.09063,11.20891],[76.09681,11.20955],[76.09869,11.20836],[76.09925,11.20003],[76.09463,11.19901],[76.09408,11.19359],[76.0947,11.19024],[76.09085,11.18915],[76.09114,11.1838],[76.09391,11.18073],[76.08921,11.17806],[76.09271,11.16991],[76.09842,11.16731],[76.09835,11.16473],[76.10583,11.16204],[76.10607,11.15911],[76.10371,11.15475]]]},"properties":{"level":"block","code":"wandoor","district":"MLP","lgd_code":6046}},{"type":"Feature","geometry":{"type":"Polygon","coordinates":[[[76.62502,10.64191],[76.62445,10.64335],[76.61606,10.64627],[76.61578,10.65125],[76.61244,10.65874],[76.60939,10.66054],[76.60623,10.65888],[76.60515,10.66247],[76.59794,10.66133],[76.59665,10.66224],[76.59233,10.6608],[76.58944,10.66423],[76.5852,10.66696],[76.57976,10.66902],[76.57672,10.66927],[76.57841,10.67814],[76.57644,10.67972],[76.57406,10.67864],[76.56891,10.68054],[76.56832,10.68587],[76.56436,10.68611],[76.56139,10.68485],[76.55923,10.68678],[76.55593,10.68637],[76.55466,10.69048],[76.5481,10.68829],[76.54611,10.68975],[76.5436,10.68708],[76.53337,10.68647],[76.52866,10.68938],[76.53114,10.69183],[76.52675,10.69385],[76.52417,10.69221],[76.52087,10.69233],[76.51549,10.69625],[76.51032,10.69681],[76.50843,10.69142],[76.49798,10.68948],[76.49859,10.69311],[76.49704,10.6968],[76.49346,10.70042],[76.49363,10.70582],[76.49151,10.70653],[76.49128,10.70947],[76.48765,10.70828],[76.48296,10.70239],[76.48302,10.70007],[76.47952,10.69866],[76.47363,10.699],[76.46877,10.69655],[76.46434,10.69762],[76.46212,10.70049],[76.46119,10.70743],[76.45662,10.70119],[76.45352,10.70024],[76.45171,10.70201],[76.44469,10.69916],[76.44013,10.69653],[76.44473,10.69171],[76.44775,10.68647],[76.44953,10.67963],[76.4514,10.6756],[76.45035,10.66969],[76.45104,10.66582],[76.44706,10.66114],[76.4446,10.66374],[76.44154,10.66323],[76.43948,10.65937],[76.43578,10.65583],[76.43565,10.6515],[76.43424,10.65004],[76.42518,10.64917],[76.42183,10.64721],[76.42392,10.6438],[76.41992,10.63832],[76.41967,10.63339],[76.41748,10.63038],[76.42308,10.62772],[76.42556,10.62743],[76.42538,10.62256],[76.4265,10.62118],[76.4281,10.61346],[76.42189,10.60621],[76.41331,10.60564],[76.41347,10.60188],[76.41499,10.59984],[76.41316,10.59453],[76.40949,10.59676],[76.40551,10.60075],[76.40424,10.60037],[76.40117,10.596],[76.40297,10.59071],[76.40537,10.58631],[76.40768,10.58408],[76.40848,10.58007],[76.41308,10.57845],[76.42029,10.57875],[76.4206,10.57248],[76.4254,10.5715],[76.42584,10.56625],[76.42909,10.56512],[76.43009,10.56276],[76.43009,10.55821],[76.43177,10.5583],[76.43833,10.55366],[76.43497,10.54826],[76.43163,10.53728],[76.43272,10.53377],[76.43674,10.53013],[76.43961,10.52999],[76.43979,10.52529],[76.44128,10.52272],[76.45062,10.52171],[76.45207,10.51921],[76.45976,10.51075],[76.45923,10.50796],[76.46748,10.50259],[76.46687,10.4987],[76.47166,10.49652],[76.4716,10.49286],[76.47358,10.49112],[76.474,10.48709],[76.47854,10.48601],[76.48046,10.48555],[76.48717,10.48634],[76.4894,10.47929],[76.49332,10.47822],[76.49909,10.47943],[76.50201,10.47826],[76.5061,10.47346],[76.51548,10.47205],[76.52531,10.46703],[76.52721,10.46234],[76.53212,10.45921],[76.53627,10.44833],[76.55263,10.44602],[76.55739,10.44345],[76.55628,10.44069],[76.55645,10.43672],[76.55865,10.4341],[76.56088,10.43566],[76.56404,10.43563],[76.56704,10.43717],[76.5705,10.43636],[76.5732,10.43713],[76.58249,10.43658],[76.58317,10.438],[76.57812,10.44352],[76.58443,10.44682],[76.58624,10.45159],[76.58968,10.45442],[76.59366,10.45903],[76.59291,10.46096],[76.59537,10.46463],[76.59901,10.46766],[76.59913,10.47302],[76.59227,10.47854],[76.59315,10.48082],[76.59022,10.49009],[76.58794,10.49377],[76.58042,10.49686],[76.57711,10.49921],[76.57396,10.5036],[76.56984,10.50478],[76.56707,10.50772],[76.56542,10.5117],[76.56031,10.51684],[76.55563,10.52263],[76.55307,10.52686],[76.55024,10.52858],[76.54754,10.5327],[76.54291,10.53764],[76.54167,10.54392],[76.5394,10.54791],[76.54234,10.5557],[76.54772,10.56116],[76.54631,10.56384],[76.54911,10.56723],[76.55025,10.57026],[76.54973,10.57296],[76.55177,10.57678],[76.54781,10.58129],[76.54407,10.58327],[76.54481,10.58727],[76.54053,10.59003],[76.53836,10.58921],[76.53618,10.59116],[76.5361,10.59622],[76.53508,10.60431],[76.53384,10.60837],[76.53033,10.60987],[76.52932,10.6126],[76.53088,10.61397],[76.54219,10.61399],[76.54143,10.61663],[76.54591,10.61953],[76.54955,10.61813],[76.55482,10.61918],[76.56036,10.61477],[76.57017,10.61339],[76.5712,10.61751],[76.57352,10.6193],[76.57371,10.62418],[76.57735,10.62392],[76.58206,10.62775],[76.58552,10.62516],[76.59354,10.62425],[76.60064,10.62418],[76.60207,10.62778],[76.6033,10.63419],[76.60469,10.63663],[76.60724,10.63578],[76.61164,10.63793],[76.61814,10.64213],[76.62502,10.64191]]]},"properties":{"level":"block","code":"alathur","district":"PKD","lgd_code":6047}},{"type":"Feature","geometry":{"type":"Polygon","coordinates":[[[76.65909,10.9305],[76.65853,10.93387],[76.6558,10.93901],[76.65938,10.94178],[76.66473,10.94348],[76.66579,10.94757],[76.66363,10.95073],[76.66739,10.9593],[76.66677,10.96809],[76.67389,10.97439],[76.67509,10.97722],[76.68596,10.98908],[76.68546,10.9938],[76.6882,11.00067],[76.68845,11.00442],[76.69063,11.01333],[76.69274,11.01617],[76.69416,11.02156],[76.70077,11.02757],[76.70615,11.03033],[76.71026,11.03441],[76.71089,11.03872],[76.71444,11.0409],[76.72267,11.04035],[76.72616,11.04114],[76.73242,11.03845],[76.7376,11.03974],[76.74191,11.03842],[76.749,11.03456],[76.75412,11.03249],[76.7666,11.02909],[76.76835,11.03104],[76.77365,11.03354],[76.78192,11.03435],[76.79184,11.03736],[76.79385,11.04192],[76.79315,11.0434],[76.79733,11.04746],[76.80086,11.05397],[76.79846,11.05655],[76.79622,11.05585],[76.79323,11.05297],[76.79176,11.04862],[76.78779,11.0447],[76.78418,11.04316],[76.77816,11.04209],[76.76894,11.04343],[76.76203,11.04798],[76.76104,11.052],[76.75364,11.05399],[76.75106,11.05541],[76.74613,11.05482],[76.74431,11.05768],[76.74432,11.06038],[76.74228,11.06577],[76.74377,11.06844],[76.74114,11.06973],[76.74259,11.0733],[76.74519,11.07527],[76.74832,11.07467],[76.75048,11.07899],[76.75228,11.0775],[76.75467,11.07901],[76.75453,11.08416],[76.7529,11.0867],[76.75232,11.09171],[76.75119,11.09361],[76.74643,11.09268],[76.74325,11.09973],[76.74117,11.09992],[76.73903,11.10375],[76.74268,11.10822],[76.74553,11.10861],[76.74742,11.1112],[76.74754,11.11759],[76.7467,11.11919],[76.74753,11.12305],[76.74547,11.13057],[76.7483,11.13584],[76.74638,11.13776],[76.74183,11.13274],[76.7354,11.13639],[76.7313,11.13112],[76.72303,11.14004],[76.71971,11.1413],[76.71731,11.14476],[76.71863,11.14732],[76.71611,11.14915],[76.71003,11.14799],[76.70932,11.14572],[76.71279,11.14333],[76.71126,11.14163],[76.70661,11.14164],[76.70026,11.14655],[76.70091,11.14977],[76.69737,11.14958],[76.69548,11.15184],[76.69527,11.15562],[76.69258,11.15615],[76.68956,11.15957],[76.68988,11.16215],[76.69197,11.16395],[76.69296,11.17236],[76.69584,11.17498],[76.70047,11.17574],[76.69961,11.18111],[76.70165,11.18189],[76.70659,11.17936],[76.70979,11.18333],[76.71004,11.18707],[76.71423,11.18816],[76.7172,11.18635],[76.71977,11.18692],[76.72224,11.19167],[76.72433,11.19258],[76.7285,11.1911],[76.7282,11.19585],[76.72656,11.19665],[76.72218,11.20363],[76.72589,11.20851],[76.72895,11.21131],[76.73142,11.21559],[76.72858,11.21829],[76.72565,11.21925],[76.72578,11.22503],[76.72116,11.22538],[76.71908,11.22804],[76.7149,11.23133],[76.71047,11.23273],[76.70709,11.23838],[76.70302,11.23847],[76.69827,11.2396],[76.69294,11.23678],[76.69018,11.23649],[76.68422,11.23374],[76.68531,11.2312],[76.68478,11.22773],[76.67824,11.22112],[76.67487,11.21902],[76.6719,11.2188],[76.65598,11.21025],[76.65341,11.21012],[76.64514,11.20431],[76.62972,11.19417],[76.62494,11.19559],[76.6009,11.20659],[76.58603,11.2043],[76.53422,11.19677],[76.51609,11.2043],[76.51048,11.21164],[76.50328,11.21161],[76.4828,11.21071],[76.47237,11.20875],[76.47347,11.19493],[76.46662,11.19332],[76.45844,11.18768],[76.4519,11.19922],[76.43862,11.19896],[76.43936,11.20296],[76.43749,11.20434],[76.43558,11.20214],[76.43067,11.2029],[76.42848,11.20752],[76.42458,11.20928],[76.41816,11.20885],[76.41374,11.21106],[76.40819,11.20838],[76.4047,11.20963],[76.40305,11.20769],[76.40458,11.20567],[76.40439,11.20108],[76.40626,11.19331],[76.40275,11.18644],[76.40565,11.18392],[76.40705,11.17857],[76.40976,11.17666],[76.41129,11.1733],[76.41368,11.17086],[76.41261,11.16632],[76.41076,11.16464],[76.41128,11.16192],[76.40847,11.15695],[76.40651,11.15612],[76.40699,11.15126],[76.41032,11.1487],[76.41035,11.14529],[76.41353,11.14162],[76.41071,11.13931],[76.41009,11.13502],[76.40823,11.13022],[76.40853,11.11854],[76.40351,11.11541],[76.39913,11.11367],[76.38992,11.11184],[76.3859,11.11152],[76.38542,11.10861],[76.38941,11.1033],[76.38828,11.09929],[76.3918,11.09168],[76.39918,11.08926],[76.40654,11.09648],[76.41707,11.09405],[76.42221,11.0955],[76.42322,11.09312],[76.42172,11.08901],[76.42207,11.08613],[76.4244,11.0834],[76.42451,11.08041],[76.42199,11.07752],[76.42047,11.08057],[76.41583,11.0754],[76.41431,11.07201],[76.41621,11.06982],[76.41878,11.06989],[76.42605,11.06704],[76.42701,11.06757],[76.43343,11.07678],[76.43733,11.07467],[76.44236,11.07814],[76.45701,11.07765],[76.46509,11.07782],[76.47015,11.07699],[76.48878,11.07683],[76.49347,11.06966],[76.49887,11.06553],[76.49885,11.06062],[76.50082,11.06061],[76.50383,11.05802],[76.50391,11.0535],[76.50559,11.04861],[76.50748,11.04767],[76.50795,11.04187],[76.50598,11.03972],[76.50681,11.03709],[76.51261,11.03779],[76.51517,11.03643],[76.52425,11.03871],[76.52499,11.04054],[76.52903,11.04422],[76.53652,11.04627],[76.5412,11.04894],[76.54049,11.04544],[76.53786,11.0436],[76.5371,11.04102],[76.54062,11.0393],[76.54594,11.04011],[76.54968,11.03973],[76.55174,11.03656],[76.56301,11.03944],[76.5662,11.03899],[76.56793,11.04057],[76.57927,11.04145],[76.57739,11.03342],[76.57446,11.03065],[76.56712,11.02954],[76.56623,11.02681],[76.5583,11.01879],[76.56322,11.01732],[76.56981,11.01708],[76.57298,11.01579],[76.58325,11.0191],[76.58677,11.01762],[76.58828,11.01199],[76.58419,11.01474],[76.57527,11.00646],[76.58005,11.00579],[76.58174,11.00442],[76.5853,11.00567],[76.58777,11.00477],[76.59215,11.00539],[76.59179,11.00147],[76.58555,11.00001],[76.5877,10.99695],[76.5878,10.99412],[76.59088,10.98961],[76.5909,10.98718],[76.58875,10.98215],[76.5886,10.97882],[76.59206,10.97362],[76.59468,10.96805],[76.59151,10.9652],[76.59305,10.96284],[76.59746,10.96021],[76.59566,10.95683],[76.58506,10.95752],[76.58473,10.95542],[76.59115,10.95417],[76.59159,10.95042],[76.59335,10.94988],[76.59949,10.95347],[76.60115,10.95573],[76.60702,10.95996],[76.61039,10.9594],[76.61155,10.95558],[76.61974,10.95203],[76.62582,10.95065],[76.62929,10.94705],[76.62831,10.94304],[76.63652,10.93701],[76.64047,10.93718],[76.64545,10.93594],[76.64916,10.93597],[76.65277,10.93721],[76.65693,10.93433],[76.65909,10.9305]]]},"properties":{"level":"block","code":"attappadi","district":"PKD","lgd_code":6048}},{"type":"Feature","geometry":{"type":"Polygon","coordinates":[[[76.81418,10.63586],[76.82113,10.63442],[76.83118,10.63751],[76.83928,10.6343],[76.84445,10.63584],[76.85327,10.63494],[76.85884,10.63228],[76.86751,10.63325],[76.87346,10.63777],[76.88221,10.63953],[76.8828,10.64626],[76.88385,10.64768],[76.88295,10.65294],[76.88092,10.65645],[76.88164,10.65997],[76.87806,10.66783],[76.87861,10.67383],[76.87748,10.67673],[76.86958,10.67678],[76.86754,10.67905],[76.86603,10.68531],[76.87084,10.69288],[76.86759,10.69478],[76.87143,10.69925],[76.8752,10.7065],[76.88221,10.71734],[76.88635,10.71863],[76.8903,10.71692],[76.89294,10.72146],[76.89111,10.72321],[76.88864,10.72831],[76.8883,10.73247],[76.89074,10.73824],[76.89267,10.73996],[76.89616,10.74533],[76.89657,10.75244],[76.90002,10.75507],[76.9025,10.75839],[76.90379,10.76218],[76.90338,10.77168],[76.90531,10.77352],[76.90753,10.77799],[76.90721,10.78269],[76.90561,10.7882],[76.90296,10.79439],[76.90269,10.79766],[76.90084,10.80018],[76.90089,10.80715],[76.89867,10.80827],[76.88899,10.80958],[76.88553,10.80848],[76.87731,10.80891],[76.87006,10.80833],[76.86526,10.8129],[76.86396,10.81727],[76.86017,10.81832],[76.85875,10.81667],[76.85599,10.81799],[76.85129,10.81845],[76.8499,10.81725],[76.8494,10.81454],[76.84638,10.8127],[76.8432,10.8139],[76.83866,10.81321],[76.83727,10.81194],[76.83047,10.81212],[76.82699,10.81423],[76.82345,10.81203],[76.82656,10.81005],[76.82599,10.80421],[76.82217,10.80246],[76.81836,10.79914],[76.81711,10.79575],[76.82013,10.7951],[76.82934,10.79514],[76.83453,10.79574],[76.83453,10.79299],[76.83121,10.7904],[76.82968,10.78783],[76.82397,10.78263],[76.8207,10.7811],[76.81471,10.78148],[76.81369,10.77958],[76.81644,10.77678],[76.81427,10.76968],[76.80802,10.7694],[76.80881,10.76466],[76.81449,10.7636],[76.81296,10.75867],[76.81128,10.76038],[76.80714,10.76101],[76.80579,10.75617],[76.79977,10.75466],[76.79464,10.75602],[76.78852,10.7554],[76.78464,10.75236],[76.78453,10.75],[76.7871,10.748],[76.78419,10.74641],[76.78407,10.74342],[76.78794,10.7404],[76.78413,10.73885],[76.78397,10.7429],[76.7816,10.74234],[76.77725,10.74316],[76.77782,10.73948],[76.78044,10.73597],[76.7765,10.73594],[76.772,10.73397],[76.77071,10.73036],[76.77303,10.72851],[76.77192,10.72427],[76.77152,10.71867],[76.76748,10.71648],[76.76588,10.71335],[76.76247,10.71576],[76.76256,10.71135],[76.75926,10.70802],[76.756,10.70996],[76.74674,10.71182],[76.7462,10.71485],[76.74117,10.71281],[76.73442,10.71342],[76.73272,10.70731],[76.72784,10.70482],[76.72639,10.70512],[76.72378,10.70135],[76.72308,10.69768],[76.7253,10.69509],[76.7189,10.69097],[76.71743,10.69481],[76.71354,10.69904],[76.70767,10.69942],[76.70454,10.69701],[76.70398,10.7025],[76.70031,10.7016],[76.70248,10.69761],[76.70148,10.69621],[76.69746,10.69578],[76.69731,10.69354],[76.69266,10.69275],[76.69098,10.68844],[76.69571,10.68823],[76.69512,10.68302],[76.6974,10.68013],[76.69433,10.67827],[76.69012,10.68006],[76.69084,10.67309],[76.68987,10.66982],[76.6911,10.66708],[76.69502,10.66523],[76.69195,10.66318],[76.69374,10.65996],[76.69963,10.66051],[76.70218,10.65846],[76.70119,10.65391],[76.70333,10.65261],[76.70509,10.65785],[76.70797,10.65945],[76.711,10.64937],[76.71669,10.64718],[76.72044,10.64156],[76.72591,10.63899],[76.72642,10.63614],[76.73005,10.63519],[76.73646,10.63557],[76.74171,10.63772],[76.74615,10.63514],[76.75195,10.63345],[76.75828,10.63433],[76.76807,10.62923],[76.78873,10.62964],[76.79122,10.63158],[76.79523,10.63773],[76.80033,10.63889],[76.81042,10.63778],[76.81418,10.63586]]]},"properties":{"level":"block","code":"chittur","district":"PKD","lgd_code":6049}},{"type":"Feature","geometry":{"type":"Polygon","coordinates":[[[76.69512,10.68302],[76.6866,10.68541],[76.68026,10.68373],[76.67291,10.68555],[76.67105,10.68817],[76.66323,10.69266],[76.66252,10.69594],[76.65586,10.70152],[76.65077,10.70327],[76.64867,10.69857],[76.64632,10.69749],[76.64618,10.69518],[76.64079,10.69257],[76.63578,10.68825],[76.62984,10.68735],[76.6298,10.68264],[76.62649,10.67491],[76.62749,10.67101],[76.63236,10.66814],[76.63262,10.66615],[76.62718,10.66501],[76.62863,10.6617],[76.6287,10.65717],[76.62629,10.65428],[76.62954,10.65171],[76.63024,10.64316],[76.6349,10.64205],[76.64078,10.64345],[76.64407,10.64728],[76.64422,10.64923],[76.64835,10.65088],[76.65343,10.65086],[76.65712,10.65842],[76.66124,10.6582],[76.66661,10.65464],[76.67619,10.65453],[76.67787,10.65157],[76.67855,10.64692],[76.67662,10.64562],[76.67875,10.63924],[76.68233,10.63736],[76.67948,10.63436],[76.67931,10.63089],[76.68236,10.6287],[76.6795,10.62391],[76.67683,10.62261],[76.6778,10.61898],[76.67582,10.61469],[76.67701,10.61201],[76.67644,10.60894],[76.67435,10.6072],[76.67593,10.60355],[76.67904,10.6013],[76.67871,10.59849],[76.68037,10.59588],[76.67851,10.59424],[76.68053,10.59116],[76.67844,10.5896],[76.68037,10.58599],[76.67525,10.58267],[76.67854,10.5759],[76.67893,10.5707],[76.68063,10.56785],[76.6795,10.56483],[76.6768,10.56445],[76.67508,10.56016],[76.67328,10.55276],[76.68144,10.55232],[76.6903,10.55369],[76.69312,10.55359],[76.70276,10.54925],[76.71483,10.55023],[76.72407,10.55345],[76.72995,10.55627],[76.73252,10.55986],[76.73654,10.56092],[76.73886,10.55847],[76.74189,10.55085],[76.74181,10.54543],[76.73636,10.54529],[76.73028,10.54708],[76.7259,10.54215],[76.72399,10.53677],[76.72825,10.53438],[76.73492,10.53413],[76.73615,10.53116],[76.73474,10.52474],[76.72989,10.51826],[76.72559,10.51341],[76.71949,10.51239],[76.71032,10.51853],[76.70753,10.51395],[76.70367,10.50972],[76.70615,10.50466],[76.70334,10.5019],[76.70446,10.49807],[76.70687,10.4956],[76.71803,10.48888],[76.72327,10.48991],[76.7269,10.48658],[76.72785,10.48364],[76.73157,10.48281],[76.73007,10.48057],[76.73039,10.47681],[76.73466,10.47046],[76.7329,10.47004],[76.73164,10.46653],[76.73183,10.46152],[76.72896,10.46063],[76.73131,10.45762],[76.73942,10.45506],[76.74207,10.45037],[76.74566,10.44925],[76.74566,10.44338],[76.74802,10.44178],[76.75082,10.44291],[76.75307,10.43706],[76.74959,10.43313],[76.75074,10.43118],[76.74902,10.42812],[76.7456,10.4296],[76.7435,10.43254],[76.74053,10.43082],[76.74007,10.42779],[76.74548,10.42421],[76.75124,10.42447],[76.75258,10.42869],[76.75797,10.43007],[76.76777,10.43136],[76.77347,10.43088],[76.78109,10.43494],[76.78379,10.43345],[76.78902,10.433],[76.80081,10.43049],[76.81037,10.42797],[76.81304,10.42683],[76.81638,10.42352],[76.82513,10.44356],[76.82833,10.45017],[76.82965,10.47783],[76.83074,10.49184],[76.83104,10.50003],[76.84188,10.53572],[76.8431,10.53729],[76.84205,10.54078],[76.83536,10.54494],[76.83522,10.55285],[76.83568,10.55787],[76.83914,10.56133],[76.83922,10.56475],[76.83421,10.57063],[76.83356,10.57389],[76.83485,10.57819],[76.83754,10.58186],[76.83679,10.58484],[76.83836,10.59641],[76.83754,10.59826],[76.83189,10.59911],[76.82601,10.59613],[76.82162,10.60024],[76.81731,10.6032],[76.81583,10.60852],[76.81844,10.61054],[76.81631,10.61367],[76.81648,10.61618],[76.81188,10.61962],[76.81186,10.62526],[76.81497,10.62963],[76.81418,10.63586],[76.81042,10.63778],[76.80033,10.63889],[76.79523,10.63773],[76.79122,10.63158],[76.78873,10.62964],[76.76807,10.62923],[76.75828,10.63433],[76.75195,10.63345],[76.74615,10.63514],[76.74171,10.63772],[76.73646,10.63557],[76.73005,10.63519],[76.72642,10.63614],[76.72591,10.63899],[76.72044,10.64156],[76.71669,10.64718],[76.711,10.64937],[76.70797,10.65945],[76.70509,10.65785],[76.70333,10.65261],[76.70119,10.65391],[76.70218,10.65846],[76.69963,10.66051],[76.69374,10.65996],[76.69195,10.66318],[76.69502,10.66523],[76.6911,10.66708],[76.68987,10.66982],[76.69084,10.67309],[76.69012,10.68006],[76.69433,10.67827],[76.6974,10.68013],[76.69512,10.68302]]]},"properties":{"level":"block","code":"kollengode","district":"PKD","lgd_code":6050}},{"type":"Feature","geometry":{"type":"Polygon","coordinates":[[[76.62502,10.64191],[76.63024,10.64316],[76.62954,10.65171],[76.62629,10.65428],[76.6287,10.65717],[76.62863,10.6617],[76.62718,10.66501],[76.63262,10.66615],[76.63236,10.66814],[76.62749,10.67101],[76.62649,10.67491],[76.6298,10.68264],[76.62984,10.68735],[76.63578,10.68825],[76.64079,10.69257],[76.64618,10.69518],[76.64632,10.69749],[76.64867,10.69857],[76.65077,10.70327],[76.65233,10.71353],[76.65509,10.71558],[76.65162,10.72273],[76.65281,10.72674],[76.65536,10.72761],[76.65533,10.73484],[76.65431,10.73661],[76.65369,10.74256],[76.65176,10.74081],[76.6469,10.74269],[76.6498,10.74482],[76.64521,10.74764],[76.6448,10.74994],[76.64136,10.75205],[76.63143,10.75479],[76.62869,10.75253],[76.6227,10.75232],[76.61729,10.75469],[76.61333,10.74955],[76.60954,10.74898],[76.60567,10.75432],[76.60516,10.75763],[76.5997,10.76127],[76.59542,10.76687],[76.59272,10.76668],[76.58831,10.7635],[76.58507,10.76385],[76.58169,10.76977],[76.58209,10.77978],[76.57575,10.77713],[76.57106,10.78055],[76.56803,10.78116],[76.56487,10.77958],[76.5598,10.77905],[76.55521,10.77998],[76.5517,10.77919],[76.54873,10.78273],[76.54718,10.78772],[76.54545,10.78942],[76.5427,10.789],[76.53746,10.7861],[76.53275,10.78784],[76.52577,10.78747],[76.52005,10.78198],[76.51645,10.78135],[76.51446,10.77979],[76.51166,10.77531],[76.51051,10.7714],[76.50822,10.76968],[76.49908,10.77086],[76.49551,10.7668],[76.48893,10.76383],[76.48645,10.76208],[76.48402,10.75801],[76.48018,10.75369],[76.47806,10.74973],[76.47316,10.74893],[76.47062,10.74321],[76.47122,10.74025],[76.47968,10.73425],[76.47814,10.73042],[76.47219,10.7267],[76.46794,10.72477],[76.46699,10.72267],[76.46369,10.72056],[76.46551,10.71825],[76.46324,10.71594],[76.46119,10.70743],[76.46212,10.70049],[76.46434,10.69762],[76.46877,10.69655],[76.47363,10.699],[76.47952,10.69866],[76.48302,10.70007],[76.48296,10.70239],[76.48765,10.70828],[76.49128,10.70947],[76.49151,10.70653],[76.49363,10.70582],[76.49346,10.70042],[76.49704,10.6968],[76.49859,10.69311],[76.49798,10.68948],[76.50843,10.69142],[76.51032,10.69681],[76.51549,10.69625],[76.52087,10.69233],[76.52417,10.69221],[76.52675,10.69385],[76.53114,10.69183],[76.52866,10.68938],[76.53337,10.68647],[76.5436,10.68708],[76.54611,10.68975],[76.5481,10.68829],[76.55466,10.69048],[76.55593,10.68637],[76.55923,10.68678],[76.56139,10.68485],[76.56436,10.68611],[76.56832,10.68587],[76.56891,10.68054],[76.57406,10.67864],[76.57644,10.67972],[76.57841,10.67814],[76.57672,10.66927],[76.57976,10.66902],[76.5852,10.66696],[76.58944,10.66423],[76.59233,10.6608],[76.59665,10.66224],[76.59794,10.66133],[76.60515,10.66247],[76.60623,10.65888],[76.60939,10.66054],[76.61244,10.65874],[76.61578,10.65125],[76.61606,10.64627],[76.62445,10.64335],[76.62502,10.64191]]]},"properties":{"level":"block","code":"kuzhalmannam","district":"PKD","lgd_code":6051}},{"type":"Feature","geometry":{"type":"Polygon","coordinates":[[[76.8499,10.81725],[76.84817,10.8188],[76.84776,10.82213],[76.84499,10.82533],[76.8464,10.82732],[76.8512,10.83001],[76.85389,10.83461],[76.85378,10.83896],[76.85208,10.84059],[76.85087,10.84487],[76.84859,10.84684],[76.84842,10.84939],[76.84464,10.85044],[76.84067,10.85274],[76.83932,10.85614],[76.83194,10.86013],[76.83073,10.86423],[76.83076,10.86993],[76.82832,10.87191],[76.82613,10.87132],[76.81879,10.87352],[76.81563,10.87323],[76.81502,10.87536],[76.80813,10.8768],[76.80554,10.87875],[76.80122,10.88005],[76.7918,10.88111],[76.79103,10.88416],[76.78829,10.88529],[76.78652,10.88779],[76.78282,10.88854],[76.77972,10.8906],[76.77625,10.8892],[76.77457,10.8901],[76.77128,10.88761],[76.7679,10.88703],[76.76081,10.89366],[76.75527,10.8932],[76.75241,10.89506],[76.75,10.89225],[76.74554,10.89268],[76.74079,10.89097],[76.73925,10.89453],[76.7351,10.89702],[76.73168,10.89765],[76.72361,10.90335],[76.71783,10.90546],[76.7149,10.90861],[76.71264,10.90757],[76.70807,10.9101],[76.69521,10.91023],[76.68563,10.91472],[76.67675,10.91806],[76.66873,10.92323],[76.66206,10.92964],[76.65909,10.9305],[76.64514,10.93007],[76.6407,10.93045],[76.63536,10.92966],[76.62704,10.92618],[76.625,10.92465],[76.61499,10.92791],[76.60708,10.92834],[76.59962,10.92198],[76.59712,10.92076],[76.5935,10.92074],[76.5916,10.92202],[76.58877,10.92038],[76.58124,10.92005],[76.57455,10.92193],[76.56811,10.9174],[76.56748,10.88249],[76.56686,10.87904],[76.57259,10.87763],[76.57758,10.87724],[76.57959,10.87481],[76.58311,10.87586],[76.58601,10.87437],[76.59396,10.87368],[76.59051,10.87088],[76.59493,10.86563],[76.59339,10.86364],[76.58984,10.86364],[76.58513,10.86488],[76.57747,10.86376],[76.57344,10.86389],[76.57173,10.862],[76.57809,10.86128],[76.58269,10.85888],[76.59332,10.85839],[76.59431,10.85536],[76.59151,10.85458],[76.59253,10.85003],[76.59131,10.84323],[76.5939,10.83931],[76.59352,10.83796],[76.59731,10.83485],[76.59858,10.83077],[76.60227,10.82964],[76.6016,10.82625],[76.59783,10.82069],[76.59551,10.82013],[76.59525,10.81677],[76.5884,10.81815],[76.58621,10.80887],[76.58722,10.80303],[76.58978,10.8024],[76.59008,10.79973],[76.60189,10.79711],[76.61177,10.79338],[76.61708,10.78916],[76.62152,10.78838],[76.62473,10.78537],[76.63434,10.78637],[76.63372,10.78845],[76.63613,10.79872],[76.64558,10.80273],[76.6472,10.80103],[76.64792,10.79688],[76.65131,10.80193],[76.65358,10.80374],[76.6563,10.80393],[76.66059,10.80615],[76.66365,10.80464],[76.66806,10.80788],[76.66997,10.80565],[76.66973,10.80103],[76.67694,10.79834],[76.67438,10.78911],[76.67204,10.78476],[76.66973,10.78243],[76.66949,10.77478],[76.67376,10.7748],[76.67467,10.77296],[76.67204,10.76128],[76.67825,10.76619],[76.68093,10.77152],[76.68386,10.77138],[76.68394,10.77386],[76.68966,10.77318],[76.70102,10.76179],[76.70246,10.7609],[76.71164,10.75938],[76.71224,10.75754],[76.70977,10.75115],[76.71131,10.74551],[76.708,10.74045],[76.71267,10.73708],[76.71366,10.73526],[76.7145,10.72666],[76.71305,10.72258],[76.71093,10.72139],[76.70993,10.71533],[76.70693,10.71403],[76.7034,10.71559],[76.69705,10.71675],[76.69641,10.71953],[76.69444,10.72071],[76.69103,10.71881],[76.68584,10.71891],[76.68121,10.71685],[76.67476,10.71794],[76.67356,10.71569],[76.67051,10.71705],[76.6687,10.71622],[76.66374,10.71916],[76.66188,10.72176],[76.65843,10.72174],[76.65761,10.72527],[76.65536,10.72761],[76.65281,10.72674],[76.65162,10.72273],[76.65509,10.71558],[76.65233,10.71353],[76.65077,10.70327],[76.65586,10.70152],[76.66252,10.69594],[76.66323,10.69266],[76.67105,10.68817],[76.67291,10.68555],[76.68026,10.68373],[76.6866,10.68541],[76.69512,10.68302],[76.69571,10.68823],[76.69098,10.68844],[76.69266,10.69275],[76.69731,10.69354],[76.69746,10.69578],[76.70148,10.69621],[76.70248,10.69761],[76.70031,10.7016],[76.70398,10.7025],[76.70454,10.69701],[76.70767,10.69942],[76.71354,10.69904],[76.71743,10.69481],[76.7189,10.69097],[76.7253,10.69509],[76.72308,10.69768],[76.72378,10.70135],[76.72639,10.70512],[76.72784,10.70482],[76.73272,10.70731],[76.73442,10.71342],[76.74117,10.71281],[76.7462,10.71485],[76.74674,10.71182],[76.756,10.70996],[76.75926,10.70802],[76.76256,10.71135],[76.76247,10.71576],[76.76588,10.71335],[76.76748,10.71648],[76.77152,10.71867],[76.77192,10.72427],[76.77303,10.72851],[76.77071,10.73036],[76.772,10.73397],[76.7765,10.73594],[76.78044,10.73597],[76.77782,10.73948],[76.77725,10.74316],[76.7816,10.74234],[76.78397,10.7429],[76.78413,10.73885],[76.78794,10.7404],[76.78407,10.74342],[76.78419,10.74641],[76.7871,10.748],[76.78453,10.75],[76.78464,10.75236],[76.78852,10.7554],[76.79464,10.75602],[76.79977,10.75466],[76.80579,10.75617],[76.80714,10.76101],[76.81128,10.76038],[76.81296,10.75867],[76.81449,10.7636],[76.80881,10.76466],[76.80802,10.7694],[76.81427,10.76968],[76.81644,10.77678],[76.81369,10.77958],[76.81471,10.78148],[76.8207,10.7811],[76.82397,10.78263],[76.82968,10.78783],[76.83121,10.7904],[76.83453,10.79299],[76.83453,10.79574],[76.82934,10.79514],[76.82013,10.7951],[76.81711,10.79575],[76.81836,10.79914],[76.82217,10.80246],[76.82599,10.80421],[76.82656,10.81005],[76.82345,10.81203],[76.82699,10.81423],[76.83047,10.81212],[76.83727,10.81194],[76.83866,10.81321],[76.8432,10.8139],[76.84638,10.8127],[76.8494,10.81454],[76.8499,10.81725]]]},"properties":{"level":"block","code":"malampuzha","district":"PKD","lgd_code":6052}},{"type":"Feature","geometry":{"type":"Polygon","coordinates":[[[76.33603,10.90585],[76.33941,10.90956],[76.33993,10.91693],[76.34462,10.92048],[76.34977,10.91951],[76.35444,10.9212],[76.35505,10.92424],[76.35917,10.93145],[76.36142,10.9313],[76.36456,10.93465],[76.36748,10.93969],[76.36908,10.93694],[76.37121,10.93763],[76.3722,10.94124],[76.37637,10.94054],[76.37914,10.94331],[76.38017,10.94714],[76.37973,10.94992],[76.38404,10.95313],[76.38649,10.96028],[76.39053,10.96159],[76.39341,10.96542],[76.39794,10.96476],[76.3998,10.96701],[76.40454,10.96668],[76.41178,10.96875],[76.41393,10.96824],[76.41488,10.9597],[76.41708,10.94969],[76.422,10.94946],[76.42593,10.95199],[76.42879,10.95173],[76.42982,10.94902],[76.43347,10.9478],[76.43712,10.95015],[76.44287,10.95156],[76.44854,10.95053],[76.45758,10.94547],[76.4637,10.94345],[76.46603,10.9417],[76.4729,10.93975],[76.47686,10.93125],[76.47801,10.92493],[76.4764,10.92181],[76.47675,10.9197],[76.48011,10.91955],[76.4799,10.9151],[76.48483,10.91234],[76.48926,10.91255],[76.49595,10.91149],[76.50013,10.9127],[76.50359,10.90997],[76.51,10.91082],[76.51177,10.91038],[76.51264,10.90716],[76.51584,10.90437],[76.51438,10.89998],[76.51705,10.89716],[76.51731,10.89503],[76.521,10.89143],[76.52142,10.89264],[76.52765,10.89285],[76.52998,10.89017],[76.53274,10.89008],[76.534,10.88621],[76.53387,10.88208],[76.54419,10.88339],[76.5481,10.88217],[76.55189,10.88347],[76.55373,10.88648],[76.55682,10.88831],[76.56144,10.88481],[76.56384,10.8809],[76.56686,10.87904],[76.56748,10.88249],[76.56811,10.9174],[76.57455,10.92193],[76.58124,10.92005],[76.58877,10.92038],[76.5916,10.92202],[76.5935,10.92074],[76.59712,10.92076],[76.59962,10.92198],[76.60708,10.92834],[76.61499,10.92791],[76.625,10.92465],[76.62704,10.92618],[76.63536,10.92966],[76.6407,10.93045],[76.64514,10.93007],[76.65909,10.9305],[76.65693,10.93433],[76.65277,10.93721],[76.64916,10.93597],[76.64545,10.93594],[76.64047,10.93718],[76.63652,10.93701],[76.62831,10.94304],[76.62929,10.94705],[76.62582,10.95065],[76.61974,10.95203],[76.61155,10.95558],[76.61039,10.9594],[76.60702,10.95996],[76.60115,10.95573],[76.59949,10.95347],[76.59335,10.94988],[76.59159,10.95042],[76.59115,10.95417],[76.58473,10.95542],[76.58506,10.95752],[76.59566,10.95683],[76.59746,10.96021],[76.59305,10.96284],[76.59151,10.9652],[76.59468,10.96805],[76.59206,10.97362],[76.5886,10.97882],[76.58875,10.98215],[76.5909,10.98718],[76.59088,10.98961],[76.5878,10.99412],[76.5877,10.99695],[76.58555,11.00001],[76.59179,11.00147],[76.59215,11.00539],[76.58777,11.00477],[76.5853,11.00567],[76.58174,11.00442],[76.58005,11.00579],[76.57527,11.00646],[76.58419,11.01474],[76.58828,11.01199],[76.58677,11.01762],[76.58325,11.0191],[76.57298,11.01579],[76.56981,11.01708],[76.56322,11.01732],[76.5583,11.01879],[76.56623,11.02681],[76.56712,11.02954],[76.57446,11.03065],[76.57739,11.03342],[76.57927,11.04145],[76.56793,11.04057],[76.5662,11.03899],[76.56301,11.03944],[76.55174,11.03656],[76.54968,11.03973],[76.54594,11.04011],[76.54062,11.0393],[76.5371,11.04102],[76.53786,11.0436],[76.54049,11.04544],[76.5412,11.04894],[76.53652,11.04627],[76.52903,11.04422],[76.52499,11.04054],[76.52425,11.03871],[76.51517,11.03643],[76.51261,11.03779],[76.50681,11.03709],[76.50598,11.03972],[76.50795,11.04187],[76.50748,11.04767],[76.50559,11.04861],[76.50391,11.0535],[76.50383,11.05802],[76.50082,11.06061],[76.49885,11.06062],[76.49887,11.06553],[76.49347,11.06966],[76.48878,11.07683],[76.47015,11.07699],[76.46509,11.07782],[76.45701,11.07765],[76.44236,11.07814],[76.43733,11.07467],[76.43343,11.07678],[76.42701,11.06757],[76.42605,11.06704],[76.41878,11.06989],[76.41621,11.06982],[76.41431,11.07201],[76.41583,11.0754],[76.42047,11.08057],[76.42199,11.07752],[76.42451,11.08041],[76.4244,11.0834],[76.42207,11.08613],[76.42172,11.08901],[76.42322,11.09312],[76.42221,11.0955],[76.41707,11.09405],[76.40654,11.09648],[76.39918,11.08926],[76.3918,11.09168],[76.38828,11.09929],[76.38222,11.10034],[76.37549,11.097],[76.36894,11.09856],[76.36698,11.09736],[76.36049,11.09791],[76.35775,11.09326],[76.35101,11.09235],[76.34771,11.08836],[76.34412,11.08803],[76.34221,11.0826],[76.33949,11.07773],[76.33103,11.07263],[76.33055,11.0691],[76.33334,11.06635],[76.3344,11.06018],[76.3329,11.05944],[76.33096,11.05506],[76.32485,11.05022],[76.31993,11.05179],[76.31161,11.05069],[76.30917,11.04912],[76.30906,11.04667],[76.30453,11.04862],[76.2946,11.05056],[76.29577,11.04731],[76.29348,11.04517],[76.29256,11.04052],[76.28852,11.04016],[76.28488,11.03382],[76.28911,11.03301],[76.28615,11.02998],[76.28432,11.0243],[76.28845,11.0214],[76.2893,11.02373],[76.29205,11.02549],[76.29592,11.02467],[76.2984,11.02837],[76.30545,11.02732],[76.31715,11.02937],[76.3212,11.02707],[76.32533,11.02358],[76.32807,11.02421],[76.32789,11.01981],[76.32427,11.01338],[76.32374,11.0074],[76.32542,11.00356],[76.33121,11.0016],[76.33465,10.99851],[76.3389,10.99959],[76.34176,10.9992],[76.34447,10.99698],[76.34689,10.99719],[76.35144,10.99582],[76.35233,10.99955],[76.35692,10.99758],[76.35801,10.99871],[76.36336,10.99807],[76.36493,10.99891],[76.37114,10.99722],[76.37085,10.99481],[76.36788,10.99264],[76.36905,10.98896],[76.36702,10.98685],[76.36483,10.98125],[76.36338,10.97501],[76.36122,10.97323],[76.35856,10.97639],[76.35421,10.97493],[76.35257,10.97583],[76.34632,10.97528],[76.34147,10.9772],[76.33709,10.97624],[76.33547,10.98111],[76.33263,10.98166],[76.32787,10.97898],[76.32738,10.97522],[76.32868,10.97339],[76.32559,10.96721],[76.32796,10.96463],[76.32398,10.9593],[76.32235,10.95461],[76.32072,10.95393],[76.31993,10.94197],[76.32179,10.93348],[76.32821,10.92762],[76.33144,10.926],[76.33379,10.92331],[76.33224,10.92063],[76.33216,10.9138],[76.33532,10.91116],[76.33603,10.90585]]]},"properties":{"level":"block","code":"mannarkad","district":"PKD","lgd_code":6053}},{"type":"Feature","geometry":{"type":"Polygon","coordinates":[[[76.58249,10.43658],[76.58806,10.4354],[76.59091,10.43031],[76.59545,10.42448],[76.59526,10.42175],[76.60141,10.41819],[76.60338,10.41281],[76.60506,10.41078],[76.60378,10.40781],[76.60711,10.40463],[76.60655,10.40005],[76.6094,10.39891],[76.61529,10.39105],[76.61834,10.38969],[76.61861,10.38529],[76.62185,10.37998],[76.62493,10.379],[76.62736,10.38291],[76.62928,10.37681],[76.63258,10.37646],[76.63574,10.38035],[76.64093,10.38049],[76.64211,10.38221],[76.64668,10.38265],[76.65178,10.38019],[76.65452,10.37678],[76.65755,10.3795],[76.65722,10.38261],[76.66139,10.38562],[76.66553,10.38027],[76.66802,10.37815],[76.66937,10.37418],[76.67909,10.36787],[76.68389,10.36713],[76.68683,10.36328],[76.69502,10.36181],[76.70311,10.36305],[76.70438,10.36816],[76.70774,10.37112],[76.71313,10.37286],[76.7223,10.37241],[76.7312,10.36839],[76.73412,10.36873],[76.75,10.36577],[76.75354,10.36215],[76.75641,10.36129],[76.76393,10.36185],[76.76529,10.35958],[76.76483,10.35633],[76.75885,10.3491],[76.75256,10.34756],[76.75375,10.34405],[76.75151,10.34092],[76.75158,10.33836],[76.75454,10.33621],[76.7602,10.33684],[76.76651,10.33496],[76.77179,10.33416],[76.77648,10.34181],[76.77814,10.34176],[76.78492,10.33709],[76.79161,10.33571],[76.79858,10.3379],[76.80451,10.33692],[76.80553,10.33824],[76.80569,10.34404],[76.8085,10.3465],[76.81113,10.34624],[76.81604,10.34887],[76.81771,10.34826],[76.82803,10.33729],[76.83346,10.33669],[76.83766,10.33777],[76.83609,10.34044],[76.83631,10.34602],[76.83991,10.3499],[76.84194,10.35359],[76.84555,10.35662],[76.84624,10.35845],[76.84549,10.36374],[76.84879,10.36823],[76.84448,10.37497],[76.84389,10.37753],[76.84063,10.3791],[76.83706,10.38266],[76.83429,10.38325],[76.8305,10.38966],[76.82366,10.39506],[76.83403,10.40334],[76.83285,10.40791],[76.83043,10.4113],[76.82747,10.41135],[76.82582,10.40958],[76.82253,10.41456],[76.82317,10.41701],[76.81638,10.42352],[76.81304,10.42683],[76.81037,10.42797],[76.80081,10.43049],[76.78902,10.433],[76.78379,10.43345],[76.78109,10.43494],[76.77347,10.43088],[76.76777,10.43136],[76.75797,10.43007],[76.75258,10.42869],[76.75124,10.42447],[76.74548,10.42421],[76.74007,10.42779],[76.74053,10.43082],[76.7435,10.43254],[76.7456,10.4296],[76.74902,10.42812],[76.75074,10.43118],[76.74959,10.43313],[76.75307,10.43706],[76.75082,10.44291],[76.74802,10.44178],[76.74566,10.44338],[76.74566,10.44925],[76.74207,10.45037],[76.73942,10.45506],[76.73131,10.45762],[76.72896,10.46063],[76.73183,10.46152],[76.73164,10.46653],[76.7329,10.47004],[76.73466,10.47046],[76.73039,10.47681],[76.73007,10.48057],[76.73157,10.48281],[76.72785,10.48364],[76.7269,10.48658],[76.72327,10.48991],[76.71803,10.48888],[76.70687,10.4956],[76.70446,10.49807],[76.70334,10.5019],[76.70615,10.50466],[76.70367,10.50972],[76.70753,10.51395],[76.71032,10.51853],[76.71949,10.51239],[76.72559,10.51341],[76.72989,10.51826],[76.73474,10.52474],[76.73615,10.53116],[76.73492,10.53413],[76.72825,10.53438],[76.72399,10.53677],[76.7259,10.54215],[76.73028,10.54708],[76.73636,10.54529],[76.74181,10.54543],[76.74189,10.55085],[76.73886,10.55847],[76.73654,10.56092],[76.73252,10.55986],[76.72995,10.55627],[76.72407,10.55345],[76.71483,10.55023],[76.70276,10.54925],[76.69312,10.55359],[76.6903,10.55369],[76.68144,10.55232],[76.67328,10.55276],[76.67508,10.56016],[76.6768,10.56445],[76.6795,10.56483],[76.68063,10.56785],[76.67893,10.5707],[76.67854,10.5759],[76.67525,10.58267],[76.68037,10.58599],[76.67844,10.5896],[76.68053,10.59116],[76.67851,10.59424],[76.68037,10.59588],[76.67871,10.59849],[76.67904,10.6013],[76.67593,10.60355],[76.67435,10.6072],[76.67644,10.60894],[76.67701,10.61201],[76.67582,10.61469],[76.6778,10.61898],[76.67683,10.62261],[76.6795,10.62391],[76.68236,10.6287],[76.67931,10.63089],[76.67948,10.63436],[76.68233,10.63736],[76.67875,10.63924],[76.67662,10.64562],[76.67855,10.64692],[76.67787,10.65157],[76.67619,10.65453],[76.66661,10.65464],[76.66124,10.6582],[76.65712,10.65842],[76.65343,10.65086],[76.64835,10.65088],[76.64422,10.64923],[76.64407,10.64728],[76.64078,10.64345],[76.6349,10.64205],[76.63024,10.64316],[76.62502,10.64191],[76.61814,10.64213],[76.61164,10.63793],[76.60724,10.63578],[76.60469,10.63663],[76.6033,10.63419],[76.60207,10.62778],[76.60064,10.62418],[76.59354,10.62425],[76.58552,10.62516],[76.58206,10.62775],[76.57735,10.62392],[76.57371,10.62418],[76.57352,10.6193],[76.5712,10.61751],[76.57017,10.61339],[76.56036,10.61477],[76.55482,10.61918],[76.54955,10.61813],[76.54591,10.61953],[76.54143,10.61663],[76.54219,10.61399],[76.53088,10.61397],[76.52932,10.6126],[76.53033,10.60987],[76.53384,10.60837],[76.53508,10.60431],[76.5361,10.59622],[76.53618,10.59116],[76.53836,10.58921],[76.54053,10.59003],[76.54481,10.58727],[76.54407,10.58327],[76.54781,10.58129],[76.55177,10.57678],[76.54973,10.57296],[76.55025,10.57026],[76.54911,10.56723],[76.54631,10.56384],[76.54772,10.56116],[76.54234,10.5557],[76.5394,10.54791],[76.54167,10.54392],[76.54291,10.53764],[76.54754,10.5327],[76.55024,10.52858],[76.55307,10.52686],[76.55563,10.52263],[76.56031,10.51684],[76.56542,10.5117],[76.56707,10.50772],[76.56984,10.50478],[76.57396,10.5036],[76.57711,10.49921],[76.58042,10.49686],[76.58794,10.49377],[76.59022,10.49009],[76.59315,10.48082],[76.59227,10.47854],[76.59913,10.47302],[76.59901,10.46766],[76.59537,10.46463],[76.59291,10.46096],[76.59366,10.45903],[76.58968,10.45442],[76.58624,10.45159],[76.58443,10.44682],[76.57812,10.44352],[76.58317,10.438],[76.58249,10.43658]]]},"properties":{"level":"block","code":"nemmara","district":"PKD","lgd_code":6054}},{"type":"Feature","geometry":{"type":"Polygon","coordinates":[[[76.48893,10.76383],[76.48444,10.76713],[76.48242,10.76995],[76.48112,10.77423],[76.47795,10.78039],[76.47027,10.77875],[76.46047,10.77827],[76.46062,10.78009],[76.45404,10.78238],[76.45316,10.78808],[76.45067,10.78929],[76.45037,10.79377],[76.4466,10.79644],[76.44633,10.79846],[76.45065,10.80247],[76.45225,10.81177],[76.45372,10.81275],[76.45913,10.80939],[76.46116,10.80935],[76.46181,10.81584],[76.45853,10.82026],[76.4589,10.82529],[76.46037,10.8279],[76.46219,10.83696],[76.46179,10.845],[76.46113,10.84165],[76.45644,10.84181],[76.45553,10.84467],[76.45136,10.84515],[76.45011,10.83969],[76.44718,10.83932],[76.44266,10.84081],[76.43222,10.8389],[76.42206,10.83964],[76.42154,10.84668],[76.42012,10.85468],[76.41158,10.85327],[76.40301,10.85328],[76.40233,10.84968],[76.40022,10.84475],[76.39702,10.84259],[76.39376,10.84396],[76.38509,10.84611],[76.38195,10.84558],[76.37932,10.84166],[76.38161,10.8369],[76.37761,10.83489],[76.37675,10.83759],[76.37264,10.83833],[76.37219,10.8342],[76.37019,10.83198],[76.3699,10.82817],[76.3723,10.82621],[76.36579,10.81753],[76.36619,10.81394],[76.36448,10.81293],[76.363,10.80748],[76.36648,10.80541],[76.36494,10.80329],[76.36676,10.80007],[76.36283,10.79801],[76.36117,10.80303],[76.35466,10.80462],[76.35352,10.8062],[76.3501,10.80388],[76.34787,10.80467],[76.34559,10.80107],[76.33793,10.8011],[76.3341,10.7984],[76.33353,10.80121],[76.32919,10.80232],[76.32799,10.80052],[76.32354,10.79973],[76.32211,10.80264],[76.31851,10.80142],[76.31743,10.79962],[76.31229,10.80703],[76.31052,10.81238],[76.31303,10.81846],[76.31509,10.81836],[76.3152,10.82196],[76.31874,10.82381],[76.32091,10.8227],[76.32365,10.82376],[76.3249,10.82757],[76.32695,10.82788],[76.32924,10.83707],[76.32901,10.83934],[76.33095,10.84342],[76.33056,10.84791],[76.3273,10.85092],[76.32325,10.85092],[76.31822,10.85446],[76.31392,10.85977],[76.30874,10.85779],[76.30729,10.86134],[76.30612,10.85785],[76.30104,10.85637],[76.30253,10.85229],[76.30076,10.84912],[76.29317,10.84975],[76.28648,10.85139],[76.27935,10.85091],[76.27358,10.84662],[76.26997,10.84217],[76.26992,10.83731],[76.26758,10.83508],[76.27609,10.82731],[76.27278,10.82275],[76.26912,10.82032],[76.26272,10.81436],[76.2589,10.81147],[76.25491,10.81359],[76.25222,10.81284],[76.25271,10.80965],[76.25595,10.80811],[76.25298,10.80356],[76.25603,10.80087],[76.26199,10.79361],[76.26029,10.79143],[76.2613,10.7887],[76.26478,10.78583],[76.26626,10.78118],[76.25622,10.77832],[76.2545,10.77613],[76.25007,10.77664],[76.24434,10.77132],[76.24663,10.76598],[76.24727,10.76142],[76.24538,10.75656],[76.24484,10.7514],[76.24578,10.74908],[76.24914,10.74734],[76.25346,10.74689],[76.26066,10.75],[76.26541,10.75298],[76.26984,10.7537],[76.28111,10.75223],[76.28785,10.75537],[76.29119,10.75508],[76.2957,10.75332],[76.30753,10.75094],[76.31905,10.74657],[76.32669,10.74523],[76.32932,10.74541],[76.33466,10.74868],[76.33844,10.7493],[76.34202,10.74849],[76.35185,10.74335],[76.35655,10.74396],[76.35899,10.7482],[76.36167,10.7581],[76.3649,10.76305],[76.36915,10.76516],[76.37923,10.76758],[76.38506,10.76762],[76.38923,10.76346],[76.39382,10.74863],[76.39704,10.74634],[76.4033,10.74649],[76.40891,10.74918],[76.41421,10.74975],[76.42053,10.74924],[76.43288,10.75117],[76.437,10.75115],[76.44312,10.74958],[76.44904,10.75079],[76.469,10.75242],[76.47316,10.74893],[76.47806,10.74973],[76.48018,10.75369],[76.48402,10.75801],[76.48645,10.76208],[76.48893,10.76383]]]},"properties":{"level":"block","code":"ottappalam","district":"PKD","lgd_code":6055}},{"type":"Feature","geometry":{"type":"Polygon","coordinates":[[[76.65536,10.72761],[76.65761,10.72527],[76.65843,10.72174],[76.66188,10.72176],[76.66374,10.71916],[76.6687,10.71622],[76.67051,10.71705],[76.67356,10.71569],[76.67476,10.71794],[76.68121,10.71685],[76.68584,10.71891],[76.69103,10.71881],[76.69444,10.72071],[76.69641,10.71953],[76.69705,10.71675],[76.7034,10.71559],[76.70693,10.71403],[76.70993,10.71533],[76.71093,10.72139],[76.71305,10.72258],[76.7145,10.72666],[76.71366,10.73526],[76.71267,10.73708],[76.708,10.74045],[76.71131,10.74551],[76.70977,10.75115],[76.71224,10.75754],[76.71164,10.75938],[76.70246,10.7609],[76.70102,10.76179],[76.68966,10.77318],[76.68394,10.77386],[76.68386,10.77138],[76.68093,10.77152],[76.67825,10.76619],[76.67204,10.76128],[76.67467,10.77296],[76.67376,10.7748],[76.66949,10.77478],[76.66973,10.78243],[76.67204,10.78476],[76.67438,10.78911],[76.67694,10.79834],[76.66973,10.80103],[76.66997,10.80565],[76.66806,10.80788],[76.66365,10.80464],[76.66059,10.80615],[76.6563,10.80393],[76.65358,10.80374],[76.65131,10.80193],[76.64792,10.79688],[76.6472,10.80103],[76.64558,10.80273],[76.63613,10.79872],[76.63372,10.78845],[76.63434,10.78637],[76.62473,10.78537],[76.62152,10.78838],[76.61708,10.78916],[76.61177,10.79338],[76.60189,10.79711],[76.59008,10.79973],[76.58978,10.8024],[76.58722,10.80303],[76.58621,10.80887],[76.5884,10.81815],[76.59525,10.81677],[76.59551,10.82013],[76.59783,10.82069],[76.6016,10.82625],[76.60227,10.82964],[76.59858,10.83077],[76.59731,10.83485],[76.59352,10.83796],[76.5939,10.83931],[76.59131,10.84323],[76.59253,10.85003],[76.59151,10.85458],[76.59431,10.85536],[76.59332,10.85839],[76.58269,10.85888],[76.57809,10.86128],[76.57173,10.862],[76.57344,10.86389],[76.57747,10.86376],[76.58513,10.86488],[76.58984,10.86364],[76.59339,10.86364],[76.59493,10.86563],[76.59051,10.87088],[76.59396,10.87368],[76.58601,10.87437],[76.58311,10.87586],[76.57959,10.87481],[76.57758,10.87724],[76.57259,10.87763],[76.56686,10.87904],[76.56384,10.8809],[76.56144,10.88481],[76.55682,10.88831],[76.55373,10.88648],[76.55189,10.88347],[76.5481,10.88217],[76.54419,10.88339],[76.53387,10.88208],[76.534,10.88621],[76.53274,10.89008],[76.52998,10.89017],[76.52765,10.89285],[76.52142,10.89264],[76.521,10.89143],[76.52093,10.88835],[76.51251,10.88777],[76.50657,10.88548],[76.49907,10.88613],[76.4912,10.88762],[76.48522,10.88751],[76.48356,10.88504],[76.48203,10.87633],[76.47554,10.87448],[76.47179,10.86954],[76.4692,10.87043],[76.46383,10.86686],[76.46073,10.85838],[76.46078,10.85242],[76.462,10.84922],[76.46179,10.845],[76.46219,10.83696],[76.46037,10.8279],[76.4589,10.82529],[76.45853,10.82026],[76.46181,10.81584],[76.46116,10.80935],[76.45913,10.80939],[76.45372,10.81275],[76.45225,10.81177],[76.45065,10.80247],[76.44633,10.79846],[76.4466,10.79644],[76.45037,10.79377],[76.45067,10.78929],[76.45316,10.78808],[76.45404,10.78238],[76.46062,10.78009],[76.46047,10.77827],[76.47027,10.77875],[76.47795,10.78039],[76.48112,10.77423],[76.48242,10.76995],[76.48444,10.76713],[76.48893,10.76383],[76.49551,10.7668],[76.49908,10.77086],[76.50822,10.76968],[76.51051,10.7714],[76.51166,10.77531],[76.51446,10.77979],[76.51645,10.78135],[76.52005,10.78198],[76.52577,10.78747],[76.53275,10.78784],[76.53746,10.7861],[76.5427,10.789],[76.54545,10.78942],[76.54718,10.78772],[76.54873,10.78273],[76.5517,10.77919],[76.55521,10.77998],[76.5598,10.77905],[76.56487,10.77958],[76.56803,10.78116],[76.57106,10.78055],[76.57575,10.77713],[76.58209,10.77978],[76.58169,10.76977],[76.58507,10.76385],[76.58831,10.7635],[76.59272,10.76668],[76.59542,10.76687],[76.5997,10.76127],[76.60516,10.75763],[76.60567,10.75432],[76.60954,10.74898],[76.61333,10.74955],[76.61729,10.75469],[76.6227,10.75232],[76.62869,10.75253],[76.63143,10.75479],[76.64136,10.75205],[76.6448,10.74994],[76.64521,10.74764],[76.6498,10.74482],[76.6469,10.74269],[76.65176,10.74081],[76.65369,10.74256],[76.65431,10.73661],[76.65533,10.73484],[76.65536,10.72761]]]},"properties":{"level":"block","code":"palakkad","district":"PKD","lgd_code":6056}},{"type":"Feature","geometry":{"type":"Polygon","coordinates":[[[76.08967,10.83969],[76.09045,10.83146],[76.09202,10.82648],[76.09452,10.82263],[76.10219,10.81562],[76.11781,10.80758],[76.1255,10.80585],[76.13598,10.81204],[76.1402,10.81267],[76.14292,10.81164],[76.14647,10.80678],[76.15053,10.80356],[76.15753,10.80037],[76.16256,10.79589],[76.16778,10.79497],[76.17763,10.80008],[76.18245,10.80002],[76.18547,10.79772],[76.1857,10.79525],[76.18279,10.78738],[76.18788,10.78268],[76.19659,10.78241],[76.20473,10.77826],[76.21001,10.77771],[76.21545,10.77988],[76.21925,10.78218],[76.22382,10.77978],[76.2295,10.77287],[76.23176,10.77246],[76.23601,10.7736],[76.24172,10.77362],[76.24434,10.77132],[76.25007,10.77664],[76.2545,10.77613],[76.25622,10.77832],[76.26626,10.78118],[76.26478,10.78583],[76.2613,10.7887],[76.26029,10.79143],[76.26199,10.79361],[76.25603,10.80087],[76.25298,10.80356],[76.25595,10.80811],[76.25271,10.80965],[76.25222,10.81284],[76.25491,10.81359],[76.2589,10.81147],[76.26272,10.81436],[76.26912,10.82032],[76.27278,10.82275],[76.27609,10.82731],[76.26758,10.83508],[76.26992,10.83731],[76.26997,10.84217],[76.27358,10.84662],[76.27935,10.85091],[76.28648,10.85139],[76.29317,10.84975],[76.30076,10.84912],[76.30253,10.85229],[76.30104,10.85637],[76.30612,10.85785],[76.30729,10.86134],[76.30615,10.86335],[76.30746,10.86626],[76.30655,10.86806],[76.29798,10.87695],[76.29569,10.87822],[76.29054,10.88467],[76.29013,10.88932],[76.29167,10.89399],[76.28705,10.89562],[76.28441,10.89901],[76.27892,10.90064],[76.27738,10.90393],[76.27789,10.90631],[76.27338,10.90662],[76.27144,10.91017],[76.2719,10.91292],[76.26868,10.91549],[76.26641,10.91376],[76.26517,10.9084],[76.26083,10.90051],[76.25725,10.89636],[76.25352,10.88759],[76.25126,10.88562],[76.24386,10.8876],[76.23272,10.8862],[76.22963,10.88794],[76.22907,10.89128],[76.22714,10.89521],[76.22298,10.90023],[76.22088,10.90477],[76.21768,10.90831],[76.21738,10.91267],[76.21583,10.91481],[76.21245,10.91296],[76.21151,10.90854],[76.20716,10.90308],[76.20616,10.89869],[76.20399,10.89758],[76.20009,10.8984],[76.19321,10.89737],[76.18913,10.89827],[76.18666,10.90111],[76.18921,10.90901],[76.18857,10.91023],[76.18291,10.90988],[76.17762,10.90635],[76.17486,10.90569],[76.17277,10.90761],[76.17142,10.91439],[76.16862,10.91482],[76.16191,10.91236],[76.15885,10.90823],[76.15807,10.90022],[76.15201,10.89143],[76.14991,10.88991],[76.14445,10.8897],[76.13776,10.89543],[76.13366,10.89703],[76.13077,10.89652],[76.13037,10.88579],[76.13153,10.88132],[76.13024,10.87839],[76.11659,10.88223],[76.11471,10.88137],[76.1136,10.8769],[76.11345,10.86907],[76.11075,10.86696],[76.10391,10.87195],[76.10213,10.86844],[76.10348,10.86134],[76.10249,10.85888],[76.10283,10.84735],[76.10018,10.84349],[76.09486,10.84084],[76.08967,10.83969]]]},"properties":{"level":"block","code":"pattambi","district":"PKD","lgd_code":6057}},{"type":"Feature","geometry":{"type":"Polygon","coordinates":[[[76.26868,10.91549],[76.2719,10.91292],[76.27144,10.91017],[76.27338,10.90662],[76.27789,10.90631],[76.27738,10.90393],[76.27892,10.90064],[76.28441,10.89901],[76.28705,10.89562],[76.29167,10.89399],[76.29013,10.88932],[76.29054,10.88467],[76.29569,10.87822],[76.29798,10.87695],[76.30655,10.86806],[76.30746,10.86626],[76.30615,10.86335],[76.30729,10.86134],[76.30874,10.85779],[76.31392,10.85977],[76.31822,10.85446],[76.32325,10.85092],[76.3273,10.85092],[76.33056,10.84791],[76.33095,10.84342],[76.32901,10.83934],[76.32924,10.83707],[76.32695,10.82788],[76.3249,10.82757],[76.32365,10.82376],[76.32091,10.8227],[76.31874,10.82381],[76.3152,10.82196],[76.31509,10.81836],[76.31303,10.81846],[76.31052,10.81238],[76.31229,10.80703],[76.31743,10.79962],[76.31851,10.80142],[76.32211,10.80264],[76.32354,10.79973],[76.32799,10.80052],[76.32919,10.80232],[76.33353,10.80121],[76.3341,10.7984],[76.33793,10.8011],[76.34559,10.80107],[76.34787,10.80467],[76.3501,10.80388],[76.35352,10.8062],[76.35466,10.80462],[76.36117,10.80303],[76.36283,10.79801],[76.36676,10.80007],[76.36494,10.80329],[76.36648,10.80541],[76.363,10.80748],[76.36448,10.81293],[76.36619,10.81394],[76.36579,10.81753],[76.3723,10.82621],[76.3699,10.82817],[76.37019,10.83198],[76.37219,10.8342],[76.37264,10.83833],[76.37675,10.83759],[76.37761,10.83489],[76.38161,10.8369],[76.37932,10.84166],[76.38195,10.84558],[76.38509,10.84611],[76.39376,10.84396],[76.39702,10.84259],[76.40022,10.84475],[76.40233,10.84968],[76.40301,10.85328],[76.41158,10.85327],[76.42012,10.85468],[76.42154,10.84668],[76.42206,10.83964],[76.43222,10.8389],[76.44266,10.84081],[76.44718,10.83932],[76.45011,10.83969],[76.45136,10.84515],[76.45553,10.84467],[76.45644,10.84181],[76.46113,10.84165],[76.46179,10.845],[76.462,10.84922],[76.46078,10.85242],[76.46073,10.85838],[76.46383,10.86686],[76.4692,10.87043],[76.47179,10.86954],[76.47554,10.87448],[76.48203,10.87633],[76.48356,10.88504],[76.48522,10.88751],[76.4912,10.88762],[76.49907,10.88613],[76.50657,10.88548],[76.51251,10.88777],[76.52093,10.88835],[76.521,10.89143],[76.51731,10.89503],[76.51705,10.89716],[76.51438,10.89998],[76.51584,10.90437],[76.51264,10.90716],[76.51177,10.91038],[76.51,10.91082],[76.50359,10.90997],[76.50013,10.9127],[76.49595,10.91149],[76.48926,10.91255],[76.48483,10.91234],[76.4799,10.9151],[76.48011,10.91955],[76.47675,10.9197],[76.4764,10.92181],[76.47801,10.92493],[76.47686,10.93125],[76.4729,10.93975],[76.46603,10.9417],[76.4637,10.94345],[76.45758,10.94547],[76.44854,10.95053],[76.44287,10.95156],[76.43712,10.95015],[76.43347,10.9478],[76.42982,10.94902],[76.42879,10.95173],[76.42593,10.95199],[76.422,10.94946],[76.41708,10.94969],[76.41488,10.9597],[76.41393,10.96824],[76.41178,10.96875],[76.40454,10.96668],[76.3998,10.96701],[76.39794,10.96476],[76.39341,10.96542],[76.39053,10.96159],[76.38649,10.96028],[76.38404,10.95313],[76.37973,10.94992],[76.38017,10.94714],[76.37914,10.94331],[76.37637,10.94054],[76.3722,10.94124],[76.37121,10.93763],[76.36908,10.93694],[76.36748,10.93969],[76.36456,10.93465],[76.36142,10.9313],[76.35917,10.93145],[76.35505,10.92424],[76.35444,10.9212],[76.34977,10.91951],[76.34462,10.92048],[76.33993,10.91693],[76.33941,10.90956],[76.33603,10.90585],[76.33417,10.90473],[76.32843,10.90437],[76.32317,10.90547],[76.32058,10.90751],[76.32103,10.91088],[76.31895,10.91204],[76.31363,10.91271],[76.30659,10.91108],[76.30414,10.91211],[76.30073,10.91533],[76.29908,10.91833],[76.2945,10.91956],[76.29237,10.91675],[76.28576,10.91355],[76.28303,10.9137],[76.279,10.91634],[76.2717,10.91442],[76.26868,10.91549]]]},"properties":{"level":"block","code":"sreekrishnapuram","district":"PKD","lgd_code":6058}},{"type":"Feature","geometry":{"type":"Polygon","coordinates":[[[76.03203,10.83163],[76.03396,10.82754],[76.03066,10.82659],[76.02722,10.82214],[76.03276,10.81703],[76.03675,10.81581],[76.03717,10.81269],[76.03564,10.80901],[76.03816,10.80499],[76.04199,10.80496],[76.04933,10.80033],[76.04915,10.79702],[76.04268,10.79597],[76.04216,10.78568],[76.04125,10.78315],[76.03998,10.76961],[76.0392,10.76755],[76.04098,10.76304],[76.03988,10.75547],[76.04523,10.75346],[76.04716,10.7517],[76.04556,10.7451],[76.04753,10.74242],[76.05365,10.74002],[76.06139,10.74323],[76.06382,10.74353],[76.06674,10.73847],[76.06872,10.73794],[76.0684,10.73085],[76.06924,10.73003],[76.07344,10.72977],[76.07549,10.72773],[76.08486,10.72803],[76.08998,10.72701],[76.09527,10.72822],[76.09688,10.72614],[76.09969,10.72535],[76.12263,10.7104],[76.12321,10.71211],[76.12694,10.71339],[76.13012,10.71632],[76.13291,10.72236],[76.13608,10.71955],[76.14479,10.71984],[76.152,10.71398],[76.15693,10.71803],[76.15902,10.71147],[76.16125,10.7069],[76.16392,10.70789],[76.16531,10.71136],[76.17176,10.71349],[76.17235,10.71783],[76.17399,10.71926],[76.17484,10.72311],[76.17694,10.72402],[76.17866,10.72839],[76.18131,10.72962],[76.18073,10.73294],[76.18255,10.73576],[76.18608,10.73815],[76.18751,10.7413],[76.1909,10.74481],[76.19181,10.75008],[76.2,10.75299],[76.20264,10.75202],[76.20344,10.76239],[76.20546,10.76835],[76.19756,10.77476],[76.19136,10.77689],[76.18817,10.77988],[76.18788,10.78268],[76.18279,10.78738],[76.1857,10.79525],[76.18547,10.79772],[76.18245,10.80002],[76.17763,10.80008],[76.16778,10.79497],[76.16256,10.79589],[76.15753,10.80037],[76.15053,10.80356],[76.14647,10.80678],[76.14292,10.81164],[76.1402,10.81267],[76.13598,10.81204],[76.1255,10.80585],[76.11781,10.80758],[76.10219,10.81562],[76.09452,10.82263],[76.09202,10.82648],[76.09045,10.83146],[76.08967,10.83969],[76.08159,10.84017],[76.07633,10.83908],[76.07377,10.83939],[76.06915,10.83812],[76.05971,10.83986],[76.05378,10.84577],[76.04464,10.84879],[76.04003,10.84583],[76.03768,10.83815],[76.03517,10.8344],[76.03203,10.83163]]]},"properties":{"level":"block","code":"trithala","district":"PKD","lgd_code":6059}},{"type":"Feature","geometry":{"type":"Polygon","coordinates":[[[76.6564,9.2419],[76.66101,9.24017],[76.66328,9.23793],[76.66848,9.24023],[76.67014,9.23226],[76.67198,9.23124],[76.67417,9.23597],[76.67724,9.23356],[76.68062,9.23364],[76.68573,9.23144],[76.68846,9.23373],[76.69399,9.23063],[76.69277,9.22681],[76.6965,9.22755],[76.70173,9.22706],[76.70447,9.22512],[76.70767,9.22608],[76.70947,9.22924],[76.71326,9.22857],[76.71485,9.22424],[76.71639,9.22346],[76.72052,9.2279],[76.72572,9.23072],[76.72689,9.23322],[76.72987,9.23074],[76.73496,9.23371],[76.73682,9.23155],[76.74266,9.23208],[76.74466,9.23844],[76.74669,9.23552],[76.75,9.2335],[76.75427,9.2343],[76.75356,9.23106],[76.75881,9.23108],[76.7618,9.22898],[76.76298,9.23176],[76.7663,9.23205],[76.76937,9.23402],[76.77623,9.23018],[76.77937,9.22768],[76.781,9.23068],[76.78323,9.23142],[76.78363,9.235],[76.78644,9.24275],[76.782,9.24528],[76.77917,9.24357],[76.77325,9.24764],[76.77201,9.25],[76.77207,9.25449],[76.77343,9.25571],[76.76536,9.26319],[76.76567,9.26686],[76.76125,9.27502],[76.76365,9.27599],[76.76427,9.28109],[76.76372,9.28716],[76.76783,9.2909],[76.77396,9.2908],[76.77792,9.29535],[76.78224,9.29708],[76.78345,9.30163],[76.78535,9.30362],[76.78459,9.31025],[76.78261,9.31509],[76.78223,9.31965],[76.77932,9.32297],[76.77939,9.32547],[76.78545,9.32532],[76.78637,9.32435],[76.79073,9.3268],[76.7912,9.32928],[76.79011,9.33365],[76.78794,9.338],[76.78758,9.34171],[76.7831,9.34532],[76.78136,9.34806],[76.78066,9.35221],[76.77598,9.35576],[76.77418,9.35879],[76.77161,9.35892],[76.76737,9.35094],[76.76063,9.34832],[76.75757,9.3439],[76.75322,9.34397],[76.74625,9.34697],[76.74379,9.34736],[76.73818,9.35048],[76.73399,9.35085],[76.72435,9.3479],[76.72161,9.34903],[76.71842,9.35564],[76.71587,9.35895],[76.71205,9.35888],[76.71276,9.35354],[76.71134,9.35133],[76.70318,9.35193],[76.70216,9.34982],[76.7048,9.34297],[76.70343,9.33709],[76.70125,9.33332],[76.69547,9.33458],[76.68898,9.32944],[76.6809,9.32889],[76.67608,9.3305],[76.67471,9.33368],[76.67203,9.33574],[76.66655,9.33322],[76.65698,9.33146],[76.65196,9.32975],[76.64689,9.3298],[76.64111,9.33212],[76.63963,9.32964],[76.63537,9.32709],[76.63931,9.32602],[76.64152,9.32338],[76.64208,9.31671],[76.6442,9.3153],[76.64417,9.31231],[76.64566,9.30961],[76.64925,9.30959],[76.65113,9.30793],[76.6506,9.304],[76.65157,9.3006],[76.65111,9.29573],[76.65144,9.28975],[76.65584,9.28986],[76.66245,9.28748],[76.66427,9.2889],[76.67574,9.28936],[76.67508,9.28557],[76.67702,9.28323],[76.67216,9.28],[76.67062,9.27731],[76.66605,9.27504],[76.66814,9.27227],[76.66779,9.27],[76.66322,9.26971],[76.66436,9.26604],[76.65691,9.26429],[76.65483,9.26066],[76.65805,9.25781],[76.65754,9.25071],[76.65861,9.25024],[76.6579,9.24411],[76.6564,9.2419]]]},"properties":{"level":"block","code":"elanthoor","district":"PTA","lgd_code":6060}},{"type":"Feature","geometry":{"type":"Polygon","coordinates":[[[76.64111,9.33212],[76.64689,9.3298],[76.65196,9.32975],[76.65698,9.33146],[76.66655,9.33322],[76.67203,9.33574],[76.67471,9.33368],[76.67608,9.3305],[76.6809,9.32889],[76.68898,9.32944],[76.69547,9.33458],[76.70125,9.33332],[76.70343,9.33709],[76.7048,9.34297],[76.70216,9.34982],[76.70318,9.35193],[76.71134,9.35133],[76.71276,9.35354],[76.71205,9.35888],[76.71587,9.35895],[76.71842,9.35564],[76.72161,9.34903],[76.72435,9.3479],[76.73399,9.35085],[76.73818,9.35048],[76.74379,9.34736],[76.74625,9.34697],[76.75322,9.34397],[76.75757,9.3439],[76.76063,9.34832],[76.76737,9.35094],[76.77161,9.35892],[76.76875,9.36292],[76.76445,9.36575],[76.76013,9.36621],[76.76022,9.3693],[76.75557,9.37213],[76.75378,9.37772],[76.75523,9.37985],[76.75314,9.38314],[76.75572,9.38587],[76.75389,9.39197],[76.75057,9.39422],[76.745,9.39153],[76.74196,9.39115],[76.73851,9.39246],[76.73396,9.38871],[76.7277,9.39226],[76.72349,9.39335],[76.7202,9.39749],[76.713,9.40045],[76.71142,9.40019],[76.71535,9.40935],[76.72217,9.41292],[76.72714,9.4165],[76.73228,9.42184],[76.72903,9.42515],[76.72789,9.42826],[76.72481,9.42917],[76.71725,9.42749],[76.713,9.43368],[76.70355,9.43082],[76.70281,9.43295],[76.69672,9.4377],[76.69373,9.43552],[76.69339,9.42944],[76.69151,9.42526],[76.69513,9.42143],[76.69134,9.41745],[76.68573,9.41743],[76.68413,9.41232],[76.67736,9.41383],[76.67428,9.41733],[76.67032,9.41739],[76.66842,9.41941],[76.66282,9.4185],[76.6623,9.41219],[76.6594,9.40823],[76.66149,9.40435],[76.65603,9.40153],[76.65113,9.40377],[76.6489,9.40598],[76.6458,9.40579],[76.6433,9.40347],[76.63712,9.40055],[76.63727,9.39721],[76.64174,9.39417],[76.64293,9.39191],[76.64161,9.3892],[76.6327,9.38998],[76.62851,9.39446],[76.62367,9.39072],[76.62177,9.38794],[76.6195,9.38747],[76.61863,9.38323],[76.61646,9.38202],[76.61291,9.38334],[76.60889,9.38304],[76.60499,9.38532],[76.60211,9.38461],[76.60055,9.38024],[76.59877,9.37915],[76.59709,9.37262],[76.60297,9.36678],[76.60231,9.35982],[76.60449,9.35802],[76.60928,9.35625],[76.61186,9.35662],[76.61504,9.35356],[76.61624,9.35066],[76.61303,9.34811],[76.61145,9.34312],[76.6135,9.34301],[76.62009,9.33944],[76.62823,9.33732],[76.62805,9.34181],[76.63038,9.34262],[76.64164,9.34106],[76.64049,9.3369],[76.64207,9.33337],[76.64111,9.33212]]]},"properties":{"level":"block","code":"koipuram","district":"PTA","lgd_code":6061}},{"type":"Feature","geometry":{"type":"Polygon","coordinates":[[[76.72052,9.2279],[76.72593,9.22437],[76.73011,9.22304],[76.73158,9.2208],[76.73742,9.21863],[76.74473,9.21182],[76.74856,9.21144],[76.75621,9.20915],[76.75923,9.20945],[76.76265,9.21148],[76.76276,9.21393],[76.76729,9.21323],[76.77035,9.21571],[76.77507,9.21289],[76.7777,9.20969],[76.78157,9.21363],[76.78563,9.21303],[76.78951,9.2139],[76.79261,9.21177],[76.79634,9.2067],[76.80079,9.20585],[76.80717,9.20068],[76.81147,9.19943],[76.81428,9.19634],[76.81985,9.1958],[76.81897,9.18931],[76.82414,9.18903],[76.82529,9.18703],[76.83663,9.18217],[76.83785,9.17911],[76.84283,9.17856],[76.84391,9.1796],[76.8495,9.17814],[76.85124,9.17633],[76.85623,9.17722],[76.86126,9.17144],[76.86308,9.1667],[76.87175,9.16269],[76.88542,9.1663],[76.88365,9.16898],[76.88505,9.17876],[76.8928,9.17363],[76.89421,9.16932],[76.89853,9.16839],[76.90131,9.16937],[76.90587,9.16946],[76.90857,9.16814],[76.91423,9.16214],[76.9249,9.1641],[76.92756,9.16355],[76.92818,9.1688],[76.93033,9.17379],[76.93543,9.17007],[76.93947,9.16898],[76.94488,9.16353],[76.95957,9.15356],[76.965,9.15171],[76.96722,9.15218],[76.97165,9.15009],[76.97924,9.14893],[76.98317,9.1466],[76.98855,9.1455],[76.99184,9.14121],[76.99415,9.13986],[76.99793,9.14016],[77.00466,9.1376],[77.00949,9.14032],[77.01329,9.13713],[77.01637,9.13644],[77.01819,9.13091],[77.02651,9.12811],[77.02869,9.1292],[77.03212,9.127],[77.04041,9.12396],[77.04668,9.12319],[77.0517,9.12769],[77.05534,9.12599],[77.05619,9.12008],[77.05791,9.1171],[77.05986,9.11863],[77.06477,9.11938],[77.06705,9.11458],[77.07099,9.11285],[77.07848,9.11347],[77.08055,9.1097],[77.08959,9.10591],[77.09828,9.10029],[77.1046,9.09812],[77.1074,9.09455],[77.11115,9.09319],[77.11818,9.09487],[77.12076,9.09467],[77.12796,9.09069],[77.1306,9.08816],[77.13647,9.08636],[77.14291,9.08536],[77.14564,9.08343],[77.15095,9.08416],[77.15308,9.08701],[77.15537,9.08579],[77.15422,9.08336],[77.15629,9.08201],[77.16987,9.07758],[77.17218,9.07919],[77.17933,9.07633],[77.19067,9.07644],[77.19921,9.07392],[77.20051,9.07254],[77.20491,9.07166],[77.20814,9.07288],[77.20906,9.07511],[77.20744,9.07698],[77.2057,9.08499],[77.20915,9.08996],[77.21029,9.09649],[77.21241,9.10048],[77.21559,9.1002],[77.21916,9.10172],[77.22042,9.10513],[77.22525,9.10705],[77.22705,9.10967],[77.22677,9.11288],[77.22844,9.11688],[77.23134,9.11743],[77.24007,9.12303],[77.24186,9.12489],[77.24728,9.1246],[77.25151,9.13412],[77.25263,9.13895],[77.25621,9.1406],[77.26022,9.14409],[77.26055,9.14844],[77.26647,9.15192],[77.26723,9.15367],[77.26555,9.15727],[77.26532,9.16307],[77.26712,9.16897],[77.26714,9.17432],[77.2661,9.1758],[77.26516,9.18126],[77.26388,9.18411],[77.26095,9.18311],[77.25664,9.18601],[77.25158,9.18828],[77.24585,9.18946],[77.24058,9.18703],[77.23539,9.18664],[77.23349,9.18832],[77.22742,9.19073],[77.22385,9.19433],[77.21777,9.19309],[77.21545,9.19377],[77.20998,9.19809],[77.20603,9.19975],[77.20291,9.20215],[77.20207,9.20458],[77.1947,9.20354],[77.1847,9.20473],[77.18171,9.20429],[77.16858,9.20805],[77.15759,9.20942],[77.15506,9.21377],[77.15018,9.21463],[77.14915,9.21744],[77.14619,9.21729],[77.14322,9.22511],[77.14496,9.22669],[77.14649,9.23082],[77.14306,9.23412],[77.14388,9.23675],[77.14174,9.2406],[77.1369,9.24331],[77.13323,9.24211],[77.12837,9.24319],[77.12582,9.2416],[77.12141,9.24146],[77.11826,9.24036],[77.11543,9.24206],[77.11239,9.24157],[77.10706,9.24261],[77.10249,9.2412],[77.09708,9.24429],[77.09273,9.24567],[77.08619,9.24494],[77.07728,9.24489],[77.07048,9.24944],[77.06609,9.2478],[77.0591,9.24364],[77.05373,9.24438],[77.04961,9.24584],[77.05009,9.25128],[77.04765,9.25482],[77.04223,9.25635],[77.03878,9.2596],[77.03645,9.26357],[77.03279,9.26623],[77.02955,9.27069],[77.02329,9.27183],[77.02092,9.27468],[77.01584,9.27703],[77.01268,9.27948],[77.00928,9.28071],[77.00187,9.28118],[77,9.28349],[76.99411,9.28655],[76.98775,9.28736],[76.98291,9.28645],[76.97196,9.28566],[76.96516,9.28771],[76.96375,9.28928],[76.95737,9.29141],[76.95288,9.29134],[76.94754,9.29627],[76.94374,9.30113],[76.9432,9.30453],[76.94034,9.30696],[76.9369,9.30698],[76.93466,9.30857],[76.93431,9.31257],[76.93133,9.31523],[76.9296,9.31142],[76.92292,9.30989],[76.91975,9.30728],[76.9176,9.29722],[76.91944,9.29323],[76.92061,9.28535],[76.91269,9.2864],[76.90972,9.28543],[76.90158,9.28683],[76.89612,9.28652],[76.88496,9.28887],[76.88319,9.29281],[76.8792,9.29629],[76.8805,9.30188],[76.87837,9.30408],[76.87743,9.30707],[76.86993,9.30879],[76.86417,9.31179],[76.86171,9.31163],[76.86001,9.31434],[76.85538,9.3183],[76.8526,9.31733],[76.84768,9.31305],[76.84541,9.31283],[76.84131,9.30364],[76.83509,9.30625],[76.83096,9.30882],[76.82437,9.3117],[76.81764,9.30972],[76.81317,9.31363],[76.81365,9.31632],[76.81088,9.31911],[76.80678,9.314],[76.80528,9.323],[76.80264,9.32931],[76.79857,9.3322],[76.79637,9.33222],[76.79443,9.33503],[76.79011,9.33365],[76.7912,9.32928],[76.79073,9.3268],[76.78637,9.32435],[76.78545,9.32532],[76.77939,9.32547],[76.77932,9.32297],[76.78223,9.31965],[76.78261,9.31509],[76.78459,9.31025],[76.78535,9.30362],[76.78345,9.30163],[76.78224,9.29708],[76.77792,9.29535],[76.77396,9.2908],[76.76783,9.2909],[76.76372,9.28716],[76.76427,9.28109],[76.76365,9.27599],[76.76125,9.27502],[76.76567,9.26686],[76.76536,9.26319],[76.77343,9.25571],[76.77207,9.25449],[76.77201,9.25],[76.77325,9.24764],[76.77917,9.24357],[76.782,9.24528],[76.78644,9.24275],[76.78363,9.235],[76.78323,9.23142],[76.781,9.23068],[76.77937,9.22768],[76.77623,9.23018],[76.76937,9.23402],[76.7663,9.23205],[76.76298,9.23176],[76.7618,9.22898],[76.75881,9.23108],[76.75356,9.23106],[76.75427,9.2343],[76.75,9.2335],[76.74669,9.23552],[76.74466,9.23844],[76.74266,9.23208],[76.73682,9.23155],[76.73496,9.23371],[76.72987,9.23074],[76.72689,9.23322],[76.72572,9.23072],[76.72052,9.2279]]]},"properties":{"level":"block","code":"konni","district":"PTA","lgd_code":6062}},{"type":"Feature","geometry":{"type":"Polygon","coordinates":[[[76.7457,9.47475],[76.74384,9.47398],[76.74043,9.47595],[76.73487,9.47601],[76.73175,9.47385],[76.72983,9.46947],[76.72969,9.46583],[76.72184,9.46474],[76.71798,9.46213],[76.71343,9.45715],[76.70856,9.45456],[76.70673,9.46066],[76.70465,9.4631],[76.70087,9.47255],[76.70038,9.47689],[76.69493,9.47827],[76.68908,9.47732],[76.68675,9.47924],[76.68165,9.48113],[76.67478,9.48233],[76.67457,9.48019],[76.66661,9.48252],[76.66506,9.48166],[76.66027,9.48267],[76.65103,9.48138],[76.64833,9.47834],[76.64319,9.47932],[76.64156,9.47619],[76.64106,9.46841],[76.63601,9.46322],[76.63389,9.46811],[76.63109,9.47226],[76.62698,9.47146],[76.6259,9.46756],[76.62599,9.46181],[76.62375,9.46203],[76.62021,9.4598],[76.61655,9.46136],[76.60906,9.45999],[76.60964,9.45586],[76.60295,9.45778],[76.60281,9.45447],[76.60435,9.45044],[76.59724,9.45052],[76.59412,9.44702],[76.59155,9.44875],[76.59068,9.44404],[76.59272,9.43897],[76.5916,9.4276],[76.59214,9.42411],[76.59673,9.42143],[76.59336,9.41288],[76.59601,9.41125],[76.59679,9.407],[76.59628,9.40394],[76.59762,9.39992],[76.59375,9.3962],[76.59521,9.39296],[76.60042,9.38839],[76.60211,9.38461],[76.60499,9.38532],[76.60889,9.38304],[76.61291,9.38334],[76.61646,9.38202],[76.61863,9.38323],[76.6195,9.38747],[76.62177,9.38794],[76.62367,9.39072],[76.62851,9.39446],[76.6327,9.38998],[76.64161,9.3892],[76.64293,9.39191],[76.64174,9.39417],[76.63727,9.39721],[76.63712,9.40055],[76.6433,9.40347],[76.6458,9.40579],[76.6489,9.40598],[76.65113,9.40377],[76.65603,9.40153],[76.66149,9.40435],[76.6594,9.40823],[76.6623,9.41219],[76.66282,9.4185],[76.66842,9.41941],[76.67032,9.41739],[76.67428,9.41733],[76.67736,9.41383],[76.68413,9.41232],[76.68573,9.41743],[76.69134,9.41745],[76.69513,9.42143],[76.69151,9.42526],[76.69339,9.42944],[76.69373,9.43552],[76.69672,9.4377],[76.70281,9.43295],[76.70355,9.43082],[76.713,9.43368],[76.71725,9.42749],[76.72481,9.42917],[76.72789,9.42826],[76.72903,9.42515],[76.73228,9.42184],[76.72714,9.4165],[76.72217,9.41292],[76.71535,9.40935],[76.71142,9.40019],[76.713,9.40045],[76.7202,9.39749],[76.72349,9.39335],[76.7277,9.39226],[76.73396,9.38871],[76.73851,9.39246],[76.74196,9.39115],[76.745,9.39153],[76.75057,9.39422],[76.75389,9.39197],[76.75656,9.39205],[76.75954,9.39528],[76.7606,9.39909],[76.75907,9.401],[76.76188,9.40717],[76.75731,9.41084],[76.75652,9.41426],[76.75855,9.41702],[76.75928,9.42181],[76.76326,9.42336],[76.7683,9.42791],[76.76968,9.42731],[76.7812,9.43712],[76.7887,9.44049],[76.79401,9.44502],[76.79273,9.44668],[76.78933,9.44675],[76.78756,9.44887],[76.78293,9.44871],[76.77884,9.44605],[76.76842,9.4415],[76.76687,9.437],[76.76523,9.43669],[76.7614,9.44208],[76.76162,9.44495],[76.7544,9.45391],[76.75129,9.45513],[76.75213,9.45832],[76.7489,9.4631],[76.74872,9.46905],[76.7457,9.47475]]]},"properties":{"level":"block","code":"mallappally","district":"PTA","lgd_code":6064}},{"type":"Feature","geometry":{"type":"Polygon","coordinates":[[[76.69069,9.17696],[76.69471,9.17803],[76.70026,9.17614],[76.70273,9.1794],[76.70851,9.18152],[76.71355,9.1795],[76.72082,9.17953],[76.72591,9.17584],[76.73062,9.17946],[76.73495,9.17846],[76.73788,9.17569],[76.74176,9.17518],[76.74262,9.17757],[76.74649,9.18326],[76.74305,9.18332],[76.74127,9.18743],[76.74354,9.19026],[76.74627,9.19097],[76.7491,9.18698],[76.75243,9.1881],[76.75032,9.19085],[76.75208,9.19789],[76.75981,9.19735],[76.76122,9.19851],[76.76321,9.20533],[76.75923,9.20945],[76.75621,9.20915],[76.74856,9.21144],[76.74473,9.21182],[76.73742,9.21863],[76.73158,9.2208],[76.73011,9.22304],[76.72593,9.22437],[76.72052,9.2279],[76.71639,9.22346],[76.71485,9.22424],[76.71326,9.22857],[76.70947,9.22924],[76.70767,9.22608],[76.70447,9.22512],[76.70173,9.22706],[76.6965,9.22755],[76.69277,9.22681],[76.69399,9.23063],[76.68846,9.23373],[76.68573,9.23144],[76.68062,9.23364],[76.67724,9.23356],[76.67417,9.23597],[76.67198,9.23124],[76.67014,9.23226],[76.66848,9.24023],[76.66328,9.23793],[76.66101,9.24017],[76.6564,9.2419],[76.65381,9.24043],[76.65398,9.23785],[76.64938,9.23614],[76.64735,9.23769],[76.64378,9.23503],[76.63926,9.23411],[76.64171,9.22817],[76.64505,9.22383],[76.64619,9.21711],[76.64543,9.21505],[76.6471,9.21055],[76.64705,9.20798],[76.65175,9.20412],[76.65711,9.20482],[76.66079,9.20131],[76.66821,9.20011],[76.67132,9.19533],[76.67705,9.19392],[76.67555,9.18925],[76.67704,9.18568],[76.67671,9.18286],[76.68094,9.18231],[76.68537,9.17921],[76.69069,9.17696]]]},"properties":{"level":"block","code":"pandalam","district":"PTA","lgd_code":6065}},{"type":"Feature","geometry":{"type":"Polygon","coordinates":[[[76.63529,9.14084],[76.6363,9.13618],[76.6355,9.13307],[76.63628,9.12858],[76.63347,9.12343],[76.63423,9.11987],[76.63969,9.12252],[76.64455,9.12232],[76.64774,9.11751],[76.65141,9.11691],[76.65407,9.11454],[76.65949,9.11477],[76.66088,9.11594],[76.66453,9.11417],[76.66583,9.11592],[76.66974,9.11668],[76.67222,9.11375],[76.6747,9.10546],[76.67447,9.10092],[76.67711,9.09017],[76.67599,9.08708],[76.67172,9.0824],[76.67423,9.07906],[76.67867,9.07806],[76.67867,9.08173],[76.68387,9.08091],[76.68446,9.08556],[76.68618,9.08869],[76.69023,9.09156],[76.6932,9.08978],[76.69994,9.08933],[76.7047,9.08687],[76.71056,9.08686],[76.71226,9.08431],[76.71531,9.08492],[76.72204,9.08179],[76.72659,9.08403],[76.7334,9.08109],[76.73573,9.08597],[76.73932,9.08508],[76.74498,9.08009],[76.75029,9.08375],[76.75312,9.08824],[76.75595,9.08825],[76.75777,9.08589],[76.7581,9.07704],[76.75774,9.07396],[76.75934,9.07212],[76.76534,9.07488],[76.77094,9.07454],[76.77015,9.07786],[76.77093,9.08209],[76.76841,9.08682],[76.76562,9.09452],[76.76961,9.10113],[76.77366,9.10218],[76.77329,9.10432],[76.77643,9.10559],[76.77736,9.10934],[76.78108,9.10954],[76.78237,9.11347],[76.78663,9.11404],[76.7919,9.1108],[76.79329,9.10908],[76.79674,9.11051],[76.79938,9.1091],[76.80437,9.10931],[76.80927,9.10843],[76.81393,9.10492],[76.8186,9.09916],[76.81961,9.0968],[76.82222,9.09558],[76.82269,9.09338],[76.8277,9.09244],[76.82846,9.09388],[76.83294,9.09429],[76.84211,9.09207],[76.84563,9.09479],[76.8463,9.0988],[76.85191,9.09955],[76.84955,9.10234],[76.85172,9.10502],[76.85089,9.11038],[76.85562,9.11494],[76.85639,9.11697],[76.85936,9.11728],[76.86231,9.11555],[76.86598,9.1158],[76.86782,9.12174],[76.87467,9.12827],[76.8756,9.13089],[76.88371,9.12581],[76.88396,9.12195],[76.89017,9.12325],[76.89259,9.12276],[76.89696,9.12722],[76.89816,9.13042],[76.90158,9.12579],[76.91015,9.12575],[76.92385,9.12259],[76.92508,9.11873],[76.93094,9.1188],[76.93802,9.11724],[76.94385,9.1186],[76.94827,9.11724],[76.95569,9.12395],[76.95647,9.12649],[76.95967,9.12798],[76.96016,9.12996],[76.95408,9.13106],[76.94825,9.13131],[76.94563,9.13529],[76.93964,9.13872],[76.93631,9.13579],[76.93281,9.13779],[76.9264,9.13863],[76.92736,9.14629],[76.92632,9.14862],[76.92624,9.15436],[76.9277,9.16006],[76.92756,9.16355],[76.9249,9.1641],[76.91423,9.16214],[76.90857,9.16814],[76.90587,9.16946],[76.90131,9.16937],[76.89853,9.16839],[76.89421,9.16932],[76.8928,9.17363],[76.88505,9.17876],[76.88365,9.16898],[76.88542,9.1663],[76.87175,9.16269],[76.86308,9.1667],[76.86126,9.17144],[76.85623,9.17722],[76.85124,9.17633],[76.8495,9.17814],[76.84391,9.1796],[76.84283,9.17856],[76.83785,9.17911],[76.83663,9.18217],[76.82529,9.18703],[76.82414,9.18903],[76.81897,9.18931],[76.81985,9.1958],[76.81428,9.19634],[76.81147,9.19943],[76.80717,9.20068],[76.80079,9.20585],[76.79634,9.2067],[76.79261,9.21177],[76.78951,9.2139],[76.78563,9.21303],[76.78157,9.21363],[76.7777,9.20969],[76.77507,9.21289],[76.77035,9.21571],[76.76729,9.21323],[76.76276,9.21393],[76.76265,9.21148],[76.75923,9.20945],[76.76321,9.20533],[76.76122,9.19851],[76.75981,9.19735],[76.75208,9.19789],[76.75032,9.19085],[76.75243,9.1881],[76.7491,9.18698],[76.74627,9.19097],[76.74354,9.19026],[76.74127,9.18743],[76.74305,9.18332],[76.74649,9.18326],[76.74262,9.17757],[76.74176,9.17518],[76.73788,9.17569],[76.73495,9.17846],[76.73062,9.17946],[76.72591,9.17584],[76.72082,9.17953],[76.71355,9.1795],[76.70851,9.18152],[76.70273,9.1794],[76.70026,9.17614],[76.69471,9.17803],[76.69069,9.17696],[76.68784,9.16903],[76.68556,9.16925],[76.6814,9.17208],[76.67478,9.17004],[76.67155,9.16426],[76.67206,9.16035],[76.67424,9.15444],[76.67078,9.15256],[76.66095,9.14947],[76.6488,9.14963],[76.64604,9.1467],[76.64195,9.14669],[76.6381,9.14826],[76.6367,9.14254],[76.63529,9.14084]]]},"properties":{"level":"block","code":"parakode","district":"PTA","lgd_code":6066}},{"type":"Feature","geometry":{"type":"Polygon","coordinates":[[[76.51329,9.40072],[76.51116,9.39285],[76.514,9.39126],[76.51201,9.38624],[76.51241,9.38291],[76.51044,9.38234],[76.50968,9.37581],[76.51255,9.37318],[76.5141,9.36999],[76.52363,9.36786],[76.52123,9.36545],[76.51781,9.36633],[76.5135,9.36243],[76.51339,9.35483],[76.5086,9.35486],[76.5056,9.35178],[76.50086,9.35063],[76.49568,9.34723],[76.48878,9.3476],[76.48249,9.34576],[76.4796,9.34059],[76.47838,9.341],[76.47817,9.33908],[76.47493,9.33784],[76.47571,9.33577],[76.47336,9.33242],[76.47446,9.32813],[76.48211,9.32806],[76.48766,9.3287],[76.49335,9.3265],[76.4942,9.32476],[76.4978,9.32344],[76.50214,9.32371],[76.5182,9.32731],[76.527,9.32595],[76.53108,9.32956],[76.53304,9.32526],[76.53677,9.32209],[76.54266,9.32317],[76.54618,9.32546],[76.55032,9.32468],[76.55264,9.32822],[76.55356,9.33178],[76.55308,9.33487],[76.55637,9.33883],[76.55623,9.34062],[76.55981,9.34341],[76.55424,9.34551],[76.54969,9.34973],[76.55249,9.35235],[76.55524,9.35046],[76.55919,9.35087],[76.56312,9.35411],[76.56518,9.35316],[76.56685,9.35609],[76.57261,9.35575],[76.57413,9.3539],[76.57958,9.35355],[76.57919,9.35092],[76.58506,9.34844],[76.58716,9.35181],[76.59086,9.35118],[76.59313,9.35256],[76.5961,9.35216],[76.59777,9.34646],[76.60021,9.34716],[76.60316,9.34413],[76.60566,9.34529],[76.6101,9.34204],[76.61145,9.34312],[76.61303,9.34811],[76.61624,9.35066],[76.61504,9.35356],[76.61186,9.35662],[76.60928,9.35625],[76.60449,9.35802],[76.60231,9.35982],[76.60297,9.36678],[76.59709,9.37262],[76.59877,9.37915],[76.60055,9.38024],[76.60211,9.38461],[76.60042,9.38839],[76.59521,9.39296],[76.59375,9.3962],[76.59762,9.39992],[76.59628,9.40394],[76.59679,9.407],[76.59601,9.41125],[76.59336,9.41288],[76.59097,9.41833],[76.58753,9.42012],[76.5791,9.42234],[76.57471,9.41801],[76.57012,9.41566],[76.5645,9.41075],[76.55943,9.41144],[76.55546,9.41315],[76.55376,9.42496],[76.5481,9.42261],[76.54344,9.42312],[76.54349,9.42093],[76.54031,9.42071],[76.54018,9.41825],[76.53724,9.41448],[76.53589,9.41717],[76.53109,9.4168],[76.53075,9.41298],[76.52624,9.41262],[76.52561,9.40883],[76.51749,9.40886],[76.51589,9.40756],[76.51644,9.40057],[76.51329,9.40072]]]},"properties":{"level":"block","code":"pulikeezhu","district":"PTA","lgd_code":6067}},{"type":"Feature","geometry":{"type":"Polygon","coordinates":[[[76.96891,9.46463],[76.9635,9.46486],[76.95843,9.46144],[76.95856,9.45832],[76.95554,9.45777],[76.95184,9.45032],[76.94771,9.44757],[76.94005,9.44516],[76.94196,9.44184],[76.94177,9.43961],[76.9448,9.43516],[76.94111,9.43282],[76.9437,9.42854],[76.94577,9.43092],[76.9483,9.43113],[76.94754,9.43433],[76.95018,9.43534],[76.95496,9.43381],[76.95405,9.43034],[76.96032,9.4275],[76.9638,9.42705],[76.96632,9.43315],[76.96863,9.43117],[76.97143,9.43147],[76.97309,9.42948],[76.97204,9.42705],[76.97801,9.42689],[76.9771,9.42496],[76.97134,9.42447],[76.96804,9.42517],[76.96472,9.42323],[76.96001,9.42272],[76.959,9.4205],[76.95078,9.42072],[76.94946,9.41967],[76.94399,9.41917],[76.94086,9.42067],[76.93624,9.42131],[76.93259,9.41831],[76.92709,9.41578],[76.92256,9.41649],[76.92434,9.42218],[76.9199,9.42583],[76.91444,9.42539],[76.91116,9.42341],[76.90999,9.42653],[76.90482,9.42975],[76.90459,9.43164],[76.89907,9.43368],[76.88901,9.44013],[76.88525,9.4431],[76.87662,9.44669],[76.86922,9.44843],[76.86412,9.45085],[76.861,9.45322],[76.85699,9.45367],[76.85526,9.45663],[76.85311,9.45652],[76.85363,9.45299],[76.85283,9.44967],[76.84797,9.44567],[76.84516,9.44953],[76.84111,9.45036],[76.83467,9.45002],[76.83287,9.45238],[76.82897,9.45239],[76.82625,9.44663],[76.82338,9.44578],[76.81871,9.4553],[76.81623,9.45612],[76.80404,9.45501],[76.80003,9.45687],[76.79997,9.45374],[76.79777,9.4517],[76.79415,9.4539],[76.79195,9.45102],[76.79273,9.44668],[76.79401,9.44502],[76.7887,9.44049],[76.7812,9.43712],[76.76968,9.42731],[76.7683,9.42791],[76.76326,9.42336],[76.75928,9.42181],[76.75855,9.41702],[76.75652,9.41426],[76.75731,9.41084],[76.76188,9.40717],[76.75907,9.401],[76.7606,9.39909],[76.75954,9.39528],[76.75656,9.39205],[76.75389,9.39197],[76.75572,9.38587],[76.75314,9.38314],[76.75523,9.37985],[76.75378,9.37772],[76.75557,9.37213],[76.76022,9.3693],[76.76013,9.36621],[76.76445,9.36575],[76.76875,9.36292],[76.77161,9.35892],[76.77418,9.35879],[76.77598,9.35576],[76.78066,9.35221],[76.78136,9.34806],[76.7831,9.34532],[76.78758,9.34171],[76.78794,9.338],[76.79011,9.33365],[76.79443,9.33503],[76.79637,9.33222],[76.79857,9.3322],[76.80264,9.32931],[76.80528,9.323],[76.80678,9.314],[76.81088,9.31911],[76.81365,9.31632],[76.81317,9.31363],[76.81764,9.30972],[76.82437,9.3117],[76.83096,9.30882],[76.83509,9.30625],[76.84131,9.30364],[76.84541,9.31283],[76.84768,9.31305],[76.8526,9.31733],[76.85538,9.3183],[76.86001,9.31434],[76.86171,9.31163],[76.86417,9.31179],[76.86993,9.30879],[76.87743,9.30707],[76.87837,9.30408],[76.8805,9.30188],[76.8792,9.29629],[76.88319,9.29281],[76.88496,9.28887],[76.89612,9.28652],[76.90158,9.28683],[76.90972,9.28543],[76.91269,9.2864],[76.92061,9.28535],[76.91944,9.29323],[76.9176,9.29722],[76.91975,9.30728],[76.92292,9.30989],[76.9296,9.31142],[76.93133,9.31523],[76.93431,9.31257],[76.93466,9.30857],[76.9369,9.30698],[76.94034,9.30696],[76.9432,9.30453],[76.94374,9.30113],[76.94754,9.29627],[76.95288,9.29134],[76.95737,9.29141],[76.96375,9.28928],[76.96516,9.28771],[76.97196,9.28566],[76.98291,9.28645],[76.98775,9.28736],[76.99411,9.28655],[77,9.28349],[77.00187,9.28118],[77.00928,9.28071],[77.01268,9.27948],[77.01584,9.27703],[77.02092,9.27468],[77.02329,9.27183],[77.02955,9.27069],[77.03279,9.26623],[77.03645,9.26357],[77.03878,9.2596],[77.04223,9.25635],[77.04765,9.25482],[77.05009,9.25128],[77.04961,9.24584],[77.05373,9.24438],[77.0591,9.24364],[77.06609,9.2478],[77.07048,9.24944],[77.07728,9.24489],[77.08619,9.24494],[77.09273,9.24567],[77.09708,9.24429],[77.10249,9.2412],[77.10706,9.24261],[77.11239,9.24157],[77.11543,9.24206],[77.11826,9.24036],[77.12141,9.24146],[77.12582,9.2416],[77.12837,9.24319],[77.13323,9.24211],[77.1369,9.24331],[77.14174,9.2406],[77.14388,9.23675],[77.14306,9.23412],[77.14649,9.23082],[77.14496,9.22669],[77.14322,9.22511],[77.14619,9.21729],[77.14915,9.21744],[77.15018,9.21463],[77.15506,9.21377],[77.15759,9.20942],[77.16858,9.20805],[77.18171,9.20429],[77.1847,9.20473],[77.1947,9.20354],[77.20207,9.20458],[77.20291,9.20215],[77.20603,9.19975],[77.20998,9.19809],[77.21545,9.19377],[77.21777,9.19309],[77.22385,9.19433],[77.22742,9.19073],[77.23349,9.18832],[77.23539,9.18664],[77.24058,9.18703],[77.24585,9.18946],[77.25158,9.18828],[77.25162,9.18938],[77.25641,9.19598],[77.25611,9.19922],[77.2639,9.19837],[77.26636,9.20045],[77.27009,9.20045],[77.27032,9.20487],[77.28039,9.21623],[77.28166,9.22072],[77.27982,9.22168],[77.27575,9.22898],[77.27411,9.23582],[77.27834,9.23843],[77.27955,9.24383],[77.2774,9.24713],[77.27907,9.25189],[77.28254,9.256],[77.28168,9.26332],[77.28352,9.26728],[77.28201,9.27281],[77.27597,9.27545],[77.27329,9.27885],[77.26512,9.2813],[77.26143,9.28137],[77.25783,9.2854],[77.25218,9.28715],[77.24882,9.28978],[77.24463,9.29014],[77.24289,9.28362],[77.23717,9.28514],[77.23528,9.29344],[77.22863,9.29748],[77.22456,9.29592],[77.22453,9.29981],[77.22609,9.30495],[77.22456,9.31166],[77.22733,9.31542],[77.22798,9.31824],[77.23237,9.3227],[77.2351,9.32423],[77.23478,9.32751],[77.23131,9.32927],[77.23057,9.33134],[77.23219,9.33391],[77.23793,9.33964],[77.23485,9.35023],[77.23835,9.35789],[77.2412,9.36068],[77.24105,9.36762],[77.24356,9.37344],[77.24821,9.37754],[77.24724,9.37887],[77.24522,9.38929],[77.24277,9.39056],[77.23898,9.39891],[77.23165,9.4037],[77.23162,9.40599],[77.22823,9.4109],[77.22998,9.41725],[77.22884,9.41969],[77.22357,9.41966],[77.22061,9.42156],[77.22098,9.42545],[77.22392,9.43349],[77.22263,9.43538],[77.21543,9.43763],[77.21213,9.44365],[77.20791,9.44167],[77.2093,9.44844],[77.20694,9.4504],[77.2032,9.45147],[77.20028,9.44962],[77.19741,9.45197],[77.19189,9.44974],[77.1879,9.45625],[77.18336,9.45441],[77.18238,9.45655],[77.18449,9.46329],[77.18219,9.46637],[77.18199,9.47266],[77.1766,9.46901],[77.17247,9.46338],[77.16967,9.46532],[77.16631,9.46512],[77.16641,9.46971],[77.1626,9.46908],[77.15534,9.47114],[77.14341,9.46147],[77.1425,9.46017],[77.13827,9.4601],[77.13433,9.45879],[77.1313,9.46042],[77.12953,9.45933],[77.12606,9.46196],[77.11751,9.4636],[77.11196,9.46757],[77.10667,9.4693],[77.10444,9.46917],[77.09966,9.46451],[77.09486,9.46432],[77.08053,9.45724],[77.06852,9.4543],[77.06754,9.45221],[77.06147,9.44848],[77.05917,9.44566],[77.05817,9.44228],[77.05985,9.43965],[77.05866,9.43539],[77.06018,9.43171],[77.05918,9.42659],[77.06145,9.4268],[77.06579,9.42001],[77.06639,9.41688],[77.06018,9.41614],[77.0533,9.41807],[77.05026,9.41686],[77.04694,9.41413],[77.03676,9.41244],[77.03506,9.40925],[77.03211,9.40931],[77.02817,9.40697],[77.02493,9.40907],[77.0215,9.40612],[77.0124,9.40898],[77.00989,9.40849],[77.01017,9.41381],[77.01203,9.41849],[77.00922,9.42005],[77.0092,9.42963],[77.01344,9.43047],[77.01806,9.43034],[77.01933,9.43222],[77.01585,9.4427],[77.00693,9.44509],[77.00554,9.44643],[77.00083,9.44784],[77.0001,9.44655],[76.99387,9.44712],[76.98997,9.45082],[76.98653,9.45179],[76.98006,9.45718],[76.9739,9.46003],[76.96891,9.46463]]]},"properties":{"level":"block","code":"ranni","district":"PTA","lgd_code":6068}},{"type":"Feature","geometry":{"type":"Polygon","coordinates":[[[76.12482,10.50638],[76.12132,10.50552],[76.10853,10.5036],[76.10271,10.5023],[76.09961,10.50443],[76.0951,10.5039],[76.0881,10.50677],[76.08308,10.50431],[76.08576,10.5001],[76.08594,10.49663],[76.08429,10.4931],[76.08494,10.4882],[76.08908,10.48119],[76.09322,10.47556],[76.09312,10.46502],[76.09496,10.45597],[76.09533,10.44944],[76.09714,10.44597],[76.10327,10.44154],[76.10562,10.43839],[76.10862,10.43021],[76.11219,10.42444],[76.11451,10.41786],[76.11981,10.40686],[76.12126,10.4015],[76.12342,10.40088],[76.12679,10.40403],[76.12936,10.40271],[76.13371,10.39769],[76.13753,10.39446],[76.13473,10.39076],[76.13512,10.38815],[76.13729,10.38611],[76.14108,10.38568],[76.1429,10.38715],[76.14917,10.39459],[76.15177,10.40244],[76.15409,10.40416],[76.15999,10.4044],[76.16399,10.40337],[76.16738,10.40024],[76.1717,10.40079],[76.17227,10.40302],[76.1754,10.4034],[76.17763,10.40576],[76.18513,10.4088],[76.19086,10.4104],[76.19175,10.41213],[76.19333,10.41834],[76.18464,10.41459],[76.18188,10.41432],[76.17916,10.41584],[76.17938,10.42357],[76.17594,10.42917],[76.17511,10.43408],[76.17291,10.43615],[76.17308,10.44461],[76.16998,10.44516],[76.16157,10.44884],[76.15903,10.45303],[76.16257,10.45449],[76.16247,10.45916],[76.16045,10.46223],[76.16063,10.46556],[76.15825,10.46599],[76.15367,10.46919],[76.14668,10.47076],[76.13758,10.47002],[76.13144,10.46852],[76.13041,10.47148],[76.12771,10.484],[76.12469,10.492],[76.12516,10.50135],[76.12482,10.50638]]]},"properties":{"level":"block","code":"anthikkad","district":"TSR","lgd_code":6081}},{"type":"Feature","geometry":{"type":"Polygon","coordinates":[[[76.47854,10.48601],[76.46984,10.47913],[76.46536,10.48068],[76.45906,10.48127],[76.45205,10.47783],[76.44921,10.47531],[76.44651,10.47068],[76.44383,10.472],[76.44137,10.47511],[76.43374,10.47433],[76.42958,10.46915],[76.42545,10.46839],[76.4115,10.47116],[76.40374,10.47324],[76.39953,10.47265],[76.39725,10.47082],[76.39027,10.46998],[76.39006,10.46738],[76.38371,10.46573],[76.377,10.46586],[76.3735,10.45804],[76.37076,10.45559],[76.36298,10.45427],[76.36135,10.45098],[76.35711,10.44932],[76.35505,10.45144],[76.35143,10.44804],[76.34468,10.44396],[76.34207,10.44453],[76.33867,10.43761],[76.34065,10.43523],[76.34314,10.43698],[76.34317,10.44119],[76.34556,10.44091],[76.34501,10.43621],[76.34243,10.43271],[76.34405,10.43095],[76.35069,10.43421],[76.3529,10.42649],[76.35191,10.4226],[76.35282,10.42008],[76.35694,10.4187],[76.35848,10.4199],[76.362,10.41776],[76.36066,10.41382],[76.36165,10.40757],[76.36524,10.40856],[76.3718,10.40299],[76.37702,10.40249],[76.37956,10.3998],[76.38456,10.39814],[76.38744,10.39632],[76.40021,10.40319],[76.40382,10.4017],[76.40842,10.3973],[76.41242,10.3969],[76.41155,10.3932],[76.4138,10.39133],[76.41674,10.3928],[76.41869,10.38986],[76.4245,10.38793],[76.42595,10.38214],[76.43154,10.38004],[76.42512,10.37809],[76.42184,10.37569],[76.42075,10.37342],[76.41781,10.37178],[76.41795,10.36935],[76.41546,10.36706],[76.4174,10.36315],[76.4104,10.35757],[76.40776,10.36163],[76.40537,10.35863],[76.40434,10.34434],[76.40554,10.33228],[76.4015,10.33379],[76.39264,10.33884],[76.38869,10.33571],[76.38598,10.33632],[76.381,10.33465],[76.37894,10.32736],[76.37139,10.32815],[76.36791,10.32617],[76.36499,10.32722],[76.36208,10.32592],[76.35994,10.32938],[76.35556,10.33062],[76.35326,10.32887],[76.35163,10.33225],[76.34603,10.33439],[76.34475,10.33679],[76.34153,10.33788],[76.33919,10.34005],[76.33407,10.3405],[76.33049,10.33721],[76.32645,10.33619],[76.32227,10.33087],[76.32358,10.3244],[76.3286,10.31378],[76.32428,10.30674],[76.32146,10.3082],[76.31809,10.30508],[76.31508,10.30458],[76.30988,10.30575],[76.31023,10.30159],[76.31175,10.29572],[76.30896,10.29172],[76.30372,10.29066],[76.30259,10.28571],[76.30323,10.27505],[76.30082,10.27149],[76.2965,10.2714],[76.29584,10.26827],[76.29359,10.26494],[76.28984,10.26255],[76.28771,10.25831],[76.28858,10.25625],[76.29182,10.25505],[76.29542,10.25614],[76.30154,10.25177],[76.30729,10.25221],[76.31048,10.24716],[76.31433,10.24713],[76.31784,10.24899],[76.31968,10.24601],[76.31735,10.24147],[76.31384,10.24125],[76.3179,10.23626],[76.32095,10.2376],[76.32179,10.24203],[76.32576,10.24231],[76.33098,10.24407],[76.32888,10.24592],[76.32967,10.24846],[76.33986,10.24987],[76.34112,10.2495],[76.34413,10.25546],[76.35311,10.25854],[76.35291,10.25294],[76.35671,10.25045],[76.35539,10.24663],[76.35353,10.24552],[76.35285,10.24133],[76.35798,10.23699],[76.37218,10.2411],[76.37584,10.2441],[76.37938,10.24506],[76.37747,10.25],[76.37783,10.25485],[76.38295,10.25468],[76.39138,10.25537],[76.39005,10.26404],[76.39253,10.2666],[76.39703,10.26757],[76.40135,10.27597],[76.41342,10.28113],[76.41163,10.28762],[76.41716,10.28881],[76.41541,10.29434],[76.42351,10.29199],[76.42781,10.28953],[76.43134,10.29004],[76.43687,10.29435],[76.44282,10.29339],[76.44773,10.29686],[76.45919,10.29659],[76.4675,10.29406],[76.47243,10.29175],[76.47828,10.29314],[76.48302,10.29203],[76.48842,10.29425],[76.49146,10.29408],[76.49424,10.29232],[76.49745,10.28794],[76.5,10.28746],[76.50612,10.2891],[76.51675,10.28758],[76.52181,10.28466],[76.52545,10.28451],[76.53311,10.28773],[76.54212,10.28946],[76.54688,10.289],[76.55303,10.28297],[76.56074,10.28459],[76.56715,10.28513],[76.57136,10.28414],[76.57281,10.28672],[76.56624,10.29255],[76.56708,10.29451],[76.57652,10.30254],[76.58177,10.30103],[76.58562,10.2981],[76.58985,10.29893],[76.59004,10.29244],[76.59467,10.28804],[76.59961,10.28461],[76.60333,10.28023],[76.61876,10.28032],[76.62129,10.27351],[76.62407,10.27424],[76.62711,10.27265],[76.63561,10.27303],[76.64111,10.27454],[76.64586,10.28027],[76.66192,10.27997],[76.66197,10.27694],[76.66551,10.27374],[76.66982,10.27136],[76.68765,10.26666],[76.69567,10.26393],[76.69875,10.26541],[76.70458,10.26681],[76.70616,10.26969],[76.71783,10.26925],[76.72876,10.27027],[76.73535,10.27186],[76.7389,10.27445],[76.75105,10.27817],[76.75346,10.27422],[76.75996,10.2694],[76.76933,10.26917],[76.77441,10.27122],[76.77417,10.27515],[76.77644,10.27673],[76.78011,10.27644],[76.78333,10.27765],[76.78894,10.27794],[76.79288,10.28023],[76.79515,10.27757],[76.79872,10.27842],[76.80061,10.28156],[76.80416,10.28517],[76.80975,10.28606],[76.81371,10.28521],[76.81824,10.28305],[76.82622,10.28098],[76.82878,10.27545],[76.83247,10.27609],[76.83603,10.28371],[76.84023,10.28331],[76.8424,10.28042],[76.84763,10.28083],[76.85248,10.27708],[76.85461,10.27713],[76.86057,10.27307],[76.8654,10.27301],[76.86566,10.27028],[76.86879,10.26936],[76.87127,10.27162],[76.87893,10.2695],[76.87986,10.26712],[76.87777,10.26252],[76.87786,10.26039],[76.88205,10.26016],[76.88879,10.25757],[76.89557,10.25856],[76.89697,10.25732],[76.89634,10.25383],[76.90121,10.25184],[76.8991,10.25872],[76.89675,10.26292],[76.89144,10.26306],[76.88409,10.2709],[76.87659,10.27428],[76.87342,10.27634],[76.87316,10.28169],[76.87452,10.29428],[76.87333,10.29824],[76.87052,10.29888],[76.86785,10.29578],[76.86407,10.29507],[76.86313,10.29262],[76.85971,10.29202],[76.85591,10.29325],[76.85139,10.29025],[76.85193,10.28492],[76.84872,10.28528],[76.8479,10.28772],[76.8447,10.28857],[76.84197,10.29193],[76.84456,10.29421],[76.8407,10.29968],[76.83732,10.30205],[76.83031,10.30363],[76.8296,10.30729],[76.83062,10.31454],[76.8326,10.31714],[76.83474,10.32659],[76.83618,10.33006],[76.83567,10.33209],[76.83766,10.33777],[76.83346,10.33669],[76.82803,10.33729],[76.81771,10.34826],[76.81604,10.34887],[76.81113,10.34624],[76.8085,10.3465],[76.80569,10.34404],[76.80553,10.33824],[76.80451,10.33692],[76.79858,10.3379],[76.79161,10.33571],[76.78492,10.33709],[76.77814,10.34176],[76.77648,10.34181],[76.77179,10.33416],[76.76651,10.33496],[76.7602,10.33684],[76.75454,10.33621],[76.75158,10.33836],[76.75151,10.34092],[76.75375,10.34405],[76.75256,10.34756],[76.75885,10.3491],[76.76483,10.35633],[76.76529,10.35958],[76.76393,10.36185],[76.75641,10.36129],[76.75354,10.36215],[76.75,10.36577],[76.73412,10.36873],[76.7312,10.36839],[76.7223,10.37241],[76.71313,10.37286],[76.70774,10.37112],[76.70438,10.36816],[76.70311,10.36305],[76.69502,10.36181],[76.68683,10.36328],[76.68389,10.36713],[76.67909,10.36787],[76.66937,10.37418],[76.66802,10.37815],[76.66553,10.38027],[76.66139,10.38562],[76.65722,10.38261],[76.65755,10.3795],[76.65452,10.37678],[76.65178,10.38019],[76.64668,10.38265],[76.64211,10.38221],[76.64093,10.38049],[76.63574,10.38035],[76.63258,10.37646],[76.62928,10.37681],[76.62736,10.38291],[76.62493,10.379],[76.62185,10.37998],[76.61861,10.38529],[76.61834,10.38969],[76.61529,10.39105],[76.6094,10.39891],[76.60655,10.40005],[76.60711,10.40463],[76.60378,10.40781],[76.60506,10.41078],[76.60338,10.41281],[76.60141,10.41819],[76.59526,10.42175],[76.59545,10.42448],[76.59091,10.43031],[76.58806,10.4354],[76.58249,10.43658],[76.5732,10.43713],[76.5705,10.43636],[76.56704,10.43717],[76.56404,10.43563],[76.56088,10.43566],[76.55865,10.4341],[76.55645,10.43672],[76.55628,10.44069],[76.55739,10.44345],[76.55263,10.44602],[76.53627,10.44833],[76.53212,10.45921],[76.52721,10.46234],[76.52531,10.46703],[76.51548,10.47205],[76.5061,10.47346],[76.50201,10.47826],[76.49909,10.47943],[76.49332,10.47822],[76.4894,10.47929],[76.48717,10.48634],[76.48046,10.48555],[76.47854,10.48601]]]},"properties":{"level":"block","code":"chalakudy","district":"TSR","lgd_code":6082}},{"type":"Feature","geometry":{"type":"Polygon","coordinates":[[[75.95616,10.68536],[75.96958,10.65719],[75.97288,10.64934],[75.98336,10.6259],[75.98978,10.61313],[75.99304,10.60537],[76,10.59011],[76.0095,10.56685],[76.01398,10.56879],[76.01607,10.5715],[76.02289,10.57398],[76.02559,10.57052],[76.02437,10.56736],[76.02238,10.566],[76.02458,10.56361],[76.03041,10.56577],[76.03022,10.56173],[76.02835,10.56031],[76.0294,10.55408],[76.03337,10.55066],[76.03795,10.5496],[76.0367,10.54545],[76.03844,10.54309],[76.03801,10.54032],[76.04043,10.53982],[76.04046,10.53676],[76.03539,10.53603],[76.03133,10.53845],[76.03283,10.53321],[76.03066,10.52958],[76.03053,10.52616],[76.03702,10.51644],[76.03925,10.51158],[76.03962,10.50781],[76.04095,10.51101],[76.03847,10.51842],[76.03341,10.52621],[76.03265,10.52902],[76.03359,10.53175],[76.03659,10.53395],[76.04135,10.53456],[76.04679,10.53275],[76.05168,10.53432],[76.04813,10.54948],[76.04062,10.56397],[76.04312,10.56727],[76.04852,10.56607],[76.04816,10.56963],[76.05317,10.57287],[76.06373,10.5761],[76.06257,10.57953],[76.06616,10.58328],[76.07358,10.58505],[76.07158,10.58924],[76.06976,10.59619],[76.06997,10.60026],[76.06472,10.60049],[76.06314,10.60347],[76.06005,10.60571],[76.05818,10.60961],[76.05796,10.61339],[76.05627,10.61886],[76.0531,10.61801],[76.04916,10.62651],[76.04178,10.62676],[76.03663,10.63494],[76.0362,10.63853],[76.0338,10.64262],[76.03261,10.64731],[76.03007,10.64935],[76.03029,10.6531],[76.02829,10.65962],[76.03028,10.66005],[76.03373,10.66382],[76.03314,10.66741],[76.02906,10.67152],[76.02754,10.67607],[76.02217,10.68336],[76.01435,10.68455],[76.0088,10.6869],[76.00732,10.68961],[76.00316,10.69186],[76.00124,10.69427],[75.99333,10.6919],[75.98632,10.69096],[75.98298,10.68822],[75.98078,10.69127],[75.97974,10.69473],[75.97661,10.69548],[75.97049,10.69111],[75.96794,10.69404],[75.96352,10.68933],[75.95616,10.68536]]]},"properties":{"level":"block","code":"chavakkad","district":"TSR","lgd_code":6083}},{"type":"Feature","geometry":{"type":"Polygon","coordinates":[[[76.19175,10.41213],[76.19621,10.41017],[76.20362,10.4104],[76.20546,10.40903],[76.20803,10.40468],[76.21215,10.40495],[76.21977,10.40267],[76.22261,10.40476],[76.22173,10.4089],[76.2238,10.41006],[76.22721,10.40792],[76.22856,10.41028],[76.2287,10.41576],[76.23226,10.41862],[76.23127,10.42417],[76.23453,10.42287],[76.23902,10.42488],[76.24,10.42828],[76.23896,10.43255],[76.24306,10.43616],[76.24329,10.44251],[76.24001,10.44179],[76.23668,10.4487],[76.23709,10.45552],[76.23434,10.45677],[76.23487,10.46403],[76.2371,10.46787],[76.23748,10.47083],[76.23631,10.47405],[76.23799,10.48026],[76.23585,10.48108],[76.23001,10.48034],[76.22467,10.48113],[76.22275,10.47887],[76.2183,10.47832],[76.21912,10.48658],[76.2176,10.49389],[76.21393,10.49845],[76.21242,10.50712],[76.21004,10.50934],[76.20551,10.5109],[76.20131,10.50724],[76.1936,10.50549],[76.19083,10.50236],[76.19127,10.49934],[76.19,10.49654],[76.18659,10.49277],[76.17859,10.48851],[76.17486,10.4835],[76.17452,10.48045],[76.17149,10.47665],[76.16782,10.47389],[76.16578,10.46892],[76.16063,10.46556],[76.16045,10.46223],[76.16247,10.45916],[76.16257,10.45449],[76.15903,10.45303],[76.16157,10.44884],[76.16998,10.44516],[76.17308,10.44461],[76.17291,10.43615],[76.17511,10.43408],[76.17594,10.42917],[76.17938,10.42357],[76.17916,10.41584],[76.18188,10.41432],[76.18464,10.41459],[76.19333,10.41834],[76.19175,10.41213]]]},"properties":{"level":"block","code":"cherpu","district":"TSR","lgd_code":6084}},{"type":"Feature","geometry":{"type":"Polygon","coordinates":[[[76.00732,10.68961],[76.0088,10.6869],[76.01435,10.68455],[76.02217,10.68336],[76.02754,10.67607],[76.02906,10.67152],[76.03314,10.66741],[76.03373,10.66382],[76.03028,10.66005],[76.02829,10.65962],[76.03029,10.6531],[76.03007,10.64935],[76.03261,10.64731],[76.0338,10.64262],[76.0362,10.63853],[76.03663,10.63494],[76.04178,10.62676],[76.04916,10.62651],[76.0531,10.61801],[76.05627,10.61886],[76.05796,10.61339],[76.05818,10.60961],[76.06005,10.60571],[76.06314,10.60347],[76.06472,10.60049],[76.06997,10.60026],[76.06976,10.59619],[76.07158,10.58924],[76.07358,10.58505],[76.0753,10.58246],[76.07655,10.57782],[76.07912,10.58034],[76.08371,10.58045],[76.0864,10.5871],[76.09458,10.59136],[76.09958,10.59317],[76.10561,10.59182],[76.11232,10.58878],[76.11252,10.59086],[76.11523,10.59249],[76.11446,10.59629],[76.11735,10.59657],[76.11948,10.60129],[76.12291,10.60289],[76.11851,10.60526],[76.12358,10.60781],[76.13132,10.60859],[76.13402,10.61369],[76.13639,10.61392],[76.13663,10.61674],[76.13991,10.61859],[76.14015,10.62161],[76.14454,10.62152],[76.14526,10.62466],[76.14565,10.63236],[76.14198,10.63598],[76.1404,10.63998],[76.14273,10.6412],[76.14212,10.64453],[76.13873,10.64443],[76.13199,10.64696],[76.13088,10.65045],[76.1263,10.64758],[76.12323,10.64823],[76.1197,10.64622],[76.11872,10.64133],[76.11376,10.63733],[76.11025,10.63871],[76.10977,10.64757],[76.11507,10.64832],[76.11745,10.65176],[76.11232,10.65571],[76.10788,10.65589],[76.10763,10.65851],[76.10393,10.66221],[76.10087,10.66308],[76.09544,10.66688],[76.09844,10.67411],[76.10059,10.67325],[76.10426,10.67622],[76.10078,10.68141],[76.10059,10.68647],[76.09754,10.68911],[76.09391,10.6908],[76.09331,10.69299],[76.09582,10.69518],[76.10291,10.69479],[76.10519,10.6933],[76.11537,10.69225],[76.1185,10.69572],[76.12133,10.69634],[76.1215,10.6985],[76.12456,10.69949],[76.12625,10.70654],[76.12907,10.71035],[76.12694,10.71339],[76.12321,10.71211],[76.12263,10.7104],[76.09969,10.72535],[76.09688,10.72614],[76.09527,10.72822],[76.08998,10.72701],[76.08486,10.72803],[76.07549,10.72773],[76.07344,10.72977],[76.06924,10.73003],[76.06559,10.72928],[76.06487,10.72589],[76.0593,10.72756],[76.06108,10.72409],[76.06107,10.71974],[76.05637,10.71649],[76.05263,10.71047],[76.05155,10.70444],[76.04872,10.70624],[76.03656,10.70713],[76.03412,10.70348],[76.03427,10.70062],[76.03029,10.70011],[76.02437,10.69764],[76.01988,10.69734],[76.01606,10.69478],[76.01215,10.69053],[76.00732,10.68961]]]},"properties":{"level":"block","code":"chowannur","district":"TSR","lgd_code":6085}},{"type":"Feature","geometry":{"type":"Polygon","coordinates":[[[76.14917,10.39459],[76.14867,10.39145],[76.14536,10.3869],[76.14524,10.38512],[76.14843,10.38372],[76.14906,10.37891],[76.15107,10.37401],[76.15352,10.37172],[76.15424,10.3657],[76.1571,10.36351],[76.15616,10.36019],[76.15317,10.35704],[76.15387,10.35339],[76.15907,10.35312],[76.16248,10.35625],[76.16616,10.35738],[76.16911,10.34935],[76.17161,10.34895],[76.17661,10.35123],[76.18011,10.34765],[76.18166,10.34386],[76.17911,10.34078],[76.18507,10.33765],[76.18462,10.33574],[76.18626,10.33088],[76.19355,10.33344],[76.19578,10.33242],[76.19859,10.33446],[76.20254,10.33238],[76.2052,10.33404],[76.20776,10.33185],[76.21261,10.33135],[76.21804,10.33272],[76.22181,10.33119],[76.22358,10.32552],[76.22874,10.32449],[76.23421,10.32766],[76.2363,10.32986],[76.235,10.33308],[76.23644,10.3348],[76.23847,10.34144],[76.24403,10.34249],[76.25025,10.34183],[76.25167,10.3465],[76.25447,10.34634],[76.25656,10.34446],[76.26301,10.34582],[76.26477,10.34425],[76.26704,10.35004],[76.26671,10.35488],[76.27105,10.35424],[76.27203,10.35647],[76.27077,10.36],[76.27658,10.36197],[76.28112,10.3612],[76.28482,10.36262],[76.28981,10.37025],[76.28881,10.37209],[76.28903,10.37663],[76.29353,10.37948],[76.29523,10.3785],[76.29866,10.38024],[76.30132,10.38369],[76.3042,10.38524],[76.30693,10.38415],[76.31061,10.38668],[76.3049,10.38956],[76.30323,10.38953],[76.30306,10.39466],[76.29927,10.39611],[76.29704,10.39548],[76.29556,10.39238],[76.29074,10.39268],[76.28926,10.39393],[76.28882,10.39795],[76.28496,10.39886],[76.28512,10.40709],[76.27475,10.414],[76.27014,10.41001],[76.26515,10.41012],[76.2601,10.4077],[76.25539,10.40707],[76.25163,10.41147],[76.24784,10.4094],[76.24695,10.41231],[76.24027,10.4168],[76.2425,10.42045],[76.23942,10.42257],[76.23902,10.42488],[76.23453,10.42287],[76.23127,10.42417],[76.23226,10.41862],[76.2287,10.41576],[76.22856,10.41028],[76.22721,10.40792],[76.2238,10.41006],[76.22173,10.4089],[76.22261,10.40476],[76.21977,10.40267],[76.21215,10.40495],[76.20803,10.40468],[76.20546,10.40903],[76.20362,10.4104],[76.19621,10.41017],[76.19175,10.41213],[76.19086,10.4104],[76.18513,10.4088],[76.17763,10.40576],[76.1754,10.4034],[76.17227,10.40302],[76.1717,10.40079],[76.16738,10.40024],[76.16399,10.40337],[76.15999,10.4044],[76.15409,10.40416],[76.15177,10.40244],[76.14917,10.39459]]]},"properties":{"level":"block","code":"irinjalakkuda","district":"TSR","lgd_code":6086}},{"type":"Feature","geometry":{"type":"Polygon","coordinates":[[[76.36298,10.45427],[76.3612,10.45309],[76.35423,10.4554],[76.35054,10.45816],[76.34705,10.46317],[76.34687,10.46494],[76.3411,10.46708],[76.33857,10.4706],[76.33459,10.47201],[76.33238,10.47056],[76.33068,10.4738],[76.32886,10.47252],[76.32122,10.47491],[76.31654,10.47216],[76.30931,10.47402],[76.30292,10.47249],[76.29814,10.47326],[76.29589,10.47556],[76.29133,10.47136],[76.28786,10.47102],[76.28567,10.46857],[76.27899,10.47165],[76.27569,10.47227],[76.27065,10.47068],[76.26818,10.46588],[76.26148,10.46501],[76.25838,10.46278],[76.25513,10.46475],[76.25007,10.46207],[76.24956,10.4533],[76.24806,10.45217],[76.24727,10.44754],[76.24323,10.44826],[76.24329,10.44251],[76.24306,10.43616],[76.23896,10.43255],[76.24,10.42828],[76.23902,10.42488],[76.23942,10.42257],[76.2425,10.42045],[76.24027,10.4168],[76.24695,10.41231],[76.24784,10.4094],[76.25163,10.41147],[76.25539,10.40707],[76.2601,10.4077],[76.26515,10.41012],[76.27014,10.41001],[76.27475,10.414],[76.28512,10.40709],[76.28496,10.39886],[76.28882,10.39795],[76.28926,10.39393],[76.29074,10.39268],[76.29556,10.39238],[76.29704,10.39548],[76.29927,10.39611],[76.30306,10.39466],[76.30323,10.38953],[76.3049,10.38956],[76.31061,10.38668],[76.30693,10.38415],[76.3042,10.38524],[76.30132,10.38369],[76.29866,10.38024],[76.29523,10.3785],[76.29353,10.37948],[76.28903,10.37663],[76.28881,10.37209],[76.28981,10.37025],[76.28482,10.36262],[76.28572,10.36144],[76.28479,10.35611],[76.28873,10.34701],[76.29309,10.34734],[76.29679,10.34557],[76.29962,10.34769],[76.30355,10.34622],[76.30967,10.34723],[76.31301,10.34339],[76.31284,10.34017],[76.31433,10.33683],[76.31346,10.33365],[76.31421,10.32844],[76.31057,10.32414],[76.30912,10.32074],[76.30938,10.31824],[76.31158,10.31472],[76.31163,10.312],[76.31001,10.30915],[76.30988,10.30575],[76.31508,10.30458],[76.31809,10.30508],[76.32146,10.3082],[76.32428,10.30674],[76.3286,10.31378],[76.32358,10.3244],[76.32227,10.33087],[76.32645,10.33619],[76.33049,10.33721],[76.33407,10.3405],[76.33919,10.34005],[76.34153,10.33788],[76.34475,10.33679],[76.34603,10.33439],[76.35163,10.33225],[76.35326,10.32887],[76.35556,10.33062],[76.35994,10.32938],[76.36208,10.32592],[76.36499,10.32722],[76.36791,10.32617],[76.37139,10.32815],[76.37894,10.32736],[76.381,10.33465],[76.38598,10.33632],[76.38869,10.33571],[76.39264,10.33884],[76.4015,10.33379],[76.40554,10.33228],[76.40434,10.34434],[76.40537,10.35863],[76.40776,10.36163],[76.4104,10.35757],[76.4174,10.36315],[76.41546,10.36706],[76.41795,10.36935],[76.41781,10.37178],[76.42075,10.37342],[76.42184,10.37569],[76.42512,10.37809],[76.43154,10.38004],[76.42595,10.38214],[76.4245,10.38793],[76.41869,10.38986],[76.41674,10.3928],[76.4138,10.39133],[76.41155,10.3932],[76.41242,10.3969],[76.40842,10.3973],[76.40382,10.4017],[76.40021,10.40319],[76.38744,10.39632],[76.38456,10.39814],[76.37956,10.3998],[76.37702,10.40249],[76.3718,10.40299],[76.36524,10.40856],[76.36165,10.40757],[76.36066,10.41382],[76.362,10.41776],[76.35848,10.4199],[76.35694,10.4187],[76.35282,10.42008],[76.35191,10.4226],[76.3529,10.42649],[76.35069,10.43421],[76.34405,10.43095],[76.34243,10.43271],[76.34501,10.43621],[76.34556,10.44091],[76.34317,10.44119],[76.34314,10.43698],[76.34065,10.43523],[76.33867,10.43761],[76.34207,10.44453],[76.34468,10.44396],[76.35143,10.44804],[76.35505,10.45144],[76.35711,10.44932],[76.36135,10.45098],[76.36298,10.45427]]]},"properties":{"level":"block","code":"kodakara","district":"TSR","lgd_code":6087}},{"type":"Feature","geometry":{"type":"Polygon","coordinates":[[[76.30988,10.30575],[76.31001,10.30915],[76.31163,10.312],[76.31158,10.31472],[76.30938,10.31824],[76.30912,10.32074],[76.31057,10.32414],[76.31421,10.32844],[76.31346,10.33365],[76.31433,10.33683],[76.31284,10.34017],[76.31301,10.34339],[76.30967,10.34723],[76.30355,10.34622],[76.29962,10.34769],[76.29679,10.34557],[76.29309,10.34734],[76.28873,10.34701],[76.28479,10.35611],[76.28572,10.36144],[76.28482,10.36262],[76.28112,10.3612],[76.27658,10.36197],[76.27077,10.36],[76.27203,10.35647],[76.27105,10.35424],[76.26671,10.35488],[76.26704,10.35004],[76.26477,10.34425],[76.26301,10.34582],[76.25656,10.34446],[76.25746,10.34037],[76.26193,10.34029],[76.26147,10.33322],[76.25788,10.32547],[76.25953,10.32235],[76.25667,10.31929],[76.25709,10.31583],[76.25978,10.3131],[76.2615,10.3159],[76.26477,10.31618],[76.26816,10.31395],[76.26887,10.31185],[76.26726,10.30539],[76.26507,10.3033],[76.26586,10.30077],[76.26449,10.29595],[76.26526,10.28889],[76.27146,10.2861],[76.27108,10.28348],[76.26011,10.27125],[76.25941,10.26698],[76.25666,10.26456],[76.25755,10.25938],[76.25566,10.2546],[76.2519,10.25138],[76.2479,10.24999],[76.24638,10.24784],[76.24693,10.24381],[76.24487,10.24032],[76.24833,10.23874],[76.2553,10.24046],[76.26265,10.23875],[76.2628,10.23595],[76.26691,10.23811],[76.27005,10.23603],[76.26978,10.23256],[76.27368,10.23529],[76.27524,10.23772],[76.2779,10.23505],[76.27336,10.23136],[76.26728,10.22757],[76.26355,10.22864],[76.25559,10.22883],[76.2547,10.22701],[76.24628,10.22555],[76.24221,10.22175],[76.24001,10.21722],[76.23674,10.21484],[76.22216,10.21304],[76.2194,10.21055],[76.21973,10.20702],[76.22538,10.20537],[76.23271,10.20416],[76.23523,10.20266],[76.23727,10.20445],[76.24174,10.20336],[76.24269,10.20518],[76.24616,10.20188],[76.24975,10.20075],[76.25428,10.20267],[76.25846,10.20108],[76.26027,10.20221],[76.26396,10.19877],[76.25966,10.19793],[76.26166,10.19506],[76.26127,10.18987],[76.26691,10.18565],[76.27117,10.18479],[76.27206,10.18072],[76.27362,10.18012],[76.27512,10.17551],[76.28022,10.17469],[76.28393,10.17579],[76.286,10.17786],[76.28947,10.17792],[76.29525,10.17595],[76.2979,10.17714],[76.30191,10.18537],[76.31198,10.18242],[76.31174,10.19384],[76.31066,10.19902],[76.31073,10.20545],[76.31366,10.2068],[76.32496,10.20761],[76.33124,10.20946],[76.33253,10.21274],[76.33519,10.21343],[76.33629,10.21638],[76.33674,10.22159],[76.33813,10.22602],[76.34073,10.22637],[76.34088,10.23069],[76.34207,10.23184],[76.35798,10.23699],[76.35285,10.24133],[76.35353,10.24552],[76.35539,10.24663],[76.35671,10.25045],[76.35291,10.25294],[76.35311,10.25854],[76.34413,10.25546],[76.34112,10.2495],[76.33986,10.24987],[76.32967,10.24846],[76.32888,10.24592],[76.33098,10.24407],[76.32576,10.24231],[76.32179,10.24203],[76.32095,10.2376],[76.3179,10.23626],[76.31384,10.24125],[76.31735,10.24147],[76.31968,10.24601],[76.31784,10.24899],[76.31433,10.24713],[76.31048,10.24716],[76.30729,10.25221],[76.30154,10.25177],[76.29542,10.25614],[76.29182,10.25505],[76.28858,10.25625],[76.28771,10.25831],[76.28984,10.26255],[76.29359,10.26494],[76.29584,10.26827],[76.2965,10.2714],[76.30082,10.27149],[76.30323,10.27505],[76.30259,10.28571],[76.30372,10.29066],[76.30896,10.29172],[76.31175,10.29572],[76.31023,10.30159],[76.30988,10.30575]]]},"properties":{"level":"block","code":"mala","district":"TSR","lgd_code":6089}},{"type":"Feature","geometry":{"type":"Polygon","coordinates":[[[76.12342,10.40088],[76.12266,10.39875],[76.124,10.39238],[76.12225,10.39025],[76.12736,10.37881],[76.12936,10.37216],[76.13012,10.36668],[76.12354,10.36427],[76.12475,10.36186],[76.12215,10.35989],[76.12267,10.35708],[76.11973,10.35418],[76.11429,10.35229],[76.10922,10.3519],[76.11572,10.33382],[76.12396,10.30551],[76.12689,10.29256],[76.13225,10.27431],[76.13594,10.26096],[76.13899,10.25177],[76.14139,10.2463],[76.14274,10.24103],[76.15412,10.20481],[76.1565,10.19894],[76.16151,10.18394],[76.16484,10.1798],[76.1691,10.18487],[76.1749,10.18619],[76.18523,10.1909],[76.19061,10.19216],[76.19806,10.19263],[76.20414,10.19466],[76.21372,10.19416],[76.21232,10.19786],[76.21349,10.20132],[76.21973,10.20702],[76.2194,10.21055],[76.22216,10.21304],[76.23674,10.21484],[76.24001,10.21722],[76.24221,10.22175],[76.24628,10.22555],[76.2547,10.22701],[76.25559,10.22883],[76.26355,10.22864],[76.26728,10.22757],[76.27336,10.23136],[76.2779,10.23505],[76.27524,10.23772],[76.27368,10.23529],[76.26978,10.23256],[76.27005,10.23603],[76.26691,10.23811],[76.2628,10.23595],[76.26265,10.23875],[76.2553,10.24046],[76.24833,10.23874],[76.24487,10.24032],[76.24088,10.23981],[76.24182,10.23595],[76.24117,10.23222],[76.23771,10.22695],[76.23817,10.22507],[76.23298,10.21828],[76.22614,10.2169],[76.22719,10.22101],[76.22344,10.22593],[76.22309,10.23212],[76.22646,10.23761],[76.22731,10.24162],[76.22996,10.24823],[76.22371,10.25825],[76.21704,10.25662],[76.21661,10.25336],[76.20928,10.25697],[76.20421,10.25801],[76.19952,10.25789],[76.19674,10.26109],[76.19416,10.26099],[76.19029,10.26297],[76.18776,10.26275],[76.18477,10.26567],[76.18016,10.26746],[76.17825,10.27031],[76.17834,10.27762],[76.17607,10.28545],[76.17617,10.28898],[76.17371,10.29323],[76.1718,10.29475],[76.16809,10.29511],[76.16444,10.29933],[76.1641,10.30265],[76.16831,10.30807],[76.16717,10.31213],[76.16828,10.31642],[76.15987,10.31753],[76.15673,10.31984],[76.15563,10.32535],[76.1588,10.32919],[76.15533,10.33211],[76.15432,10.33523],[76.15655,10.33875],[76.15309,10.34106],[76.15425,10.34404],[76.15856,10.34793],[76.15907,10.35312],[76.15387,10.35339],[76.15317,10.35704],[76.15616,10.36019],[76.1571,10.36351],[76.15424,10.3657],[76.15352,10.37172],[76.15107,10.37401],[76.14906,10.37891],[76.14843,10.38372],[76.14524,10.38512],[76.14536,10.3869],[76.14867,10.39145],[76.14917,10.39459],[76.1429,10.38715],[76.14108,10.38568],[76.13729,10.38611],[76.13512,10.38815],[76.13473,10.39076],[76.13753,10.39446],[76.13371,10.39769],[76.12936,10.40271],[76.12679,10.40403],[76.12342,10.40088]]]},"properties":{"level":"block","code":"mathilakam","district":"TSR","lgd_code":6090}},{"type":"Feature","geometry":{"type":"Polygon","coordinates":[[[76.12482,10.50638],[76.1305,10.508],[76.13488,10.51339],[76.1336,10.52126],[76.13155,10.52136],[76.12928,10.52624],[76.12698,10.52539],[76.12397,10.53356],[76.12422,10.53657],[76.12213,10.5438],[76.12611,10.54581],[76.11949,10.55168],[76.11647,10.55035],[76.11546,10.55542],[76.11377,10.55894],[76.11569,10.56359],[76.11306,10.56555],[76.11265,10.56805],[76.11638,10.56838],[76.11764,10.57181],[76.1165,10.5733],[76.11675,10.5822],[76.11632,10.58603],[76.11453,10.59015],[76.11252,10.59086],[76.11232,10.58878],[76.10561,10.59182],[76.09958,10.59317],[76.09458,10.59136],[76.0864,10.5871],[76.08371,10.58045],[76.07912,10.58034],[76.07655,10.57782],[76.0753,10.58246],[76.07358,10.58505],[76.06616,10.58328],[76.06257,10.57953],[76.06373,10.5761],[76.05317,10.57287],[76.04816,10.56963],[76.04852,10.56607],[76.04312,10.56727],[76.04062,10.56397],[76.04813,10.54948],[76.05168,10.53432],[76.05476,10.53614],[76.05852,10.53629],[76.0634,10.53179],[76.06689,10.5244],[76.07417,10.51208],[76.0756,10.50572],[76.07885,10.50206],[76.08308,10.50431],[76.0881,10.50677],[76.0951,10.5039],[76.09961,10.50443],[76.10271,10.5023],[76.10853,10.5036],[76.12132,10.50552],[76.12482,10.50638]]]},"properties":{"level":"block","code":"mullassery","district":"TSR","lgd_code":6091}},{"type":"Feature","geometry":{"type":"Polygon","coordinates":[[[76.40297,10.59071],[76.39811,10.59205],[76.39486,10.59597],[76.39382,10.59902],[76.38591,10.60266],[76.38349,10.59823],[76.37897,10.60042],[76.37595,10.60404],[76.37586,10.60744],[76.36768,10.6169],[76.36526,10.61675],[76.35743,10.62064],[76.35312,10.62011],[76.34937,10.61803],[76.34159,10.62007],[76.34064,10.61717],[76.33595,10.60863],[76.33313,10.60966],[76.33247,10.60718],[76.33005,10.606],[76.3278,10.60199],[76.31432,10.60031],[76.30975,10.59661],[76.30566,10.59579],[76.29551,10.59855],[76.29075,10.59872],[76.28595,10.6029],[76.28076,10.60003],[76.27536,10.60106],[76.27182,10.59929],[76.2733,10.59556],[76.27012,10.59515],[76.26713,10.59137],[76.2674,10.5879],[76.26443,10.58397],[76.26185,10.579],[76.25643,10.58581],[76.2535,10.58641],[76.24838,10.58379],[76.24998,10.57727],[76.24799,10.57666],[76.2486,10.57276],[76.24275,10.57352],[76.23674,10.56854],[76.22853,10.57771],[76.22954,10.58123],[76.22812,10.58405],[76.23069,10.58641],[76.23297,10.58643],[76.23293,10.59132],[76.22971,10.58994],[76.22786,10.59291],[76.22199,10.59016],[76.21408,10.58917],[76.21179,10.59148],[76.20871,10.59131],[76.20635,10.58712],[76.20439,10.59022],[76.19889,10.59076],[76.19626,10.5877],[76.19353,10.59014],[76.19468,10.59486],[76.19332,10.59688],[76.18903,10.59653],[76.18643,10.59748],[76.1827,10.59579],[76.18014,10.58586],[76.18175,10.57104],[76.18383,10.57092],[76.18471,10.56564],[76.18341,10.55474],[76.18081,10.55285],[76.18079,10.54954],[76.184,10.55058],[76.18595,10.54946],[76.19118,10.54963],[76.19442,10.55189],[76.19813,10.54398],[76.19844,10.53782],[76.19673,10.53525],[76.19691,10.53286],[76.20169,10.52858],[76.20177,10.52272],[76.20533,10.52209],[76.20747,10.51539],[76.20551,10.5109],[76.21004,10.50934],[76.21242,10.50712],[76.21393,10.49845],[76.2176,10.49389],[76.21912,10.48658],[76.2183,10.47832],[76.22275,10.47887],[76.22467,10.48113],[76.23001,10.48034],[76.23585,10.48108],[76.23799,10.48026],[76.23631,10.47405],[76.23748,10.47083],[76.2371,10.46787],[76.23487,10.46403],[76.23434,10.45677],[76.23709,10.45552],[76.23668,10.4487],[76.24001,10.44179],[76.24329,10.44251],[76.24323,10.44826],[76.24727,10.44754],[76.24806,10.45217],[76.24956,10.4533],[76.25007,10.46207],[76.25513,10.46475],[76.25838,10.46278],[76.26148,10.46501],[76.26818,10.46588],[76.27065,10.47068],[76.27569,10.47227],[76.27899,10.47165],[76.28567,10.46857],[76.28786,10.47102],[76.29133,10.47136],[76.29589,10.47556],[76.29814,10.47326],[76.30292,10.47249],[76.30931,10.47402],[76.31654,10.47216],[76.32122,10.47491],[76.32886,10.47252],[76.33068,10.4738],[76.33238,10.47056],[76.33459,10.47201],[76.33857,10.4706],[76.3411,10.46708],[76.34687,10.46494],[76.34705,10.46317],[76.35054,10.45816],[76.35423,10.4554],[76.3612,10.45309],[76.36298,10.45427],[76.37076,10.45559],[76.3735,10.45804],[76.377,10.46586],[76.38371,10.46573],[76.39006,10.46738],[76.39027,10.46998],[76.39725,10.47082],[76.39953,10.47265],[76.40374,10.47324],[76.4115,10.47116],[76.42545,10.46839],[76.42958,10.46915],[76.43374,10.47433],[76.44137,10.47511],[76.44383,10.472],[76.44651,10.47068],[76.44921,10.47531],[76.45205,10.47783],[76.45906,10.48127],[76.46536,10.48068],[76.46984,10.47913],[76.47854,10.48601],[76.474,10.48709],[76.47358,10.49112],[76.4716,10.49286],[76.47166,10.49652],[76.46687,10.4987],[76.46748,10.50259],[76.45923,10.50796],[76.45976,10.51075],[76.45207,10.51921],[76.45062,10.52171],[76.44128,10.52272],[76.43979,10.52529],[76.43961,10.52999],[76.43674,10.53013],[76.43272,10.53377],[76.43163,10.53728],[76.43497,10.54826],[76.43833,10.55366],[76.43177,10.5583],[76.43009,10.55821],[76.43009,10.56276],[76.42909,10.56512],[76.42584,10.56625],[76.4254,10.5715],[76.4206,10.57248],[76.42029,10.57875],[76.41308,10.57845],[76.40848,10.58007],[76.40768,10.58408],[76.40537,10.58631],[76.40297,10.59071]]]},"properties":{"level":"block","code":"ollukkara","district":"TSR","lgd_code":6092}},{"type":"Feature","geometry":{"type":"Polygon","coordinates":[[[76.46119,10.70743],[76.46324,10.71594],[76.46551,10.71825],[76.46369,10.72056],[76.46699,10.72267],[76.46794,10.72477],[76.47219,10.7267],[76.47814,10.73042],[76.47968,10.73425],[76.47122,10.74025],[76.47062,10.74321],[76.47316,10.74893],[76.469,10.75242],[76.44904,10.75079],[76.44312,10.74958],[76.437,10.75115],[76.43288,10.75117],[76.42053,10.74924],[76.41421,10.74975],[76.40891,10.74918],[76.4033,10.74649],[76.39704,10.74634],[76.39382,10.74863],[76.38923,10.76346],[76.38506,10.76762],[76.37923,10.76758],[76.36915,10.76516],[76.3649,10.76305],[76.36167,10.7581],[76.35899,10.7482],[76.35655,10.74396],[76.35185,10.74335],[76.34202,10.74849],[76.33844,10.7493],[76.33466,10.74868],[76.32932,10.74541],[76.32669,10.74523],[76.31905,10.74657],[76.30753,10.75094],[76.2957,10.75332],[76.29119,10.75508],[76.28785,10.75537],[76.28111,10.75223],[76.26984,10.7537],[76.26541,10.75298],[76.26066,10.75],[76.25346,10.74689],[76.25787,10.74184],[76.26086,10.74125],[76.26501,10.73804],[76.27402,10.73796],[76.27576,10.73562],[76.27826,10.73556],[76.28016,10.73809],[76.28274,10.7378],[76.28802,10.73143],[76.28641,10.7297],[76.28672,10.72643],[76.28388,10.72272],[76.28699,10.71906],[76.28667,10.7149],[76.29006,10.70892],[76.29792,10.70899],[76.29921,10.70826],[76.30657,10.70885],[76.30703,10.70479],[76.31076,10.70261],[76.31145,10.69804],[76.30761,10.69585],[76.30135,10.69529],[76.30098,10.69199],[76.30318,10.68727],[76.30231,10.68455],[76.30602,10.68072],[76.30952,10.68278],[76.31345,10.67902],[76.31106,10.67675],[76.31113,10.67247],[76.31234,10.6705],[76.31592,10.67115],[76.31614,10.67365],[76.31859,10.6741],[76.32161,10.67276],[76.32274,10.67013],[76.32607,10.67073],[76.32719,10.66294],[76.32054,10.66184],[76.31913,10.65653],[76.32303,10.65845],[76.32755,10.65578],[76.33344,10.65641],[76.33639,10.65879],[76.34194,10.65475],[76.34357,10.65259],[76.34863,10.64916],[76.3508,10.645],[76.35449,10.64564],[76.3548,10.64231],[76.35835,10.64109],[76.362,10.63496],[76.36515,10.63346],[76.3686,10.63363],[76.3722,10.62758],[76.37268,10.62469],[76.37767,10.62045],[76.37921,10.61536],[76.38281,10.61473],[76.38833,10.61259],[76.38811,10.61072],[76.38529,10.60763],[76.3895,10.60594],[76.39312,10.60711],[76.39506,10.60495],[76.40025,10.61122],[76.40236,10.6081],[76.40101,10.60237],[76.40115,10.59859],[76.40424,10.60037],[76.40551,10.60075],[76.40949,10.59676],[76.41316,10.59453],[76.41499,10.59984],[76.41347,10.60188],[76.41331,10.60564],[76.42189,10.60621],[76.4281,10.61346],[76.4265,10.62118],[76.42538,10.62256],[76.42556,10.62743],[76.42308,10.62772],[76.41748,10.63038],[76.41967,10.63339],[76.41992,10.63832],[76.42392,10.6438],[76.42183,10.64721],[76.42518,10.64917],[76.43424,10.65004],[76.43565,10.6515],[76.43578,10.65583],[76.43948,10.65937],[76.44154,10.66323],[76.4446,10.66374],[76.44706,10.66114],[76.45104,10.66582],[76.45035,10.66969],[76.4514,10.6756],[76.44953,10.67963],[76.44775,10.68647],[76.44473,10.69171],[76.44013,10.69653],[76.44469,10.69916],[76.45171,10.70201],[76.45352,10.70024],[76.45662,10.70119],[76.46119,10.70743]]]},"properties":{"level":"block","code":"pazhayannur","district":"TSR","lgd_code":6093}},{"type":"Feature","geometry":{"type":"Polygon","coordinates":[[[76.16063,10.46556],[76.16578,10.46892],[76.16782,10.47389],[76.17149,10.47665],[76.17452,10.48045],[76.17486,10.4835],[76.17859,10.48851],[76.18659,10.49277],[76.19,10.49654],[76.19127,10.49934],[76.19083,10.50236],[76.1936,10.50549],[76.20131,10.50724],[76.20551,10.5109],[76.20747,10.51539],[76.20533,10.52209],[76.20177,10.52272],[76.20169,10.52858],[76.19691,10.53286],[76.19673,10.53525],[76.19844,10.53782],[76.19813,10.54398],[76.19442,10.55189],[76.19118,10.54963],[76.18595,10.54946],[76.184,10.55058],[76.18079,10.54954],[76.18081,10.55285],[76.18341,10.55474],[76.18471,10.56564],[76.18383,10.57092],[76.18175,10.57104],[76.18014,10.58586],[76.1827,10.59579],[76.18643,10.59748],[76.18903,10.59653],[76.19332,10.59688],[76.19468,10.59486],[76.19353,10.59014],[76.19626,10.5877],[76.19889,10.59076],[76.20439,10.59022],[76.20635,10.58712],[76.20871,10.59131],[76.21179,10.59148],[76.21408,10.58917],[76.22199,10.59016],[76.22786,10.59291],[76.22971,10.58994],[76.23293,10.59132],[76.23297,10.58643],[76.23069,10.58641],[76.22812,10.58405],[76.22954,10.58123],[76.22853,10.57771],[76.23674,10.56854],[76.24275,10.57352],[76.2486,10.57276],[76.24799,10.57666],[76.24998,10.57727],[76.24838,10.58379],[76.2535,10.58641],[76.25643,10.58581],[76.26185,10.579],[76.26443,10.58397],[76.2674,10.5879],[76.26713,10.59137],[76.27012,10.59515],[76.26728,10.59755],[76.26551,10.60139],[76.2615,10.60221],[76.25876,10.60401],[76.25686,10.60904],[76.25252,10.61529],[76.24911,10.61458],[76.24733,10.61116],[76.2429,10.60788],[76.23719,10.6094],[76.23483,10.60908],[76.23378,10.60637],[76.23019,10.60355],[76.22359,10.607],[76.22255,10.6093],[76.21921,10.61061],[76.21937,10.61409],[76.21361,10.61439],[76.21168,10.61695],[76.20529,10.61639],[76.20402,10.6171],[76.19253,10.61751],[76.18901,10.61874],[76.18916,10.62249],[76.19115,10.62509],[76.18814,10.62758],[76.18625,10.62699],[76.18038,10.62777],[76.1768,10.62727],[76.17636,10.62907],[76.17257,10.62907],[76.1736,10.62019],[76.17318,10.61795],[76.16671,10.61698],[76.16618,10.61246],[76.16397,10.61143],[76.15892,10.61179],[76.15711,10.61375],[76.16,10.61583],[76.15971,10.61842],[76.15568,10.61961],[76.15473,10.62196],[76.15079,10.62079],[76.14454,10.62152],[76.14015,10.62161],[76.13991,10.61859],[76.13663,10.61674],[76.13639,10.61392],[76.13402,10.61369],[76.13132,10.60859],[76.12358,10.60781],[76.11851,10.60526],[76.12291,10.60289],[76.11948,10.60129],[76.11735,10.59657],[76.11446,10.59629],[76.11523,10.59249],[76.11252,10.59086],[76.11453,10.59015],[76.11632,10.58603],[76.11675,10.5822],[76.1165,10.5733],[76.11764,10.57181],[76.11638,10.56838],[76.11265,10.56805],[76.11306,10.56555],[76.11569,10.56359],[76.11377,10.55894],[76.11546,10.55542],[76.11647,10.55035],[76.11949,10.55168],[76.12611,10.54581],[76.12213,10.5438],[76.12422,10.53657],[76.12397,10.53356],[76.12698,10.52539],[76.12928,10.52624],[76.13155,10.52136],[76.1336,10.52126],[76.13488,10.51339],[76.1305,10.508],[76.12482,10.50638],[76.12516,10.50135],[76.12469,10.492],[76.12771,10.484],[76.13041,10.47148],[76.13144,10.46852],[76.13758,10.47002],[76.14668,10.47076],[76.15367,10.46919],[76.15825,10.46599],[76.16063,10.46556]]]},"properties":{"level":"block","code":"puzhakkal","district":"TSR","lgd_code":6094}},{"type":"Feature","geometry":{"type":"Polygon","coordinates":[[[76.08308,10.50431],[76.07885,10.50206],[76.0756,10.50572],[76.07417,10.51208],[76.06689,10.5244],[76.0634,10.53179],[76.05852,10.53629],[76.05476,10.53614],[76.05168,10.53432],[76.04679,10.53275],[76.04135,10.53456],[76.03659,10.53395],[76.03359,10.53175],[76.03265,10.52902],[76.03341,10.52621],[76.03847,10.51842],[76.04095,10.51101],[76.03962,10.50781],[76.03955,10.50489],[76.04561,10.4947],[76.06286,10.46191],[76.06867,10.4502],[76.08169,10.42157],[76.1001,10.37692],[76.10179,10.37357],[76.10922,10.3519],[76.11429,10.35229],[76.11973,10.35418],[76.12267,10.35708],[76.12215,10.35989],[76.12475,10.36186],[76.12354,10.36427],[76.13012,10.36668],[76.12936,10.37216],[76.12736,10.37881],[76.12225,10.39025],[76.124,10.39238],[76.12266,10.39875],[76.12342,10.40088],[76.12126,10.4015],[76.11981,10.40686],[76.11451,10.41786],[76.11219,10.42444],[76.10862,10.43021],[76.10562,10.43839],[76.10327,10.44154],[76.09714,10.44597],[76.09533,10.44944],[76.09496,10.45597],[76.09312,10.46502],[76.09322,10.47556],[76.08908,10.48119],[76.08494,10.4882],[76.08429,10.4931],[76.08594,10.49663],[76.08576,10.5001],[76.08308,10.50431]]]},"properties":{"level":"block","code":"thalikkulam","district":"TSR","lgd_code":6095}},{"type":"Feature","geometry":{"type":"Polygon","coordinates":[[[76.15907,10.35312],[76.15856,10.34793],[76.15425,10.34404],[76.15309,10.34106],[76.15655,10.33875],[76.15432,10.33523],[76.15533,10.33211],[76.1588,10.32919],[76.15563,10.32535],[76.15673,10.31984],[76.15987,10.31753],[76.16828,10.31642],[76.16717,10.31213],[76.16831,10.30807],[76.1641,10.30265],[76.16444,10.29933],[76.16809,10.29511],[76.1718,10.29475],[76.17371,10.29323],[76.17617,10.28898],[76.17607,10.28545],[76.17834,10.27762],[76.17825,10.27031],[76.18016,10.26746],[76.18477,10.26567],[76.18776,10.26275],[76.19029,10.26297],[76.19416,10.26099],[76.19674,10.26109],[76.19952,10.25789],[76.20421,10.25801],[76.20928,10.25697],[76.21661,10.25336],[76.21704,10.25662],[76.22371,10.25825],[76.22996,10.24823],[76.22731,10.24162],[76.22646,10.23761],[76.22309,10.23212],[76.22344,10.22593],[76.22719,10.22101],[76.22614,10.2169],[76.23298,10.21828],[76.23817,10.22507],[76.23771,10.22695],[76.24117,10.23222],[76.24182,10.23595],[76.24088,10.23981],[76.24487,10.24032],[76.24693,10.24381],[76.24638,10.24784],[76.2479,10.24999],[76.2519,10.25138],[76.25566,10.2546],[76.25755,10.25938],[76.25666,10.26456],[76.25941,10.26698],[76.26011,10.27125],[76.27108,10.28348],[76.27146,10.2861],[76.26526,10.28889],[76.26449,10.29595],[76.26586,10.30077],[76.26507,10.3033],[76.26726,10.30539],[76.26887,10.31185],[76.26816,10.31395],[76.26477,10.31618],[76.2615,10.3159],[76.25978,10.3131],[76.25709,10.31583],[76.25667,10.31929],[76.25953,10.32235],[76.25788,10.32547],[76.26147,10.33322],[76.26193,10.34029],[76.25746,10.34037],[76.25656,10.34446],[76.25447,10.34634],[76.25167,10.3465],[76.25025,10.34183],[76.24403,10.34249],[76.23847,10.34144],[76.23644,10.3348],[76.235,10.33308],[76.2363,10.32986],[76.23421,10.32766],[76.22874,10.32449],[76.22358,10.32552],[76.22181,10.33119],[76.21804,10.33272],[76.21261,10.33135],[76.20776,10.33185],[76.2052,10.33404],[76.20254,10.33238],[76.19859,10.33446],[76.19578,10.33242],[76.19355,10.33344],[76.18626,10.33088],[76.18462,10.33574],[76.18507,10.33765],[76.17911,10.34078],[76.18166,10.34386],[76.18011,10.34765],[76.17661,10.35123],[76.17161,10.34895],[76.16911,10.34935],[76.16616,10.35738],[76.16248,10.35625],[76.15907,10.35312]]]},"properties":{"level":"block","code":"vellangallur","district":"TSR","lgd_code":6096}},{"type":"Feature","geometry":{"type":"Polygon","coordinates":[[[76.40424,10.60037],[76.40115,10.59859],[76.40101,10.60237],[76.40236,10.6081],[76.40025,10.61122],[76.39506,10.60495],[76.39312,10.60711],[76.3895,10.60594],[76.38529,10.60763],[76.38811,10.61072],[76.38833,10.61259],[76.38281,10.61473],[76.37921,10.61536],[76.37767,10.62045],[76.37268,10.62469],[76.3722,10.62758],[76.3686,10.63363],[76.36515,10.63346],[76.362,10.63496],[76.35835,10.64109],[76.3548,10.64231],[76.35449,10.64564],[76.3508,10.645],[76.34863,10.64916],[76.34357,10.65259],[76.34194,10.65475],[76.33639,10.65879],[76.33344,10.65641],[76.32755,10.65578],[76.32303,10.65845],[76.31913,10.65653],[76.32054,10.66184],[76.32719,10.66294],[76.32607,10.67073],[76.32274,10.67013],[76.32161,10.67276],[76.31859,10.6741],[76.31614,10.67365],[76.31592,10.67115],[76.31234,10.6705],[76.31113,10.67247],[76.31106,10.67675],[76.31345,10.67902],[76.30952,10.68278],[76.30602,10.68072],[76.30231,10.68455],[76.30318,10.68727],[76.30098,10.69199],[76.30135,10.69529],[76.30761,10.69585],[76.31145,10.69804],[76.31076,10.70261],[76.30703,10.70479],[76.30657,10.70885],[76.29921,10.70826],[76.29792,10.70899],[76.29006,10.70892],[76.28667,10.7149],[76.28699,10.71906],[76.28388,10.72272],[76.28672,10.72643],[76.28641,10.7297],[76.28802,10.73143],[76.28274,10.7378],[76.28016,10.73809],[76.27826,10.73556],[76.27576,10.73562],[76.27402,10.73796],[76.26501,10.73804],[76.26086,10.74125],[76.25787,10.74184],[76.25346,10.74689],[76.24914,10.74734],[76.24578,10.74908],[76.24484,10.7514],[76.24538,10.75656],[76.24727,10.76142],[76.24663,10.76598],[76.24434,10.77132],[76.24172,10.77362],[76.23601,10.7736],[76.23176,10.77246],[76.2295,10.77287],[76.22382,10.77978],[76.21925,10.78218],[76.21545,10.77988],[76.21001,10.77771],[76.20473,10.77826],[76.19659,10.78241],[76.18788,10.78268],[76.18817,10.77988],[76.19136,10.77689],[76.19756,10.77476],[76.20546,10.76835],[76.20344,10.76239],[76.20264,10.75202],[76.2,10.75299],[76.19181,10.75008],[76.1909,10.74481],[76.18751,10.7413],[76.18608,10.73815],[76.18255,10.73576],[76.18073,10.73294],[76.18131,10.72962],[76.17866,10.72839],[76.17694,10.72402],[76.17484,10.72311],[76.17399,10.71926],[76.17235,10.71783],[76.17176,10.71349],[76.16531,10.71136],[76.16392,10.70789],[76.16125,10.7069],[76.15902,10.71147],[76.15693,10.71803],[76.152,10.71398],[76.14479,10.71984],[76.13608,10.71955],[76.13291,10.72236],[76.13012,10.71632],[76.12694,10.71339],[76.12907,10.71035],[76.12625,10.70654],[76.12456,10.69949],[76.1215,10.6985],[76.12133,10.69634],[76.1185,10.69572],[76.11537,10.69225],[76.10519,10.6933],[76.10291,10.69479],[76.09582,10.69518],[76.09331,10.69299],[76.09391,10.6908],[76.09754,10.68911],[76.10059,10.68647],[76.10078,10.68141],[76.10426,10.67622],[76.10059,10.67325],[76.09844,10.67411],[76.09544,10.66688],[76.10087,10.66308],[76.10393,10.66221],[76.10763,10.65851],[76.10788,10.65589],[76.11232,10.65571],[76.11745,10.65176],[76.11507,10.64832],[76.10977,10.64757],[76.11025,10.63871],[76.11376,10.63733],[76.11872,10.64133],[76.1197,10.64622],[76.12323,10.64823],[76.1263,10.64758],[76.13088,10.65045],[76.13199,10.64696],[76.13873,10.64443],[76.14212,10.64453],[76.14273,10.6412],[76.1404,10.63998],[76.14198,10.63598],[76.14565,10.63236],[76.14526,10.62466],[76.14454,10.62152],[76.15079,10.62079],[76.15473,10.62196],[76.15568,10.61961],[76.15971,10.61842],[76.16,10.61583],[76.15711,10.61375],[76.15892,10.61179],[76.16397,10.61143],[76.16618,10.61246],[76.16671,10.61698],[76.17318,10.61795],[76.1736,10.62019],[76.17257,10.62907],[76.17636,10.62907],[76.1768,10.62727],[76.18038,10.62777],[76.18625,10.62699],[76.18814,10.62758],[76.19115,10.62509],[76.18916,10.62249],[76.18901,10.61874],[76.19253,10.61751],[76.20402,10.6171],[76.20529,10.61639],[76.21168,10.61695],[76.21361,10.61439],[76.21937,10.61409],[76.21921,10.61061],[76.22255,10.6093],[76.22359,10.607],[76.23019,10.60355],[76.23378,10.60637],[76.23483,10.60908],[76.23719,10.6094],[76.2429,10.60788],[76.24733,10.61116],[76.24911,10.61458],[76.25252,10.61529],[76.25686,10.60904],[76.25876,10.60401],[76.2615,10.60221],[76.26551,10.60139],[76.26728,10.59755],[76.27012,10.59515],[76.2733,10.59556],[76.27182,10.59929],[76.27536,10.60106],[76.28076,10.60003],[76.28595,10.6029],[76.29075,10.59872],[76.29551,10.59855],[76.30566,10.59579],[76.30975,10.59661],[76.31432,10.60031],[76.3278,10.60199],[76.33005,10.606],[76.33247,10.60718],[76.33313,10.60966],[76.33595,10.60863],[76.34064,10.61717],[76.34159,10.62007],[76.34937,10.61803],[76.35312,10.62011],[76.35743,10.62064],[76.36526,10.61675],[76.36768,10.6169],[76.37586,10.60744],[76.37595,10.60404],[76.37897,10.60042],[76.38349,10.59823],[76.38591,10.60266],[76.39382,10.59902],[76.39486,10.59597],[76.39811,10.59205],[76.40297,10.59071],[76.40117,10.596],[76.40424,10.60037]]]},"properties":{"level":"block","code":"wadakkanchery","district":"TSR","lgd_code":6097}},{"type":"Feature","geometry":{"type":"Polygon","coordinates":[[[77.0981,8.38996],[77.09908,8.39157],[77.10305,8.39243],[77.1069,8.40272],[77.10884,8.40231],[77.11753,8.4035],[77.12312,8.40728],[77.12382,8.40973],[77.11853,8.41264],[77.11441,8.41266],[77.10773,8.41544],[77.10086,8.41596],[77.09824,8.41894],[77.09291,8.42189],[77.09235,8.42595],[77.09515,8.43009],[77.09938,8.43284],[77.0986,8.43926],[77.10103,8.44504],[77.10159,8.44877],[77.10411,8.45235],[77.10228,8.45482],[77.09743,8.45627],[77.095,8.45918],[77.09141,8.45081],[77.08895,8.44913],[77.08787,8.44496],[77.08283,8.44517],[77.0816,8.44418],[77.07644,8.43438],[77.07617,8.43175],[77.0719,8.43309],[77.06767,8.43546],[77.0645,8.43251],[77.06208,8.43401],[77.06278,8.43796],[77.06107,8.44241],[77.05649,8.44254],[77.05382,8.44603],[77.0515,8.44332],[77.04714,8.44036],[77.04948,8.43559],[77.04065,8.41417],[77.03606,8.41538],[77.03602,8.41673],[77.02898,8.41836],[77.02364,8.41303],[77.02177,8.41573],[77.01751,8.41533],[77.01463,8.41378],[77.00563,8.41958],[77.00195,8.42076],[76.99913,8.41942],[76.99194,8.418],[76.98662,8.41659],[76.97904,8.41605],[76.97632,8.41432],[76.97549,8.4089],[76.98237,8.39869],[76.97816,8.39498],[76.97329,8.3991],[76.97488,8.40377],[76.97034,8.40291],[76.97235,8.39695],[76.97122,8.39197],[76.9755,8.38751],[76.97859,8.38297],[76.98393,8.37986],[76.98638,8.37549],[76.992,8.37752],[77,8.37189],[77.00898,8.3599],[77.00936,8.35679],[77.01106,8.35484],[77.01653,8.35466],[77.01931,8.35338],[77.02761,8.34766],[77.04244,8.33593],[77.05996,8.3205],[77.06222,8.31885],[77.06326,8.32023],[77.06441,8.32785],[77.06168,8.33569],[77.05856,8.34302],[77.06062,8.34887],[77.06131,8.35529],[77.05998,8.35916],[77.06106,8.36122],[77.06121,8.36638],[77.05802,8.36719],[77.05582,8.36973],[77.06125,8.36978],[77.06399,8.37218],[77.07028,8.37205],[77.07765,8.37262],[77.0809,8.36822],[77.08465,8.36523],[77.08754,8.36511],[77.08845,8.36923],[77.08627,8.37467],[77.08727,8.3798],[77.08962,8.38332],[77.09533,8.38484],[77.09245,8.3868],[77.09399,8.38855],[77.0981,8.38996]]]},"properties":{"level":"block","code":"athiyannur","district":"TVM","lgd_code":6069}},{"type":"Feature","geometry":{"type":"Polygon","coordinates":[[[76.87004,8.71834],[76.87002,8.72252],[76.86795,8.72369],[76.86322,8.7221],[76.8638,8.71921],[76.86033,8.71903],[76.8586,8.72475],[76.85643,8.72379],[76.85574,8.72083],[76.85309,8.71885],[76.84326,8.70687],[76.84266,8.70434],[76.83881,8.70241],[76.83392,8.70557],[76.82839,8.70436],[76.82306,8.70578],[76.81808,8.70825],[76.8187,8.71456],[76.81746,8.71726],[76.8172,8.72294],[76.81374,8.72893],[76.81185,8.72899],[76.81023,8.72835],[76.81006,8.72104],[76.8066,8.72024],[76.80332,8.72096],[76.80207,8.71911],[76.79807,8.71989],[76.79613,8.71822],[76.79489,8.71457],[76.7889,8.70716],[76.78636,8.70597],[76.78231,8.70093],[76.77853,8.70038],[76.77269,8.6968],[76.76977,8.69724],[76.76491,8.69516],[76.75615,8.69746],[76.75218,8.70263],[76.74891,8.70417],[76.74682,8.70671],[76.74436,8.70617],[76.74398,8.70211],[76.74047,8.70012],[76.73687,8.6995],[76.73493,8.69588],[76.73978,8.6894],[76.74567,8.68314],[76.74677,8.68119],[76.75561,8.67145],[76.77965,8.64135],[76.79267,8.62454],[76.79783,8.61823],[76.80486,8.62047],[76.8089,8.62325],[76.81308,8.62021],[76.81762,8.62232],[76.82131,8.6203],[76.82506,8.62886],[76.82618,8.63029],[76.83039,8.62911],[76.83336,8.63092],[76.83559,8.63747],[76.83379,8.63874],[76.82549,8.64064],[76.82223,8.64507],[76.82418,8.64622],[76.82701,8.65561],[76.83059,8.65532],[76.83577,8.65629],[76.83907,8.66018],[76.84163,8.66042],[76.84318,8.65595],[76.84667,8.657],[76.84465,8.66098],[76.84395,8.66525],[76.84779,8.66598],[76.85065,8.66333],[76.85269,8.66334],[76.8539,8.66751],[76.85105,8.66855],[76.85258,8.67214],[76.86215,8.67179],[76.86834,8.67387],[76.86843,8.66825],[76.87054,8.66851],[76.87513,8.65865],[76.87954,8.65998],[76.879,8.66842],[76.88103,8.6766],[76.88405,8.67839],[76.88277,8.68361],[76.88452,8.6903],[76.88377,8.69595],[76.88569,8.70209],[76.88272,8.70599],[76.87758,8.70981],[76.87132,8.71268],[76.87004,8.71834]]]},"properties":{"level":"block","code":"chirayinkeezhu","district":"TVM","lgd_code":6070}},{"type":"Feature","geometry":{"type":"Polygon","coordinates":[[[76.78087,8.8605],[76.78231,8.85557],[76.78216,8.85249],[76.77826,8.84871],[76.77541,8.84391],[76.78177,8.84265],[76.78138,8.83995],[76.78381,8.83884],[76.78514,8.8358],[76.78864,8.83502],[76.79069,8.83122],[76.79442,8.82805],[76.79133,8.82203],[76.78728,8.82266],[76.78303,8.81943],[76.78952,8.81834],[76.79043,8.81361],[76.78846,8.81188],[76.78395,8.81145],[76.77713,8.8097],[76.77116,8.8112],[76.77188,8.80606],[76.7683,8.80396],[76.77096,8.79988],[76.76882,8.79872],[76.76134,8.8003],[76.76175,8.79362],[76.7605,8.79137],[76.76105,8.78938],[76.76053,8.7832],[76.76141,8.77992],[76.76435,8.7752],[76.76843,8.77259],[76.76675,8.76818],[76.77048,8.76841],[76.77306,8.76588],[76.77411,8.76272],[76.77726,8.7624],[76.78084,8.75987],[76.78485,8.75975],[76.79061,8.76224],[76.79341,8.75521],[76.79627,8.7512],[76.80181,8.74501],[76.81043,8.73295],[76.81185,8.72899],[76.81374,8.72893],[76.8172,8.72294],[76.81746,8.71726],[76.8187,8.71456],[76.81808,8.70825],[76.82306,8.70578],[76.82839,8.70436],[76.83392,8.70557],[76.83881,8.70241],[76.84266,8.70434],[76.84326,8.70687],[76.85309,8.71885],[76.85574,8.72083],[76.85643,8.72379],[76.8586,8.72475],[76.86033,8.71903],[76.8638,8.71921],[76.86322,8.7221],[76.86795,8.72369],[76.87002,8.72252],[76.87004,8.71834],[76.87123,8.7216],[76.87386,8.72455],[76.87958,8.72718],[76.88467,8.72156],[76.88976,8.72112],[76.89178,8.72189],[76.89472,8.72064],[76.89639,8.72296],[76.8959,8.72626],[76.89947,8.72635],[76.90143,8.72981],[76.90548,8.73288],[76.90796,8.73307],[76.91183,8.73968],[76.91466,8.74241],[76.91527,8.74467],[76.91847,8.74722],[76.92009,8.74688],[76.92471,8.74913],[76.92643,8.75278],[76.93212,8.75581],[76.93139,8.75896],[76.93357,8.76137],[76.92978,8.76621],[76.92219,8.77212],[76.91814,8.77384],[76.91517,8.77676],[76.91528,8.78197],[76.91773,8.78483],[76.92108,8.78668],[76.9175,8.79204],[76.91494,8.79408],[76.91296,8.79851],[76.90737,8.80131],[76.90694,8.80487],[76.90313,8.8066],[76.90276,8.80818],[76.89817,8.8118],[76.89327,8.81007],[76.89036,8.81146],[76.88517,8.80652],[76.88278,8.80551],[76.87631,8.81016],[76.87027,8.81111],[76.86251,8.81448],[76.85712,8.81861],[76.85542,8.81599],[76.85104,8.81903],[76.85185,8.82217],[76.84928,8.82424],[76.84922,8.82643],[76.84585,8.82775],[76.84821,8.83428],[76.84049,8.8384],[76.83936,8.84072],[76.8293,8.84473],[76.82721,8.84251],[76.82382,8.84508],[76.82465,8.84675],[76.82389,8.85118],[76.82185,8.85473],[76.82034,8.85401],[76.81665,8.85948],[76.81481,8.85648],[76.81016,8.85493],[76.8084,8.85687],[76.80204,8.84886],[76.79929,8.85048],[76.79602,8.85548],[76.78955,8.85349],[76.7842,8.85932],[76.78087,8.8605]]]},"properties":{"level":"block","code":"kilimanoor","district":"TVM","lgd_code":6072}},{"type":"Feature","geometry":{"type":"Polygon","coordinates":[[[77.04797,8.65443],[77.04517,8.65473],[77.04331,8.65859],[77.04034,8.65901],[77.0381,8.66193],[77.0324,8.65786],[77.02662,8.65556],[77.0254,8.65718],[77.01454,8.6646],[77.01263,8.67253],[77.00585,8.67985],[77.0049,8.68376],[76.99997,8.69452],[76.99802,8.69499],[76.99577,8.70111],[76.99936,8.70387],[77.00019,8.70709],[76.99979,8.71174],[77.00517,8.71122],[77.00708,8.7096],[77.00903,8.71154],[77.00741,8.71393],[77.00332,8.71618],[77,8.71612],[76.99488,8.71357],[76.98897,8.70913],[76.98651,8.69992],[76.98312,8.69636],[76.98317,8.69059],[76.97621,8.68189],[76.97453,8.67571],[76.97799,8.67083],[76.97666,8.6676],[76.97432,8.66612],[76.97265,8.65983],[76.96597,8.66115],[76.95998,8.66791],[76.95785,8.66092],[76.95548,8.65659],[76.95584,8.65261],[76.95468,8.64834],[76.95198,8.64593],[76.95058,8.64146],[76.9462,8.64105],[76.93971,8.64284],[76.93694,8.64173],[76.93789,8.63236],[76.93164,8.63169],[76.92361,8.63721],[76.91658,8.63496],[76.9103,8.63567],[76.91089,8.63223],[76.91378,8.63022],[76.91549,8.6272],[76.91257,8.62385],[76.90719,8.62599],[76.90121,8.62259],[76.90096,8.61912],[76.90438,8.61191],[76.90936,8.60989],[76.91376,8.60553],[76.91711,8.60782],[76.92442,8.6078],[76.92781,8.60273],[76.92812,8.59373],[76.92877,8.59043],[76.93177,8.58908],[76.93484,8.5893],[76.93368,8.58531],[76.94142,8.58121],[76.94165,8.57896],[76.9387,8.57765],[76.93605,8.57341],[76.9422,8.5698],[76.94689,8.5701],[76.95236,8.56388],[76.95781,8.56225],[76.96234,8.56407],[76.96362,8.56185],[76.96796,8.55761],[76.96928,8.55451],[76.96971,8.54869],[76.9777,8.5459],[76.97937,8.54739],[76.98195,8.54628],[76.98701,8.5475],[76.98888,8.55142],[76.99107,8.55274],[77.00154,8.54932],[77.01214,8.54982],[77.01226,8.55155],[77.00663,8.55329],[77.00501,8.55653],[77.00769,8.56008],[77.00439,8.56416],[77.00792,8.56829],[77.01682,8.56646],[77.02051,8.57142],[77.02583,8.57559],[77.02543,8.58154],[77.02907,8.58154],[77.02834,8.58567],[77.02974,8.58744],[77.0289,8.59199],[77.02179,8.59386],[77.0191,8.5993],[77.02112,8.6002],[77.02375,8.60458],[77.03041,8.60419],[77.03287,8.60785],[77.03281,8.61083],[77.03599,8.61323],[77.0381,8.61996],[77.0434,8.62415],[77.04359,8.62677],[77.05031,8.63327],[77.04914,8.63561],[77.04999,8.64417],[77.05139,8.65023],[77.05094,8.65306],[77.04797,8.65443]]]},"properties":{"level":"block","code":"nedumangad","district":"TVM","lgd_code":6073}},{"type":"Feature","geometry":{"type":"Polygon","coordinates":[[[77.095,8.45918],[77.09012,8.46608],[77.09141,8.46849],[77.09497,8.46794],[77.09963,8.47054],[77.10137,8.47323],[77.09927,8.48157],[77.09612,8.48383],[77.09377,8.4877],[77.08774,8.49182],[77.08547,8.49451],[77.07951,8.49377],[77.07215,8.4945],[77.06503,8.4909],[77.05749,8.49309],[77.05715,8.49532],[77.05473,8.49736],[77.05043,8.49827],[77.04723,8.50001],[77.04775,8.50605],[77.05166,8.50992],[77.05413,8.50783],[77.05966,8.51352],[77.06011,8.51755],[77.06151,8.52063],[77.06106,8.5246],[77.06341,8.52697],[77.05807,8.53564],[77.05411,8.53618],[77.05113,8.53977],[77.04773,8.54086],[77.04442,8.54055],[77.04161,8.5419],[77.03756,8.5465],[77.03191,8.54471],[77.0266,8.54532],[77.02081,8.54763],[77.01531,8.54876],[77.01263,8.5481],[77.01007,8.54337],[77.00627,8.53851],[77.01104,8.53326],[77.01384,8.52848],[77.01154,8.52535],[77.01333,8.52318],[77.00848,8.52059],[77.00648,8.51837],[77.00625,8.51537],[77.00269,8.50911],[77.00556,8.50563],[77.00329,8.50303],[77.00375,8.49354],[77.00258,8.48785],[77.00441,8.48574],[77.00483,8.47628],[77.00282,8.47386],[77.00334,8.47023],[77.005,8.46847],[77.00723,8.45886],[77.0068,8.45279],[77.01144,8.44976],[77.00749,8.44775],[77.00306,8.44771],[76.99655,8.44451],[76.99048,8.44284],[76.98588,8.4441],[76.98247,8.44696],[76.97779,8.44569],[76.97778,8.44431],[76.9716,8.43769],[76.96986,8.43403],[76.9707,8.43127],[76.97329,8.4284],[76.97405,8.42469],[76.9776,8.42278],[76.98247,8.42204],[76.98868,8.42416],[76.99157,8.42299],[76.99194,8.418],[76.99913,8.41942],[77.00195,8.42076],[77.00563,8.41958],[77.01463,8.41378],[77.01751,8.41533],[77.02177,8.41573],[77.02364,8.41303],[77.02898,8.41836],[77.03602,8.41673],[77.03606,8.41538],[77.04065,8.41417],[77.04948,8.43559],[77.04714,8.44036],[77.0515,8.44332],[77.05382,8.44603],[77.05649,8.44254],[77.06107,8.44241],[77.06278,8.43796],[77.06208,8.43401],[77.0645,8.43251],[77.06767,8.43546],[77.0719,8.43309],[77.07617,8.43175],[77.07644,8.43438],[77.0816,8.44418],[77.08283,8.44517],[77.08787,8.44496],[77.08895,8.44913],[77.09141,8.45081],[77.095,8.45918]]]},"properties":{"level":"block","code":"nemom","district":"TVM","lgd_code":6074}},{"type":"Feature","geometry":{"type":"Polygon","coordinates":[[[77.06222,8.31885],[77.07393,8.30983],[77.07716,8.30686],[77.09598,8.29302],[77.09886,8.29896],[77.10055,8.29944],[77.10176,8.30647],[77.10553,8.30692],[77.11341,8.3044],[77.11452,8.30842],[77.11644,8.31014],[77.12278,8.30901],[77.12448,8.31207],[77.11967,8.31571],[77.11921,8.32106],[77.125,8.32126],[77.1296,8.32289],[77.12901,8.32527],[77.13212,8.32661],[77.13511,8.32644],[77.13907,8.3279],[77.1394,8.32965],[77.14526,8.32956],[77.14721,8.33197],[77.14972,8.33174],[77.15057,8.32921],[77.1536,8.328],[77.1673,8.3317],[77.17029,8.33],[77.16993,8.32549],[77.17216,8.32469],[77.17224,8.32101],[77.17578,8.32029],[77.17816,8.32326],[77.1774,8.3264],[77.1719,8.33357],[77.16975,8.33474],[77.16997,8.33807],[77.16694,8.34275],[77.171,8.34773],[77.17547,8.34986],[77.17437,8.35369],[77.17429,8.35863],[77.17072,8.3603],[77.16965,8.36347],[77.16754,8.36343],[77.1666,8.36025],[77.1642,8.361],[77.15949,8.35916],[77.15741,8.35994],[77.1564,8.35673],[77.15302,8.35514],[77.15354,8.36131],[77.15589,8.36339],[77.15603,8.36593],[77.16034,8.3687],[77.16129,8.37358],[77.15965,8.37887],[77.15996,8.38124],[77.15592,8.38265],[77.15214,8.38124],[77.15126,8.38494],[77.15273,8.38674],[77.14751,8.38819],[77.14438,8.38767],[77.14057,8.38407],[77.13617,8.38213],[77.13271,8.37666],[77.12965,8.37349],[77.13023,8.36913],[77.12325,8.37619],[77.12242,8.37839],[77.11874,8.38145],[77.11571,8.38513],[77.10755,8.38937],[77.09935,8.38902],[77.0981,8.38996],[77.09399,8.38855],[77.09245,8.3868],[77.09533,8.38484],[77.08962,8.38332],[77.08727,8.3798],[77.08627,8.37467],[77.08845,8.36923],[77.08754,8.36511],[77.08465,8.36523],[77.0809,8.36822],[77.07765,8.37262],[77.07028,8.37205],[77.06399,8.37218],[77.06125,8.36978],[77.05582,8.36973],[77.05802,8.36719],[77.06121,8.36638],[77.06106,8.36122],[77.05998,8.35916],[77.06131,8.35529],[77.06062,8.34887],[77.05856,8.34302],[77.06168,8.33569],[77.06441,8.32785],[77.06326,8.32023],[77.06222,8.31885]]]},"properties":{"level":"block","code":"parassala","district":"TVM","lgd_code":6075}},{"type":"Feature","geometry":{"type":"Polygon","coordinates":[[[77.0981,8.38996],[77.09935,8.38902],[77.10755,8.38937],[77.11571,8.38513],[77.11874,8.38145],[77.12242,8.37839],[77.12325,8.37619],[77.13023,8.36913],[77.12965,8.37349],[77.13271,8.37666],[77.13617,8.38213],[77.14057,8.38407],[77.14438,8.38767],[77.14751,8.38819],[77.15273,8.38674],[77.15373,8.38774],[77.16095,8.39017],[77.16545,8.38824],[77.16819,8.38387],[77.16955,8.38638],[77.17336,8.38923],[77.17831,8.39406],[77.18167,8.39579],[77.18292,8.39919],[77.18261,8.40475],[77.186,8.40682],[77.19461,8.41718],[77.19752,8.41994],[77.19656,8.42916],[77.20064,8.43204],[77.20579,8.44199],[77.2066,8.4447],[77.21134,8.44554],[77.21517,8.44472],[77.21662,8.44597],[77.22492,8.44623],[77.2281,8.44725],[77.22901,8.45061],[77.2273,8.45293],[77.22742,8.45848],[77.22093,8.4658],[77.21407,8.46972],[77.21335,8.47529],[77.21164,8.47713],[77.21174,8.48397],[77.21381,8.48554],[77.21188,8.49207],[77.20769,8.49416],[77.20448,8.49704],[77.20238,8.50119],[77.21099,8.50758],[77.21431,8.51281],[77.22226,8.51244],[77.22504,8.51049],[77.22966,8.50898],[77.23176,8.50735],[77.24012,8.49705],[77.24424,8.49756],[77.2463,8.50235],[77.2513,8.50542],[77.25656,8.50534],[77.25738,8.50705],[77.26219,8.50654],[77.26534,8.51196],[77.26692,8.51987],[77.27182,8.53086],[77.27426,8.53372],[77.27519,8.53845],[77.28089,8.54319],[77.28385,8.54673],[77.28236,8.55049],[77.27776,8.55456],[77.2743,8.55964],[77.27504,8.56564],[77.27036,8.57246],[77.26905,8.57889],[77.26649,8.58077],[77.26699,8.58392],[77.2636,8.58862],[77.2617,8.58797],[77.25699,8.59086],[77.2569,8.59472],[77.25446,8.59777],[77.25028,8.59912],[77.24644,8.60347],[77.24533,8.60887],[77.24573,8.61629],[77.23164,8.61745],[77.22518,8.62041],[77.22388,8.61873],[77.21573,8.6168],[77.21334,8.60505],[77.21014,8.59646],[77.20404,8.59585],[77.20299,8.59138],[77.20375,8.5845],[77.19817,8.57717],[77.19089,8.5771],[77.1789,8.57136],[77.17026,8.57479],[77.16652,8.57501],[77.16222,8.573],[77.16044,8.56686],[77.16049,8.56279],[77.16194,8.55868],[77.15906,8.55764],[77.15463,8.55869],[77.15617,8.55319],[77.15274,8.55036],[77.15055,8.55085],[77.14575,8.55483],[77.13979,8.55492],[77.13808,8.5561],[77.13422,8.55477],[77.12811,8.55507],[77.12564,8.55212],[77.12089,8.54997],[77.11665,8.55205],[77.11673,8.54397],[77.11903,8.53689],[77.1239,8.52772],[77.1254,8.52695],[77.1238,8.52297],[77.12442,8.52142],[77.12205,8.51757],[77.12425,8.51645],[77.12363,8.51184],[77.12048,8.51115],[77.11695,8.50636],[77.11837,8.50031],[77.12175,8.49319],[77.12048,8.49164],[77.12132,8.48692],[77.12448,8.48256],[77.12481,8.47342],[77.12015,8.47329],[77.11581,8.47444],[77.11349,8.47389],[77.11217,8.47112],[77.1095,8.4691],[77.10378,8.46952],[77.1005,8.46849],[77.09963,8.47054],[77.09497,8.46794],[77.09141,8.46849],[77.09012,8.46608],[77.095,8.45918],[77.09743,8.45627],[77.10228,8.45482],[77.10411,8.45235],[77.10159,8.44877],[77.10103,8.44504],[77.0986,8.43926],[77.09938,8.43284],[77.09515,8.43009],[77.09235,8.42595],[77.09291,8.42189],[77.09824,8.41894],[77.10086,8.41596],[77.10773,8.41544],[77.11441,8.41266],[77.11853,8.41264],[77.12382,8.40973],[77.12312,8.40728],[77.11753,8.4035],[77.10884,8.40231],[77.1069,8.40272],[77.10305,8.39243],[77.09908,8.39157],[77.0981,8.38996]]]},"properties":{"level":"block","code":"perumkadavila","district":"TVM","lgd_code":6076}},{"type":"Feature","geometry":{"type":"Polygon","coordinates":[[[76.99194,8.418],[76.99157,8.42299],[76.98868,8.42416],[76.98247,8.42204],[76.9776,8.42278],[76.97405,8.42469],[76.97329,8.4284],[76.9707,8.43127],[76.96986,8.43403],[76.9716,8.43769],[76.97778,8.44431],[76.97779,8.44569],[76.98247,8.44696],[76.98588,8.4441],[76.99048,8.44284],[76.99655,8.44451],[77.00306,8.44771],[77.00749,8.44775],[77.01144,8.44976],[77.0068,8.45279],[77.00723,8.45886],[77.005,8.46847],[77.00334,8.47023],[77.00282,8.47386],[77.00483,8.47628],[77.00441,8.48574],[77.00258,8.48785],[77.00375,8.49354],[77.00329,8.50303],[77.00556,8.50563],[77.00269,8.50911],[77.00625,8.51537],[77.00648,8.51837],[77.00848,8.52059],[77.01333,8.52318],[77.01154,8.52535],[77.01384,8.52848],[77.01104,8.53326],[77.00627,8.53851],[77.01007,8.54337],[77.01263,8.5481],[77.01214,8.54982],[77.00154,8.54932],[76.99107,8.55274],[76.98888,8.55142],[76.98701,8.5475],[76.98195,8.54628],[76.97937,8.54739],[76.9777,8.5459],[76.96971,8.54869],[76.96928,8.55451],[76.96796,8.55761],[76.96362,8.56185],[76.96234,8.56407],[76.95781,8.56225],[76.95236,8.56388],[76.94689,8.5701],[76.9422,8.5698],[76.93605,8.57341],[76.9387,8.57765],[76.94165,8.57896],[76.94142,8.58121],[76.93368,8.58531],[76.93484,8.5893],[76.93177,8.58908],[76.92877,8.59043],[76.92812,8.59373],[76.92781,8.60273],[76.92442,8.6078],[76.91711,8.60782],[76.91376,8.60553],[76.90936,8.60989],[76.90438,8.61191],[76.90096,8.61912],[76.90121,8.62259],[76.9005,8.62494],[76.89357,8.6262],[76.88761,8.63614],[76.88743,8.63967],[76.8824,8.64178],[76.88645,8.64974],[76.88646,8.65108],[76.88206,8.65522],[76.87954,8.65998],[76.87513,8.65865],[76.87054,8.66851],[76.86843,8.66825],[76.86834,8.67387],[76.86215,8.67179],[76.85258,8.67214],[76.85105,8.66855],[76.8539,8.66751],[76.85269,8.66334],[76.85065,8.66333],[76.84779,8.66598],[76.84395,8.66525],[76.84465,8.66098],[76.84667,8.657],[76.84318,8.65595],[76.84163,8.66042],[76.83907,8.66018],[76.83577,8.65629],[76.83059,8.65532],[76.82701,8.65561],[76.82418,8.64622],[76.82223,8.64507],[76.82549,8.64064],[76.83379,8.63874],[76.83559,8.63747],[76.83336,8.63092],[76.83039,8.62911],[76.82618,8.63029],[76.82506,8.62886],[76.82131,8.6203],[76.81762,8.62232],[76.81308,8.62021],[76.8089,8.62325],[76.80486,8.62047],[76.79783,8.61823],[76.80947,8.60395],[76.8209,8.58913],[76.87378,8.52392],[76.88484,8.50997],[76.88774,8.50571],[76.89559,8.49588],[76.90615,8.4836],[76.93821,8.44704],[76.94919,8.43326],[76.95531,8.42502],[76.96126,8.41808],[76.96491,8.41268],[76.96966,8.4028],[76.97034,8.40291],[76.97488,8.40377],[76.97329,8.3991],[76.97816,8.39498],[76.98237,8.39869],[76.97549,8.4089],[76.97632,8.41432],[76.97904,8.41605],[76.98662,8.41659],[76.99194,8.418]]]},"properties":{"level":"block","code":"pothencode","district":"TVM","lgd_code":6071}},{"type":"Feature","geometry":{"type":"Polygon","coordinates":[[[77.0326,8.84281],[77.03004,8.83847],[77.02906,8.83445],[77.02498,8.83382],[77.02202,8.82964],[77.02011,8.8284],[77.02061,8.82529],[77.01959,8.82193],[77.02129,8.8179],[77.01911,8.81615],[77.01547,8.81774],[77.01132,8.81597],[77.00882,8.81278],[77.01125,8.80556],[77.00997,8.80226],[77.01145,8.79984],[77.01115,8.79664],[77.01581,8.79158],[77.01604,8.78869],[77.01993,8.78443],[77.02147,8.7799],[77.02494,8.77541],[77.01511,8.77198],[77.01304,8.77233],[77.00276,8.77133],[77.00101,8.7725],[76.99773,8.7832],[76.9914,8.78789],[76.98325,8.79009],[76.97929,8.78918],[76.97657,8.7868],[76.97406,8.78277],[76.97279,8.77537],[76.97093,8.77507],[76.96358,8.7711],[76.95726,8.77114],[76.95039,8.77244],[76.94648,8.77119],[76.94269,8.76779],[76.94192,8.76581],[76.93893,8.765],[76.93357,8.76137],[76.93139,8.75896],[76.93212,8.75581],[76.92643,8.75278],[76.92471,8.74913],[76.92009,8.74688],[76.91847,8.74722],[76.91527,8.74467],[76.91466,8.74241],[76.91183,8.73968],[76.90796,8.73307],[76.90548,8.73288],[76.90143,8.72981],[76.89947,8.72635],[76.8959,8.72626],[76.89639,8.72296],[76.89472,8.72064],[76.89178,8.72189],[76.88976,8.72112],[76.88467,8.72156],[76.87958,8.72718],[76.87386,8.72455],[76.87123,8.7216],[76.87004,8.71834],[76.87132,8.71268],[76.87758,8.70981],[76.88272,8.70599],[76.88569,8.70209],[76.88377,8.69595],[76.88452,8.6903],[76.88277,8.68361],[76.88405,8.67839],[76.88103,8.6766],[76.879,8.66842],[76.87954,8.65998],[76.88206,8.65522],[76.88646,8.65108],[76.88645,8.64974],[76.8824,8.64178],[76.88743,8.63967],[76.88761,8.63614],[76.89357,8.6262],[76.9005,8.62494],[76.90121,8.62259],[76.90719,8.62599],[76.91257,8.62385],[76.91549,8.6272],[76.91378,8.63022],[76.91089,8.63223],[76.9103,8.63567],[76.91658,8.63496],[76.92361,8.63721],[76.93164,8.63169],[76.93789,8.63236],[76.93694,8.64173],[76.93971,8.64284],[76.9462,8.64105],[76.95058,8.64146],[76.95198,8.64593],[76.95468,8.64834],[76.95584,8.65261],[76.95548,8.65659],[76.95785,8.66092],[76.95998,8.66791],[76.96597,8.66115],[76.97265,8.65983],[76.97432,8.66612],[76.97666,8.6676],[76.97799,8.67083],[76.97453,8.67571],[76.97621,8.68189],[76.98317,8.69059],[76.98312,8.69636],[76.98651,8.69992],[76.98897,8.70913],[76.99488,8.71357],[77,8.71612],[77.00332,8.71618],[77.00741,8.71393],[77.00903,8.71154],[77.00708,8.7096],[77.00517,8.71122],[76.99979,8.71174],[77.00019,8.70709],[76.99936,8.70387],[76.99577,8.70111],[76.99802,8.69499],[76.99997,8.69452],[77.0049,8.68376],[77.00585,8.67985],[77.01263,8.67253],[77.01454,8.6646],[77.0254,8.65718],[77.02662,8.65556],[77.0324,8.65786],[77.0381,8.66193],[77.04034,8.65901],[77.04331,8.65859],[77.04517,8.65473],[77.04797,8.65443],[77.04538,8.65702],[77.04404,8.66157],[77.05501,8.6809],[77.05971,8.68793],[77.06536,8.68443],[77.07219,8.68428],[77.0762,8.68603],[77.07689,8.69107],[77.07532,8.6941],[77.07605,8.69984],[77.07756,8.70078],[77.09041,8.7021],[77.09588,8.69757],[77.09768,8.69722],[77.09834,8.70294],[77.1031,8.70488],[77.10947,8.70655],[77.114,8.70694],[77.1173,8.70954],[77.12074,8.70981],[77.12159,8.71152],[77.12565,8.71302],[77.13101,8.70866],[77.13784,8.71124],[77.14242,8.71114],[77.14675,8.71275],[77.1541,8.71265],[77.15577,8.71518],[77.15889,8.71707],[77.16494,8.71358],[77.16942,8.71265],[77.17896,8.71265],[77.1824,8.71718],[77.18062,8.72106],[77.17682,8.72627],[77.17911,8.73058],[77.17456,8.73735],[77.17001,8.74179],[77.16977,8.74743],[77.1716,8.74972],[77.17703,8.74544],[77.18267,8.74278],[77.18613,8.74412],[77.1902,8.74328],[77.19246,8.74444],[77.19693,8.74984],[77.20014,8.76267],[77.19695,8.76824],[77.19967,8.76976],[77.19972,8.77179],[77.19155,8.77265],[77.18388,8.77845],[77.17742,8.7813],[77.17309,8.78425],[77.16862,8.78845],[77.16314,8.79019],[77.15905,8.79271],[77.15647,8.7967],[77.15377,8.7956],[77.15112,8.79915],[77.14763,8.80031],[77.14568,8.80357],[77.14069,8.80654],[77.13693,8.80589],[77.13375,8.80828],[77.1275,8.81053],[77.12282,8.81823],[77.11884,8.82213],[77.11283,8.823],[77.11183,8.82529],[77.10785,8.82673],[77.10745,8.8302],[77.10298,8.82903],[77.09964,8.82967],[77.09281,8.83322],[77.08829,8.83433],[77.08307,8.83979],[77.07151,8.84129],[77.06858,8.84062],[77.06462,8.84207],[77.05626,8.84376],[77.05087,8.84645],[77.04292,8.84564],[77.0326,8.84281]]]},"properties":{"level":"block","code":"vamanapuram","district":"TVM","lgd_code":6078}},{"type":"Feature","geometry":{"type":"Polygon","coordinates":[[[76.67293,8.78166],[76.67539,8.77724],[76.68019,8.77071],[76.6824,8.76664],[76.69087,8.75418],[76.6926,8.74892],[76.69729,8.74217],[76.6987,8.73795],[76.70142,8.73613],[76.70815,8.72829],[76.71224,8.72255],[76.7165,8.71796],[76.72929,8.703],[76.73493,8.69588],[76.73687,8.6995],[76.74047,8.70012],[76.74398,8.70211],[76.74436,8.70617],[76.74682,8.70671],[76.74891,8.70417],[76.75218,8.70263],[76.75615,8.69746],[76.76491,8.69516],[76.76977,8.69724],[76.77269,8.6968],[76.77853,8.70038],[76.78231,8.70093],[76.78636,8.70597],[76.7889,8.70716],[76.79489,8.71457],[76.79613,8.71822],[76.79807,8.71989],[76.80207,8.71911],[76.80332,8.72096],[76.8066,8.72024],[76.81006,8.72104],[76.81023,8.72835],[76.81185,8.72899],[76.81043,8.73295],[76.80181,8.74501],[76.79627,8.7512],[76.79341,8.75521],[76.79061,8.76224],[76.78485,8.75975],[76.78084,8.75987],[76.77726,8.7624],[76.77411,8.76272],[76.77306,8.76588],[76.77048,8.76841],[76.76675,8.76818],[76.76843,8.77259],[76.76435,8.7752],[76.76141,8.77992],[76.76053,8.7832],[76.76105,8.78938],[76.7605,8.79137],[76.75842,8.79542],[76.74789,8.79644],[76.74454,8.79552],[76.74058,8.79601],[76.73854,8.79821],[76.73392,8.7996],[76.7276,8.80029],[76.72362,8.8034],[76.72091,8.80357],[76.71396,8.79635],[76.70936,8.79524],[76.70966,8.7911],[76.69816,8.79123],[76.69202,8.7907],[76.6922,8.78715],[76.69016,8.77933],[76.68447,8.77921],[76.68367,8.77632],[76.68,8.78114],[76.67833,8.78576],[76.67482,8.78215],[76.67293,8.78166]]]},"properties":{"level":"block","code":"varkala","district":"TVM","lgd_code":6079}},{"type":"Feature","geometry":{"type":"Polygon","coordinates":[[[77.01214,8.54982],[77.01263,8.5481],[77.01531,8.54876],[77.02081,8.54763],[77.0266,8.54532],[77.03191,8.54471],[77.03756,8.5465],[77.04161,8.5419],[77.04442,8.54055],[77.04773,8.54086],[77.05113,8.53977],[77.05411,8.53618],[77.05807,8.53564],[77.06341,8.52697],[77.06106,8.5246],[77.06151,8.52063],[77.06011,8.51755],[77.05966,8.51352],[77.05413,8.50783],[77.05166,8.50992],[77.04775,8.50605],[77.04723,8.50001],[77.05043,8.49827],[77.05473,8.49736],[77.05715,8.49532],[77.05749,8.49309],[77.06503,8.4909],[77.07215,8.4945],[77.07951,8.49377],[77.08547,8.49451],[77.08774,8.49182],[77.09377,8.4877],[77.09612,8.48383],[77.09927,8.48157],[77.10137,8.47323],[77.09963,8.47054],[77.1005,8.46849],[77.10378,8.46952],[77.1095,8.4691],[77.11217,8.47112],[77.11349,8.47389],[77.11581,8.47444],[77.12015,8.47329],[77.12481,8.47342],[77.12448,8.48256],[77.12132,8.48692],[77.12048,8.49164],[77.12175,8.49319],[77.11837,8.50031],[77.11695,8.50636],[77.12048,8.51115],[77.12363,8.51184],[77.12425,8.51645],[77.12205,8.51757],[77.12442,8.52142],[77.1238,8.52297],[77.1254,8.52695],[77.1239,8.52772],[77.11903,8.53689],[77.11673,8.54397],[77.11665,8.55205],[77.12089,8.54997],[77.12564,8.55212],[77.12811,8.55507],[77.13422,8.55477],[77.13808,8.5561],[77.13979,8.55492],[77.14575,8.55483],[77.15055,8.55085],[77.15274,8.55036],[77.15617,8.55319],[77.15463,8.55869],[77.15906,8.55764],[77.16194,8.55868],[77.16049,8.56279],[77.16044,8.56686],[77.16222,8.573],[77.16652,8.57501],[77.17026,8.57479],[77.1789,8.57136],[77.19089,8.5771],[77.19817,8.57717],[77.20375,8.5845],[77.20299,8.59138],[77.20404,8.59585],[77.21014,8.59646],[77.21334,8.60505],[77.21573,8.6168],[77.22388,8.61873],[77.22518,8.62041],[77.23164,8.61745],[77.24573,8.61629],[77.24408,8.62182],[77.23465,8.62685],[77.23412,8.63056],[77.23217,8.63563],[77.22931,8.63742],[77.22885,8.64027],[77.22483,8.63908],[77.22015,8.64493],[77.21427,8.64914],[77.2117,8.65479],[77.21211,8.65719],[77.20778,8.66083],[77.20833,8.66365],[77.20362,8.66638],[77.20071,8.66908],[77.20726,8.68068],[77.20607,8.68549],[77.20261,8.68928],[77.20155,8.69307],[77.19561,8.70213],[77.19503,8.70776],[77.18998,8.71236],[77.18622,8.71264],[77.1824,8.71718],[77.17896,8.71265],[77.16942,8.71265],[77.16494,8.71358],[77.15889,8.71707],[77.15577,8.71518],[77.1541,8.71265],[77.14675,8.71275],[77.14242,8.71114],[77.13784,8.71124],[77.13101,8.70866],[77.12565,8.71302],[77.12159,8.71152],[77.12074,8.70981],[77.1173,8.70954],[77.114,8.70694],[77.10947,8.70655],[77.1031,8.70488],[77.09834,8.70294],[77.09768,8.69722],[77.09588,8.69757],[77.09041,8.7021],[77.07756,8.70078],[77.07605,8.69984],[77.07532,8.6941],[77.07689,8.69107],[77.0762,8.68603],[77.07219,8.68428],[77.06536,8.68443],[77.05971,8.68793],[77.05501,8.6809],[77.04404,8.66157],[77.04538,8.65702],[77.04797,8.65443],[77.05094,8.65306],[77.05139,8.65023],[77.04999,8.64417],[77.04914,8.63561],[77.05031,8.63327],[77.04359,8.62677],[77.0434,8.62415],[77.0381,8.61996],[77.03599,8.61323],[77.03281,8.61083],[77.03287,8.60785],[77.03041,8.60419],[77.02375,8.60458],[77.02112,8.6002],[77.0191,8.5993],[77.02179,8.59386],[77.0289,8.59199],[77.02974,8.58744],[77.02834,8.58567],[77.02907,8.58154],[77.02543,8.58154],[77.02583,8.57559],[77.02051,8.57142],[77.01682,8.56646],[77.00792,8.56829],[77.00439,8.56416],[77.00769,8.56008],[77.00501,8.55653],[77.00663,8.55329],[77.01226,8.55155],[77.01214,8.54982]]]},"properties":{"level":"block","code":"vellanad","district":"TVM","lgd_code":6080}},{"type":"Feature","geometry":{"type":"Polygon","coordinates":[[[76.14177,11.69303],[76.13834,11.69281],[76.12983,11.69487],[76.12515,11.69795],[76.12106,11.69749],[76.11291,11.70251],[76.10971,11.70371],[76.10924,11.701],[76.10683,11.70017],[76.10398,11.70402],[76.10121,11.70398],[76.09901,11.70648],[76.09902,11.70883],[76.10177,11.71241],[76.10305,11.71594],[76.10109,11.71948],[76.10144,11.72436],[76.09917,11.72391],[76.09711,11.72811],[76.09181,11.73593],[76.085,11.73882],[76.08553,11.73308],[76.08351,11.73262],[76.0848,11.72396],[76.08221,11.71589],[76.07814,11.71225],[76.07401,11.71019],[76.07182,11.70505],[76.06817,11.70592],[76.06414,11.70304],[76.0646,11.69806],[76.06382,11.69553],[76.06087,11.69482],[76.0596,11.69143],[76.06025,11.68529],[76.05342,11.68132],[76.05009,11.68382],[76.04592,11.68387],[76.042,11.6908],[76.0369,11.69568],[76.03138,11.69606],[76.02604,11.70049],[76.02257,11.69448],[76.02047,11.69547],[76.02053,11.70252],[76.01574,11.70249],[76.01529,11.70689],[76.02149,11.71062],[76.02538,11.71601],[76.02641,11.71924],[76.03028,11.71808],[76.03222,11.72251],[76.03095,11.72514],[76.02706,11.72664],[76.02342,11.72366],[76.02,11.72366],[76.01474,11.72165],[76.01289,11.72324],[76.00828,11.71944],[76.00396,11.72007],[76.00497,11.71665],[76.00416,11.71302],[76.00246,11.71277],[76,11.70826],[75.99658,11.70882],[75.99336,11.71088],[75.98944,11.71079],[75.98874,11.70763],[75.98543,11.70519],[75.97813,11.7049],[75.97834,11.70147],[75.97134,11.70666],[75.96777,11.70466],[75.96647,11.69903],[75.96224,11.6916],[75.95887,11.68902],[75.95453,11.69171],[75.95122,11.69581],[75.94883,11.69676],[75.94405,11.69635],[75.93929,11.69327],[75.9343,11.69211],[75.93238,11.68926],[75.92812,11.68779],[75.92341,11.69101],[75.92072,11.69149],[75.91538,11.69047],[75.91521,11.68767],[75.91121,11.68411],[75.90733,11.68324],[75.90528,11.67949],[75.90163,11.67841],[75.90009,11.67605],[75.9029,11.67152],[75.90533,11.66154],[75.90272,11.65703],[75.90341,11.65165],[75.89924,11.64473],[75.897,11.64277],[75.89983,11.63698],[75.89968,11.62958],[75.89787,11.62621],[75.89797,11.62288],[75.90143,11.61904],[75.90179,11.61557],[75.90416,11.61466],[75.90562,11.61214],[75.9074,11.60424],[75.90916,11.60081],[75.9144,11.60046],[75.9177,11.59586],[75.92537,11.59397],[75.92818,11.59054],[75.93656,11.59092],[75.93941,11.58431],[75.94193,11.58399],[75.94647,11.58091],[75.95035,11.58191],[75.95214,11.58094],[75.95748,11.57495],[75.95639,11.57328],[75.95806,11.56843],[75.95858,11.56308],[75.95781,11.56069],[75.96402,11.55757],[75.96955,11.55105],[75.98041,11.54097],[75.98158,11.53965],[75.99007,11.53675],[75.99758,11.53181],[76,11.52683],[76.00498,11.5239],[76.00619,11.5222],[76.00938,11.52179],[76.01697,11.51707],[76.01798,11.51463],[76.02115,11.51398],[76.0274,11.51336],[76.03218,11.51127],[76.0357,11.50861],[76.03665,11.50351],[76.03785,11.50269],[76.04359,11.50457],[76.04523,11.50696],[76.04862,11.50374],[76.05181,11.50394],[76.05623,11.50592],[76.05701,11.50869],[76.06292,11.5103],[76.06764,11.51761],[76.07382,11.52288],[76.07566,11.52329],[76.07918,11.52107],[76.08304,11.51441],[76.08951,11.51253],[76.09053,11.51005],[76.08873,11.50609],[76.09302,11.49361],[76.08755,11.49043],[76.08824,11.48676],[76.09174,11.48266],[76.09392,11.48229],[76.10204,11.48316],[76.1058,11.48246],[76.1078,11.47928],[76.11166,11.47613],[76.11536,11.47631],[76.12293,11.47382],[76.12405,11.46847],[76.12788,11.46494],[76.13066,11.46453],[76.1321,11.46113],[76.13563,11.46004],[76.14284,11.45163],[76.14791,11.45364],[76.153,11.453],[76.15858,11.45709],[76.16481,11.4589],[76.16778,11.46469],[76.1786,11.46939],[76.18411,11.4734],[76.18705,11.47789],[76.18274,11.48168],[76.18443,11.4843],[76.18547,11.48939],[76.18938,11.49237],[76.18939,11.49473],[76.19129,11.49845],[76.19593,11.50181],[76.1992,11.50648],[76.20598,11.50724],[76.21381,11.51],[76.21676,11.50972],[76.22194,11.51162],[76.22414,11.5097],[76.22617,11.51323],[76.22781,11.52103],[76.2293,11.52378],[76.23358,11.5285],[76.23854,11.52654],[76.2402,11.52775],[76.24488,11.52617],[76.24735,11.52762],[76.25049,11.52757],[76.24977,11.53731],[76.24726,11.54094],[76.24451,11.543],[76.24632,11.54589],[76.2427,11.54928],[76.24403,11.55445],[76.23875,11.55857],[76.23538,11.56675],[76.23341,11.56883],[76.23074,11.56748],[76.22965,11.56341],[76.22615,11.55911],[76.21908,11.55612],[76.21054,11.549],[76.2061,11.55285],[76.19867,11.56209],[76.19463,11.5653],[76.18568,11.56605],[76.18233,11.56238],[76.17951,11.56456],[76.17661,11.57289],[76.17443,11.58383],[76.17221,11.58801],[76.16927,11.59145],[76.1634,11.59595],[76.16109,11.60075],[76.16292,11.60402],[76.16944,11.60484],[76.1721,11.60268],[76.17686,11.60396],[76.179,11.61047],[76.1758,11.616],[76.17141,11.61824],[76.16645,11.62872],[76.16763,11.63198],[76.16551,11.63566],[76.16233,11.63702],[76.16146,11.6419],[76.15845,11.64608],[76.15824,11.64982],[76.15155,11.65091],[76.15068,11.65406],[76.14434,11.649],[76.1384,11.64963],[76.13521,11.65379],[76.13412,11.65827],[76.13523,11.66376],[76.13941,11.66937],[76.13784,11.67197],[76.13944,11.67602],[76.13296,11.67754],[76.13321,11.68041],[76.13508,11.68153],[76.13491,11.68545],[76.13951,11.68609],[76.14177,11.69303]]]},"properties":{"level":"block","code":"kalpetta","district":"WYD","lgd_code":6098}},{"type":"Feature","geometry":{"type":"Polygon","coordinates":[[[75.77205,11.80275],[75.77666,11.802],[75.7798,11.79919],[75.79314,11.79113],[75.79385,11.78486],[75.79175,11.77859],[75.78698,11.77523],[75.7898,11.77215],[75.7881,11.76509],[75.78387,11.76347],[75.78329,11.7607],[75.79414,11.75358],[75.79911,11.75341],[75.7996,11.75002],[75.79687,11.74643],[75.79083,11.74347],[75.79679,11.74283],[75.80243,11.74354],[75.81011,11.74292],[75.81144,11.74003],[75.81426,11.73986],[75.81921,11.73406],[75.82151,11.73337],[75.82425,11.72745],[75.82905,11.72512],[75.83129,11.72089],[75.83367,11.71914],[75.83734,11.71911],[75.84561,11.71424],[75.84585,11.70654],[75.84865,11.70558],[75.85114,11.70284],[75.8567,11.70291],[75.86273,11.70433],[75.86799,11.70207],[75.87267,11.70139],[75.87534,11.70433],[75.88233,11.69911],[75.89112,11.69946],[75.89755,11.69856],[75.9002,11.69922],[75.90431,11.69552],[75.90844,11.6942],[75.91538,11.69047],[75.92072,11.69149],[75.92341,11.69101],[75.92812,11.68779],[75.93238,11.68926],[75.9343,11.69211],[75.93929,11.69327],[75.94405,11.69635],[75.94883,11.69676],[75.95122,11.69581],[75.95453,11.69171],[75.95887,11.68902],[75.96224,11.6916],[75.96647,11.69903],[75.96777,11.70466],[75.97134,11.70666],[75.97834,11.70147],[75.97813,11.7049],[75.98543,11.70519],[75.98874,11.70763],[75.98944,11.71079],[75.99336,11.71088],[75.99658,11.70882],[76,11.70826],[76.00246,11.71277],[76.00416,11.71302],[76.00497,11.71665],[76.00396,11.72007],[76.00828,11.71944],[76.01289,11.72324],[76.01474,11.72165],[76.02,11.72366],[76.02342,11.72366],[76.02706,11.72664],[76.02526,11.72962],[76.02756,11.73486],[76.02512,11.73949],[76.02198,11.7413],[76.01837,11.74597],[76.01576,11.74614],[76.01673,11.74946],[76.02254,11.75485],[76.02103,11.7561],[76.02205,11.76194],[76.02181,11.76572],[76.03177,11.76864],[76.03314,11.77387],[76.03802,11.78076],[76.04796,11.78068],[76.05228,11.77449],[76.05359,11.7781],[76.05841,11.77665],[76.05934,11.77793],[76.06154,11.79024],[76.06116,11.79348],[76.0659,11.79532],[76.06925,11.79344],[76.07391,11.79786],[76.07851,11.80809],[76.0811,11.80933],[76.08497,11.80752],[76.08557,11.81252],[76.08871,11.81301],[76.09113,11.81714],[76.09019,11.82279],[76.08785,11.82683],[76.08904,11.82926],[76.08984,11.83451],[76.09529,11.83795],[76.10086,11.83887],[76.10435,11.84051],[76.1087,11.84087],[76.11384,11.84241],[76.11977,11.84794],[76.1217,11.85077],[76.12015,11.85034],[76.11704,11.85485],[76.1173,11.85776],[76.11286,11.85871],[76.1149,11.86683],[76.11246,11.88057],[76.11178,11.88772],[76.11336,11.89485],[76.11329,11.91787],[76.11262,11.93124],[76.11263,11.94602],[76.11226,11.96028],[76.11249,11.9785],[76.10477,11.97569],[76.09829,11.97174],[76.09465,11.96888],[76.08943,11.96735],[76.07971,11.96876],[76.07375,11.96819],[76.0701,11.96708],[76.06776,11.96364],[76.0635,11.96062],[76.05832,11.95799],[76.05204,11.95161],[76.04821,11.95189],[76.04482,11.95054],[76.04233,11.94602],[76.03874,11.94475],[76.03372,11.9403],[76.02823,11.94089],[76.02605,11.94335],[76.02238,11.94397],[76.01533,11.94107],[76.01312,11.94172],[76.00738,11.93902],[76.0032,11.93139],[75.99391,11.93227],[75.99042,11.93471],[75.98347,11.93272],[75.97927,11.93476],[75.9764,11.93371],[75.97071,11.9365],[75.96258,11.93897],[75.95637,11.9419],[75.95174,11.94064],[75.94741,11.94178],[75.9396,11.941],[75.93602,11.93452],[75.93063,11.93524],[75.92664,11.93327],[75.92519,11.92941],[75.92624,11.92459],[75.92532,11.91957],[75.93028,11.91662],[75.93153,11.91396],[75.93535,11.91184],[75.93733,11.9048],[75.93925,11.90325],[75.93647,11.90056],[75.93635,11.89069],[75.93374,11.88635],[75.92979,11.88199],[75.92496,11.88016],[75.91909,11.8802],[75.91578,11.87736],[75.91263,11.87614],[75.91427,11.87313],[75.91753,11.87045],[75.91936,11.87068],[75.9256,11.86361],[75.92807,11.86268],[75.93135,11.85812],[75.92932,11.85781],[75.92535,11.84818],[75.91776,11.8446],[75.91214,11.84559],[75.89778,11.8426],[75.89167,11.84258],[75.88783,11.84671],[75.88203,11.84505],[75.8795,11.84704],[75.87195,11.84891],[75.86521,11.84906],[75.86128,11.84991],[75.85712,11.84787],[75.85398,11.84779],[75.84761,11.85143],[75.84696,11.85487],[75.84096,11.85597],[75.83753,11.85326],[75.82868,11.85124],[75.82294,11.85349],[75.82005,11.85865],[75.81746,11.8563],[75.80936,11.85682],[75.80543,11.85387],[75.80515,11.85079],[75.80517,11.8483],[75.80075,11.84533],[75.79349,11.84585],[75.78994,11.84055],[75.78994,11.83588],[75.79301,11.83078],[75.79774,11.82735],[75.79881,11.81937],[75.7954,11.81664],[75.7878,11.81276],[75.78153,11.81023],[75.78079,11.80713],[75.77608,11.80368],[75.77205,11.80275]]]},"properties":{"level":"block","code":"mananthavady","district":"WYD","lgd_code":6099}},{"type":"Feature","geometry":{"type":"Polygon","coordinates":[[[76.14177,11.69303],[76.14405,11.69541],[76.14287,11.69803],[76.14844,11.70017],[76.15178,11.7038],[76.15317,11.70692],[76.15664,11.7091],[76.16174,11.7082],[76.16447,11.70995],[76.16565,11.71382],[76.16778,11.71362],[76.16831,11.7184],[76.16705,11.72114],[76.16098,11.72703],[76.15897,11.732],[76.15414,11.73534],[76.15628,11.73745],[76.16079,11.73948],[76.16748,11.74752],[76.1721,11.75],[76.17601,11.74999],[76.1788,11.75574],[76.18058,11.75577],[76.18789,11.7609],[76.19067,11.76414],[76.19416,11.7641],[76.19555,11.76645],[76.20362,11.77235],[76.20569,11.77683],[76.20631,11.78277],[76.21209,11.78449],[76.21813,11.79061],[76.22069,11.79529],[76.21882,11.80153],[76.21633,11.8038],[76.21737,11.80764],[76.21673,11.81425],[76.21836,11.81928],[76.21545,11.82357],[76.21411,11.82342],[76.21078,11.82787],[76.21118,11.83253],[76.21036,11.83465],[76.21161,11.84003],[76.21311,11.84231],[76.21119,11.84419],[76.2094,11.84942],[76.2069,11.86196],[76.20201,11.86241],[76.19838,11.86655],[76.19039,11.87121],[76.18526,11.87169],[76.17998,11.87019],[76.1735,11.87121],[76.16481,11.86757],[76.1575,11.87048],[76.1494,11.86642],[76.14608,11.867],[76.13922,11.85978],[76.13531,11.85755],[76.13093,11.85327],[76.12635,11.85303],[76.1217,11.85077],[76.11977,11.84794],[76.11384,11.84241],[76.1087,11.84087],[76.10435,11.84051],[76.10086,11.83887],[76.09529,11.83795],[76.08984,11.83451],[76.08904,11.82926],[76.08785,11.82683],[76.09019,11.82279],[76.09113,11.81714],[76.08871,11.81301],[76.08557,11.81252],[76.08497,11.80752],[76.0811,11.80933],[76.07851,11.80809],[76.07391,11.79786],[76.06925,11.79344],[76.0659,11.79532],[76.06116,11.79348],[76.06154,11.79024],[76.05934,11.77793],[76.05841,11.77665],[76.05359,11.7781],[76.05228,11.77449],[76.04796,11.78068],[76.03802,11.78076],[76.03314,11.77387],[76.03177,11.76864],[76.02181,11.76572],[76.02205,11.76194],[76.02103,11.7561],[76.02254,11.75485],[76.01673,11.74946],[76.01576,11.74614],[76.01837,11.74597],[76.02198,11.7413],[76.02512,11.73949],[76.02756,11.73486],[76.02526,11.72962],[76.02706,11.72664],[76.03095,11.72514],[76.03222,11.72251],[76.03028,11.71808],[76.02641,11.71924],[76.02538,11.71601],[76.02149,11.71062],[76.01529,11.70689],[76.01574,11.70249],[76.02053,11.70252],[76.02047,11.69547],[76.02257,11.69448],[76.02604,11.70049],[76.03138,11.69606],[76.0369,11.69568],[76.042,11.6908],[76.04592,11.68387],[76.05009,11.68382],[76.05342,11.68132],[76.06025,11.68529],[76.0596,11.69143],[76.06087,11.69482],[76.06382,11.69553],[76.0646,11.69806],[76.06414,11.70304],[76.06817,11.70592],[76.07182,11.70505],[76.07401,11.71019],[76.07814,11.71225],[76.08221,11.71589],[76.0848,11.72396],[76.08351,11.73262],[76.08553,11.73308],[76.085,11.73882],[76.09181,11.73593],[76.09711,11.72811],[76.09917,11.72391],[76.10144,11.72436],[76.10109,11.71948],[76.10305,11.71594],[76.10177,11.71241],[76.09902,11.70883],[76.09901,11.70648],[76.10121,11.70398],[76.10398,11.70402],[76.10683,11.70017],[76.10924,11.701],[76.10971,11.70371],[76.11291,11.70251],[76.12106,11.69749],[76.12515,11.69795],[76.12983,11.69487],[76.13834,11.69281],[76.14177,11.69303]]]},"properties":{"level":"block","code":"panamaram","district":"WYD","lgd_code":6693}},{"type":"Feature","geometry":{"type":"Polygon","coordinates":[[[76.23341,11.56883],[76.23452,11.57215],[76.24375,11.57849],[76.24921,11.58007],[76.25068,11.58229],[76.25618,11.58702],[76.2646,11.59094],[76.26493,11.59389],[76.2743,11.59368],[76.27562,11.59744],[76.27891,11.60094],[76.28609,11.5902],[76.29594,11.59042],[76.29888,11.58356],[76.2997,11.57601],[76.30238,11.57123],[76.31054,11.57739],[76.31592,11.57659],[76.3178,11.58158],[76.32232,11.58715],[76.33588,11.59574],[76.33996,11.59313],[76.3404,11.5872],[76.34623,11.58897],[76.35458,11.58931],[76.35902,11.59335],[76.3671,11.59833],[76.37431,11.60005],[76.37798,11.60191],[76.37827,11.60851],[76.38393,11.61205],[76.38308,11.61666],[76.38329,11.62404],[76.3881,11.62967],[76.40689,11.63428],[76.41757,11.63345],[76.4262,11.63357],[76.43006,11.63079],[76.43248,11.63129],[76.43455,11.63576],[76.44023,11.63984],[76.44343,11.64362],[76.44406,11.64719],[76.44321,11.6496],[76.43924,11.65271],[76.43637,11.65347],[76.43425,11.65743],[76.43135,11.6664],[76.42946,11.66624],[76.42818,11.66998],[76.42488,11.67144],[76.41913,11.6709],[76.41673,11.67174],[76.41559,11.67609],[76.4126,11.68276],[76.41316,11.68571],[76.4085,11.68952],[76.40982,11.69276],[76.41204,11.69469],[76.41087,11.70005],[76.40957,11.7016],[76.40888,11.70639],[76.40524,11.70586],[76.40346,11.70776],[76.40804,11.71477],[76.41184,11.7158],[76.41363,11.71102],[76.41606,11.71296],[76.41682,11.71784],[76.42066,11.71873],[76.42469,11.72091],[76.42744,11.72598],[76.4221,11.73829],[76.41817,11.7426],[76.41329,11.74016],[76.41086,11.74184],[76.4129,11.74652],[76.4123,11.75182],[76.41479,11.75501],[76.41423,11.75885],[76.41062,11.75887],[76.40521,11.75637],[76.3991,11.75094],[76.39759,11.75091],[76.3934,11.75503],[76.3902,11.75428],[76.38846,11.75128],[76.38395,11.7472],[76.38095,11.74694],[76.37699,11.74454],[76.36846,11.74814],[76.36246,11.74814],[76.35784,11.74422],[76.3525,11.73828],[76.35031,11.74019],[76.33974,11.739],[76.33529,11.74412],[76.32915,11.74828],[76.31889,11.7508],[76.31445,11.75691],[76.31362,11.76357],[76.31071,11.7673],[76.31008,11.77304],[76.30828,11.77823],[76.3077,11.78422],[76.30558,11.7859],[76.30151,11.78554],[76.29403,11.79176],[76.29024,11.79283],[76.28615,11.79811],[76.28437,11.80147],[76.28056,11.81107],[76.27687,11.81237],[76.27453,11.81092],[76.26775,11.80953],[76.25964,11.80869],[76.25688,11.80778],[76.25,11.80337],[76.24558,11.80293],[76.24161,11.80418],[76.23819,11.80348],[76.22704,11.80616],[76.22372,11.8082],[76.21855,11.81385],[76.21836,11.81928],[76.21673,11.81425],[76.21737,11.80764],[76.21633,11.8038],[76.21882,11.80153],[76.22069,11.79529],[76.21813,11.79061],[76.21209,11.78449],[76.20631,11.78277],[76.20569,11.77683],[76.20362,11.77235],[76.19555,11.76645],[76.19416,11.7641],[76.19067,11.76414],[76.18789,11.7609],[76.18058,11.75577],[76.1788,11.75574],[76.17601,11.74999],[76.1721,11.75],[76.16748,11.74752],[76.16079,11.73948],[76.15628,11.73745],[76.15414,11.73534],[76.15897,11.732],[76.16098,11.72703],[76.16705,11.72114],[76.16831,11.7184],[76.16778,11.71362],[76.16565,11.71382],[76.16447,11.70995],[76.16174,11.7082],[76.15664,11.7091],[76.15317,11.70692],[76.15178,11.7038],[76.14844,11.70017],[76.14287,11.69803],[76.14405,11.69541],[76.14177,11.69303],[76.13951,11.68609],[76.13491,11.68545],[76.13508,11.68153],[76.13321,11.68041],[76.13296,11.67754],[76.13944,11.67602],[76.13784,11.67197],[76.13941,11.66937],[76.13523,11.66376],[76.13412,11.65827],[76.13521,11.65379],[76.1384,11.64963],[76.14434,11.649],[76.15068,11.65406],[76.15155,11.65091],[76.15824,11.64982],[76.15845,11.64608],[76.16146,11.6419],[76.16233,11.63702],[76.16551,11.63566],[76.16763,11.63198],[76.16645,11.62872],[76.17141,11.61824],[76.1758,11.616],[76.179,11.61047],[76.17686,11.60396],[76.1721,11.60268],[76.16944,11.60484],[76.16292,11.60402],[76.16109,11.60075],[76.1634,11.59595],[76.16927,11.59145],[76.17221,11.58801],[76.17443,11.58383],[76.17661,11.57289],[76.17951,11.56456],[76.18233,11.56238],[76.18568,11.56605],[76.19463,11.5653],[76.19867,11.56209],[76.2061,11.55285],[76.21054,11.549],[76.21908,11.55612],[76.22615,11.55911],[76.22965,11.56341],[76.23074,11.56748],[76.23341,11.56883]]]},"properties":{"level":"block","code":"sulthan_bathery","district":"WYD","lgd_code":6100}}]}